{"type":"Topology","arcs":[[[112648,154688],[89,-23],[54,-64],[34,-2],[184,-164],[8,-80],[38,-56],[114,-101],[36,-66],[-9,-26],[12,-15],[-2,-27],[6,-19],[27,-51],[32,-30],[71,-17],[39,-106],[57,-66],[186,-104],[296,-125],[107,36],[61,-12],[12,-9],[36,2],[84,-36],[174,-36],[40,-38],[164,-66],[34,-2],[80,-57],[2,-28],[28,-21],[25,6],[30,-38],[56,-26],[80,-10],[53,-43],[-55,-50],[23,-149],[202,-121],[57,10],[53,-52],[24,-64],[-11,-62],[-95,-63],[-82,-26],[-69,-83],[-114,3],[-50,-9],[-22,36],[-23,11],[-30,0],[-100,-15],[-54,-34],[-103,-119],[-55,-98],[-72,-42],[-41,-138],[-75,-51],[-35,7],[-14,-26],[-59,-13],[-41,-91],[-93,25],[-25,-17],[-23,-35],[-64,-30],[-45,32],[-84,-70],[-75,-7],[-46,24],[-193,-68],[-46,4],[-96,47],[-9,63],[-70,85],[-116,76],[-360,134],[-89,11],[-61,44],[-94,20],[-141,-9],[-106,45],[-126,38],[-145,55],[-125,13],[-94,-7],[-205,-51],[-95,-70],[-69,-101],[34,-52],[-40,-2],[-14,-4],[-20,-12],[-16,-3],[-60,-34],[-38,30],[-12,60],[-36,46],[-7,102],[103,155],[6,-62],[73,-72],[77,70],[19,164],[-60,80],[-65,28],[-14,64],[-64,67],[-159,56],[-141,12],[-82,-14],[-162,-62],[-103,-91],[-38,-96],[21,-76],[-58,-96],[-13,-87],[-62,-59],[5,-60],[-25,-59],[-2,-74],[-167,-53],[-29,-57],[-128,-32],[-52,-51],[-54,-19],[-137,-126],[-44,-70],[-66,9],[-122,-23],[-164,-11],[-50,25],[-50,-31],[-80,0],[-57,-28],[-109,-130],[-44,-127],[-15,-89],[-10,-81],[-36,-426],[2,-310],[14,-110],[46,-45],[4,-104],[-32,-63],[-55,-62],[-49,-30],[2,-27],[-68,-75],[-30,-48],[-36,23],[-158,-40],[-86,16],[-89,-10],[-87,-34],[-65,-68],[-69,19],[-41,-21],[-20,-17],[-7,-9],[-16,-4],[-21,-17],[-52,-17],[-52,-27],[-12,-19],[-27,-3],[-45,-17],[-62,0],[-179,-55],[-108,-53],[-18,-140],[-77,-32],[-25,-95],[-41,-28],[-11,-83],[-39,-33],[-94,-123],[-34,-85],[-6,-62],[-91,-53],[-21,-19],[-20,-43],[-48,1],[-107,55],[-21,31],[-155,143],[-132,63],[-66,-12],[-59,34],[-63,-3],[-55,-34],[-169,-21],[-23,-40],[-125,38],[-18,40],[-105,92],[-40,17],[-19,25],[-41,36],[-57,11],[-50,85],[-57,65],[18,51],[-36,121],[-64,64],[-20,53],[7,9],[0,29],[7,26],[-28,30],[-4,59],[-28,11],[-18,97],[-45,51],[2,64],[-34,85],[-52,32],[-57,171],[18,34],[-12,87],[-16,138],[10,24],[-18,36],[-1,65],[9,87],[39,64],[44,138],[43,112],[2,37],[-16,15],[46,46],[13,89],[2,138],[19,51],[15,21],[0,81],[26,45],[43,31],[55,72],[52,109],[80,68],[50,85],[16,10],[16,49],[45,36],[125,236],[18,82],[3,223],[-27,57],[49,34],[35,5],[15,0],[16,8],[116,-13],[87,-31],[52,53],[64,144],[21,134],[7,157],[-51,112],[91,53],[21,144],[41,68],[-23,113],[41,85],[-11,140],[-59,231],[-48,87],[47,83],[3,45],[-44,48],[-47,196],[-19,38],[-131,38],[22,53],[-47,74],[-34,117],[-80,64],[-19,61],[-40,26],[-35,53],[-23,6],[-11,53],[-30,96],[-61,57],[-18,66],[-130,157],[-146,153],[-104,61],[-100,13],[-59,55],[-148,2],[-16,21],[-60,3],[-29,-11],[-9,-6],[-12,4],[-29,2],[-53,0],[-216,59],[-34,51],[5,24],[-35,46],[-13,57],[-60,117],[-27,0],[3,26],[-10,23],[-38,40],[-9,87],[-59,19],[-44,49],[-20,72],[6,92],[-138,108],[-85,-25],[-43,35],[-89,3],[-95,38],[-96,-13],[2,26],[-16,34],[-102,-1],[-52,45],[-39,102],[-43,57],[-34,9],[-35,108],[82,78],[7,49],[-114,251],[-40,15],[18,154],[47,77],[-22,30],[71,227],[29,-5],[27,7],[14,8],[0,13],[54,11],[46,48],[7,30],[-2,17],[40,21],[60,60],[14,66],[104,120],[57,117],[82,261],[7,58],[-19,51],[26,122],[29,41],[14,51],[-9,53],[-44,80],[10,39],[2,15],[-7,19],[5,4],[0,30],[9,27],[-16,11],[-9,8],[-10,13],[-2,6],[-2,0],[-4,0],[16,45],[-23,96],[7,6],[-3,13],[7,23],[0,17],[21,76],[-55,138],[-30,128],[0,99],[-25,106],[-36,34],[-14,100],[-30,68],[14,47],[-16,129],[26,55],[54,41],[78,36],[-3,49],[39,40],[64,51],[15,53],[-4,34],[48,36],[54,116],[37,-4],[16,7],[2,15],[16,2],[20,19],[155,99],[68,11],[92,28],[59,42],[127,15],[130,-17],[127,28],[83,-28],[56,40],[105,-55],[123,26],[104,-13],[87,34],[185,127],[13,83],[37,51],[-1,49],[74,29],[143,94],[84,2],[107,98],[93,2],[116,78],[50,121],[-29,42],[114,226],[29,10],[41,85],[32,21],[69,104],[43,93],[145,-169],[139,-34],[46,-28],[11,-47],[78,-57],[-10,-72],[25,-89],[48,-74],[167,-5],[188,39],[125,57],[32,79],[14,93],[-54,170],[11,123],[32,55],[145,134],[59,27],[105,98],[100,155],[-2,38],[39,19],[118,174],[-14,34],[41,47],[121,155],[134,116],[30,75],[30,23],[20,2],[61,36],[37,9],[71,29],[248,157],[116,55],[32,35],[91,36],[38,48],[53,-19],[47,47],[33,100],[49,68],[10,144],[-9,74],[-53,30],[-41,-2],[-7,10],[-32,-12],[-54,84],[11,15],[-29,39],[-32,95],[-44,40],[3,53],[-77,109],[-83,57],[-91,30],[5,38],[-48,157],[-14,11],[-57,21],[0,42],[-8,11],[-3,0],[-4,-4],[-5,0],[-2,4],[-5,0],[-6,29],[-10,18],[-31,86],[-62,30],[-4,4],[-3,13],[-2,-6],[-9,0],[2,17],[-25,17],[-7,19],[12,51],[-62,30],[-177,133],[-87,34],[-111,74],[-60,64],[-81,36],[-87,123],[-14,62],[-14,25],[-18,17],[-36,74],[-111,92],[15,36],[3,81],[29,38],[30,89],[-14,131],[69,66],[24,93],[-59,56],[53,0],[36,36],[25,95],[39,62],[13,123],[-6,104],[-35,49],[66,15],[66,-15],[48,10],[64,-17],[36,11],[21,15],[57,-13],[41,-2],[70,23],[30,-2],[34,-23],[59,-13],[19,0],[29,8],[132,58],[109,83],[10,14],[-1,22],[-15,15],[45,50],[32,104],[-55,56],[133,19],[41,25],[81,-38],[89,-15],[30,-36],[13,-62],[23,-29],[114,15],[11,-53],[55,-73],[55,-23],[16,-47],[50,-29],[29,-24],[19,-29],[66,-56],[65,-16],[-7,-9],[1,-6],[34,-22],[11,-40],[32,-42],[89,-22],[31,-51],[108,-70],[36,-4],[46,15],[109,-19],[0,-2],[6,-11],[7,-13],[23,-61],[14,-6],[11,2],[43,13],[14,-60],[-66,-57],[28,-75],[52,-40],[107,-34],[107,-15],[16,-10],[39,-7],[17,-12],[33,-5],[15,11],[32,-27],[76,-20],[77,-21],[64,6],[40,-34],[14,-12],[7,-7],[9,-4],[11,-13],[16,-6],[53,7],[-12,-41],[10,-23],[34,-19],[155,-70],[33,10],[119,-27],[2,-38],[11,-39],[-38,-108],[38,-42],[99,-56],[168,-16],[173,17],[89,19],[11,29],[41,-17],[61,45],[-13,40],[70,94],[26,-94],[74,-21],[28,8],[14,11],[24,0],[41,15],[7,-4],[14,-3],[55,34],[23,-14],[2,0],[2,0],[2,0],[5,2],[2,-2],[18,0],[25,8],[43,-2],[62,55],[-16,28],[-5,17],[5,6],[-7,9],[69,38],[52,-2],[16,-5],[13,0],[3,-2],[4,2],[12,7],[-3,13],[41,-11],[46,8],[11,2],[7,3],[5,0],[9,2],[0,6],[13,4],[73,36],[37,32],[52,11],[5,6],[15,4],[12,9],[2,-2],[7,2],[4,-2],[10,0],[7,2],[34,0],[16,2],[16,-4],[18,-6],[7,0],[27,6],[14,0],[9,4],[0,-2],[4,2],[3,0],[4,0],[2,0],[9,-2],[10,2],[20,-10],[82,4],[-23,-64],[28,-70],[-14,-119],[-105,-61],[80,-68],[32,-62],[77,-51],[45,-57],[80,-30],[142,4],[170,-72],[86,-6],[53,-32],[143,-53],[25,-23],[18,-5],[64,-46],[44,-19],[73,-7],[145,-74],[34,-8],[109,36],[297,119],[266,137],[148,96],[16,64],[127,99],[53,-42],[47,-110],[18,10],[-34,130],[32,80],[87,22],[-7,53],[27,63],[69,-12],[122,104],[306,352],[58,91],[180,189],[80,132],[62,59],[75,117],[-16,133],[59,185],[-30,91],[25,117],[30,66],[-23,269],[-129,246],[-51,115],[-43,62],[-25,19],[-52,140],[-144,142],[-48,151],[-25,16],[-25,24],[-4,25],[-9,5],[-12,42],[-2,98],[21,25],[-14,53],[32,43],[2,21],[28,34],[29,72],[64,95],[48,179],[6,87],[-23,129],[-141,125],[-13,74],[-39,88],[-57,68],[-18,125],[-5,131],[-77,161],[-9,87],[-27,73],[-16,36],[-21,32],[-14,104],[5,68],[64,87],[-2,31],[61,72],[48,96],[95,78],[60,138],[-12,71],[28,72],[79,97],[96,49],[50,49],[86,19],[142,78],[52,39],[107,29],[41,38],[48,28],[11,-13],[18,-8],[44,-4],[102,10],[13,7],[12,10],[95,4],[32,24],[62,114],[39,45],[77,36],[82,-15],[0,-36],[66,-17],[55,28],[20,55],[68,-19],[60,13],[24,67],[83,13],[57,45],[49,91],[76,23],[86,181],[107,150],[48,24],[39,129],[29,134],[46,-6],[6,133],[33,96],[-60,-9],[-20,43],[86,14],[-4,51],[43,122],[-2,36],[52,44],[23,62],[18,146],[-14,49],[16,98],[3,191],[-5,195],[-20,216],[-53,406],[5,118],[36,70],[-2,255],[-16,202],[-14,108],[30,216],[-34,172],[4,41],[-55,271],[10,51],[-16,144],[13,19],[108,15],[84,79],[56,87],[41,140],[67,185],[56,31],[66,83],[21,130],[130,127],[88,106],[89,168],[66,180],[46,206],[30,371],[-10,196],[21,65],[14,176],[47,85],[41,9],[36,61],[41,145],[19,180],[20,367],[-4,181],[-34,324],[-35,206],[-24,53],[18,64],[-60,363],[-98,409],[-70,274],[-62,204],[-52,106],[-34,100],[4,72],[-43,138],[-114,290],[-166,391],[-214,460],[-66,136],[-118,232],[-184,348],[-112,203],[-178,336],[-56,129],[-50,157],[-44,106],[-32,108],[-4,68],[27,174],[-11,62],[29,89],[137,161],[37,30],[113,134],[46,87],[43,137],[-36,151],[59,28],[173,197],[66,108],[41,138],[0,104],[-96,111],[-59,97],[-30,138],[0,145],[48,176],[61,101],[181,-174],[49,-99],[50,-13],[-38,-87],[139,-55],[70,2],[30,-83],[79,-4],[199,45],[40,42],[5,78],[109,-74],[94,-17],[204,26],[199,74],[152,78],[130,96],[75,72],[71,104],[50,104],[-39,85],[9,72],[41,51],[-4,119],[54,21],[53,53],[9,64],[79,55],[78,28],[129,4],[67,49],[49,-41],[98,-23],[57,-57],[46,-125],[22,-145],[189,-193],[89,-25],[35,-37],[88,-27],[39,-60],[7,-103],[88,-70],[-13,-94],[70,-106],[66,-64],[107,-85],[180,-99],[253,-164],[269,-152],[140,-85],[112,-117],[102,-146],[285,-315],[296,-360],[175,-191],[226,-221],[268,-274],[73,-72],[127,-142],[130,-130],[37,-23],[138,-159],[98,-95],[180,-143],[189,-191],[151,-146],[40,-17],[139,0],[-45,-70],[75,-121],[32,-23],[57,-11],[-3,-36],[114,-55],[-4,-143],[40,-61],[42,-25],[-42,-45],[25,-68],[42,-53],[47,-15],[85,-72],[40,-79],[99,-74],[13,-136],[86,-78],[-27,-57],[-2,-119],[70,-98],[158,-172],[148,-63],[31,-45],[0,-62],[82,-101],[41,-111],[46,-59],[11,-62],[32,-34],[105,-27],[45,-56],[28,-89],[152,-144],[-11,-70],[150,-121],[89,-176],[73,-79],[132,-89],[66,-80],[77,-45],[39,-85],[55,-21],[72,-96],[94,-78],[86,-23],[5,-32],[111,-104],[105,-53],[84,-91],[86,-26],[0,-28],[67,-97],[180,-98],[29,-59],[177,-168],[76,2],[45,-70],[2,-78],[80,-55],[14,-66],[88,-28],[17,-51],[152,-206],[148,-137],[346,-227],[95,-54],[85,-6],[46,-93],[150,-107],[148,-95],[189,-112],[232,-149],[509,-295],[105,-17],[25,-61],[-2,-66],[32,-38],[266,-160],[82,-44],[271,-149],[255,-131],[70,-15],[64,-104],[27,-138],[41,-77],[51,18],[43,-54],[-21,-27],[69,-59],[237,-151],[445,-219],[410,-186],[353,-147],[153,-62],[403,-152],[20,-22],[178,-67],[329,-128],[385,-133],[312,-94],[53,-4],[50,-42],[411,-122],[599,-165],[412,-100],[303,-63],[555,-90],[119,0],[25,20],[114,-3],[89,-67],[100,-34],[464,-107],[104,0],[98,-27],[144,6],[128,41],[50,63],[58,-38],[33,-98],[24,-125],[-38,-138],[25,-31],[-28,-77],[76,-38],[-5,-72],[-34,-24],[-14,-78],[50,-68],[84,-72],[144,-66],[-16,-136],[89,-110],[-14,-40],[34,-70],[196,-115],[168,-76],[151,-56],[289,-95],[271,-68],[400,-87],[164,-26],[440,-59],[405,-36],[236,-8],[239,-1],[12,26],[104,-15],[167,4],[401,43],[190,34],[224,55],[79,104],[201,66],[43,31],[-5,75],[114,129],[96,26],[163,89],[42,57],[57,21],[182,142],[16,47],[63,62],[76,210],[100,-11],[98,81],[25,66],[66,19],[72,83],[98,21],[-4,48],[77,24],[43,28],[10,10],[13,19],[27,51],[-7,81],[83,76],[75,36],[111,21],[3,26],[106,85],[80,44],[34,-4],[12,34],[177,138],[55,70],[88,17],[73,53],[66,95],[44,-4],[29,51],[71,22],[84,74],[91,32],[82,53],[128,57],[68,80],[75,119],[73,166],[68,100],[-5,48],[62,64],[155,123],[57,32],[-1,43],[80,82],[30,0],[71,66],[45,125],[162,91],[32,68],[-23,17],[34,41],[5,36],[20,12],[-7,28],[125,115],[69,-36],[29,-17],[27,-2],[-31,-77],[11,-63],[30,-28],[38,-11],[12,-57],[-44,-40],[14,-49],[4,-43],[12,-29],[-9,-38],[63,-109],[42,-108],[36,-21],[2,-55],[-11,-20],[2,-38],[-13,-29],[-21,-3],[5,-38],[-25,-8],[-16,-19],[-35,-17],[-41,-53],[19,-81],[-27,-32],[15,-64],[-88,-91],[-39,-82],[-2,-60],[4,-17],[-34,-57],[-78,-34],[-18,-60],[-70,-72],[-43,-82],[-51,-13],[-38,-81],[-78,-74],[-155,-100],[-68,-119],[-45,-163],[-39,-59],[-43,-134],[14,-115],[27,-89],[-55,-57],[3,-40],[-132,-206],[-146,-75],[-44,-78],[-145,-127],[-30,-83],[-121,-117],[-66,-49],[-47,-108],[-59,-28],[-51,-118],[-50,-62],[-27,-110],[-46,-62],[-18,-85],[-54,-53],[-46,-127],[-86,-96],[-18,-49],[24,-95],[-29,-74],[43,-113],[-50,-208],[-91,-201],[-95,-53],[-71,-73],[21,-135],[-37,-60],[39,-136],[7,-129],[36,-100],[130,-161],[77,-59],[18,-73],[96,-169],[104,-143],[35,-99],[55,-58],[42,-110],[-8,-49],[66,-68],[109,-51],[423,-155],[126,-31],[172,-66],[198,-42],[265,-66],[209,-79],[82,-63],[64,-92],[34,-129],[-41,-85],[-84,-55],[-94,-21],[-166,16],[-18,60],[52,2],[-13,68],[84,9],[13,-26],[126,-4],[68,83],[0,76],[-50,53],[2,49],[-59,38],[-75,9],[-93,57],[-201,-83],[-4,79],[-82,-9],[-44,49],[1,61],[-174,32],[-125,6],[-73,64],[-97,21],[-105,-4],[36,-66],[-18,-80],[-29,-79],[129,-100],[62,-16],[-37,-100],[78,-100],[-14,-89],[130,-172],[64,-183],[-5,-76],[14,-129],[36,-159],[64,-191],[16,-79],[11,-170],[68,-212],[57,-136],[53,-99],[49,-54],[0,-46],[66,-113],[87,-123],[139,-157],[173,-159],[87,-68],[188,-125],[85,-106],[45,-34],[119,-11],[106,-32],[80,-12],[116,-49],[155,-49],[52,-38],[64,21],[59,-68],[39,2],[45,81],[48,36],[7,64],[71,106],[45,6],[44,55],[-19,43],[43,17],[39,36],[41,-13],[130,72],[-18,60],[118,14],[73,60],[66,121],[134,102],[94,17],[50,46],[56,13],[44,64],[84,47],[-4,40],[70,66],[30,59],[97,11],[75,-54],[44,15],[63,-21],[107,-27],[192,-5],[88,62],[80,19],[34,-19],[44,72],[38,19],[41,-64],[157,-31],[44,-28],[186,17],[60,-21],[-44,-62],[-20,-10],[-10,-15],[3,-66],[32,-23],[-84,-55],[-98,-17],[-32,-54],[-142,-86],[-102,-70],[-148,-5],[-18,-70],[-77,41],[-76,16],[-86,-29],[-37,-57],[-99,-3],[-101,-78],[-61,-15],[-78,28],[-173,0],[-168,-58],[-68,-44],[-19,-56],[32,-44],[-45,-28],[-46,-70],[-20,-23],[-9,-38],[-48,-32],[-45,-15],[-37,62],[-121,-43],[18,-29],[-40,-96],[-42,-66],[-40,-255],[-37,-53],[14,-65],[52,-38],[-95,-62],[-100,-9],[-42,-78],[55,-51],[3,-70],[-49,-47],[-88,5],[-36,34],[-51,-68],[7,-51],[53,2],[72,-106],[-29,-24],[-198,-57],[-18,76],[82,22],[-32,93],[-64,59],[-128,39],[-213,4],[-101,-17],[-136,6],[-178,-31],[-232,-20],[-84,-21],[-32,-23],[-132,2],[-34,-49],[-85,2],[-82,-59],[-84,40],[-95,13],[-410,-153],[-46,-36],[-6,-23],[-64,-22],[-46,-67],[-88,-34],[-108,-22],[-102,22],[-73,53],[-22,49],[-76,10],[-211,-72],[-85,-83],[-74,-17],[-76,-114],[-23,-100],[0,-111],[37,-133],[61,-28],[100,7],[33,-20],[159,34],[61,-57],[-102,-21],[-27,-62],[-135,-10],[-41,65],[-66,28],[-118,9],[-66,-30],[-82,-104],[21,-74],[-41,-41],[9,-85],[-139,-25],[-85,-34],[-66,-78],[-154,-13],[-62,-96],[12,-61],[38,-28],[-47,-100],[-76,-31],[-32,-30],[-88,-26],[-39,24],[-114,-56],[-66,-61],[-96,-8],[-54,44],[-46,-27],[-93,53],[-96,17],[-9,-49],[-54,13],[-84,0],[-28,33],[-150,-25],[-50,-21],[-52,36],[-23,68],[-141,65],[38,32],[-23,49],[-61,40],[-125,9],[11,32],[30,51],[-20,95],[150,145],[-208,86],[-91,15],[-123,-2],[-145,-34],[-64,-42],[-137,-155],[-125,-115],[-52,-101],[-75,-109],[-48,-110],[-16,-115],[21,-46],[104,-51],[91,-128],[69,-10],[146,-119],[90,-53],[-100,-28],[-296,-2],[-346,47],[-86,-4],[-93,25],[-80,49],[-64,11],[-116,-5],[-87,51],[-163,0],[-130,-23],[-191,17],[-82,-9],[-82,-31],[-160,42],[-138,-21],[-125,-64],[-115,-28],[-204,53],[-85,-10],[-90,80],[-135,3],[-70,42],[-132,34],[-73,87],[-121,-17],[-71,42],[57,39],[-9,97],[-97,92],[-82,27],[-76,-40],[-48,17],[-166,19],[0,45],[-81,-7],[-148,26],[-100,-3],[-374,-65],[-187,-38],[-198,-52],[-304,-110],[-162,-74],[-109,-77],[-182,-84],[-71,10],[-94,-51],[-147,-55],[-146,-74],[-232,-138],[-351,-216],[-271,-177],[-275,-197],[-210,-170],[-166,-134],[-212,-197],[-34,-51],[-52,-30],[-80,-76],[-57,-34],[-170,-144],[-89,-102],[-32,-8],[-193,-155],[-180,-160],[-198,-165],[-151,-142],[-177,-144],[-73,-75],[-80,-57],[-98,-102],[-161,-151],[-185,-191],[-437,-492],[-327,-414],[-210,-238],[-6,-19],[-174,-227],[-56,-110],[-294,-450],[-39,-81],[-204,-343],[-67,-130],[-34,-121],[-100,-161],[-79,-172],[-32,-115],[54,-48],[-47,-72],[-49,23],[-11,-68],[18,-43],[-95,-244],[-16,-171],[25,-45],[29,-27],[7,-85],[43,-37],[-17,-104],[15,-34],[28,-25],[97,-47],[-24,-97],[24,-21],[-24,-147],[-73,-140],[-3,-93],[-40,-143],[-17,-127],[37,-93],[-39,-81],[-68,-238],[-4,-99],[29,-68],[7,-83],[-18,-68],[-130,-44],[-50,-94],[9,-53],[-107,-49],[-41,-44],[-93,-140],[-85,-225],[-40,-140],[-30,-236],[39,-68],[9,-70],[-39,-8],[-100,114],[-30,24],[-13,4],[-10,0],[-63,95],[-98,32],[-66,38],[2,15],[-18,38],[-84,28],[-32,64],[-52,30],[-76,59],[-22,138],[-94,125],[-25,72],[-98,104],[-129,70],[-53,55],[-70,26],[-66,64],[-226,106],[-50,42],[-434,172],[-71,42],[-14,66],[-77,53],[-87,21],[-88,117],[-12,40],[-86,35],[-84,10],[-94,32],[-116,2],[-87,60],[-50,-7],[-134,19],[-87,-12],[-99,38],[-187,44],[-116,-6],[-101,17],[-102,81],[-114,59],[-104,38],[-60,49],[-57,89],[-104,26],[-128,8],[-72,61],[-114,20],[-87,-3],[-55,51],[-91,15],[-88,-12],[-76,63],[-100,108],[-90,53],[-80,79],[-107,25],[-64,58],[-141,78],[-43,38],[-135,17],[-204,58],[-297,157],[-99,-15],[-158,85],[-195,201],[-9,45],[-101,66],[-170,30],[-39,2],[-55,-11],[-31,34],[-62,38],[-59,15],[-82,47],[-61,19],[-67,93],[-36,24],[-191,84],[-116,94],[-162,76],[-64,58],[-120,72],[-21,50],[-77,92],[-200,174],[-137,87],[-21,49],[-43,50],[-71,37],[-11,65],[-125,107],[-121,55],[-63,42],[-230,66],[-237,32],[-271,6],[-66,74],[-223,53],[-136,20],[-69,63],[-27,75],[-121,93],[-154,70],[-123,121],[6,27],[-95,73],[-118,61],[-46,70],[-96,68],[-45,7],[-121,169],[-221,89],[-245,79],[-167,66],[-77,40],[29,61],[-84,-2],[-95,-91],[-144,45],[21,59],[-200,76],[-187,26],[-164,38],[-209,11],[-140,-7],[-15,24],[-101,0],[-234,-21],[143,93],[314,129],[94,15],[-25,47],[-433,-174],[-102,-28],[-39,73],[-34,-28],[27,-106],[-61,-22],[5,-72],[-48,-2],[-5,66],[-257,-40],[-412,-100],[-255,-85],[-296,-112],[-357,-172],[-321,-176],[-321,-191],[-116,-81],[-75,-79],[-75,-25],[-221,-151],[-537,-416],[-71,-61],[-84,-17],[-55,10],[-114,-65],[-79,-62],[-80,7],[-135,-105],[-304,-265],[-37,-21],[-171,-176],[-195,-233],[13,-54],[-77,-16],[-177,-173],[-87,-106],[-11,-40],[-12,0],[-7,-4],[3,-28],[-18,-10],[18,-34],[-5,-36],[-27,-13],[-28,-38],[-81,12],[-33,28],[-52,25],[-54,11],[-57,-13],[-37,68],[-47,28],[-98,19],[-21,0],[-20,61],[-59,56],[-16,66],[154,69],[60,-55],[86,-31],[5,-81],[56,-43],[67,32],[-25,162],[218,38],[-50,32],[-175,-26],[16,79],[-273,48],[-33,28],[-70,-8],[-119,59],[-38,-2],[-71,102],[-25,208],[-31,136],[-46,116],[-125,221],[-87,115],[-63,38],[-178,46],[-103,77],[-70,80],[-102,53],[6,26],[-75,51],[-125,10],[-29,164],[-53,25],[36,83],[-63,117],[-93,99],[-110,58],[-159,144],[-34,28],[-91,2],[13,46],[-29,28],[-107,38],[-73,7],[-141,-11],[-59,13],[-112,-26],[-80,3],[-216,-77],[-43,-28],[-9,5],[-41,10],[-85,-31],[-72,-54],[-103,34],[-38,43],[-100,28],[-71,57],[-53,34],[-38,15],[-36,-11],[-17,13],[-81,2],[-41,-49],[-146,-4],[-143,51],[-73,-38],[-208,-172],[-220,-208],[-130,-142],[-212,-270],[-125,-185],[-141,-237],[-94,-172],[-161,-342],[-121,-312],[-79,-250],[-60,-278],[-2,-111],[-16,-138],[9,-152],[67,-223],[91,-121],[95,-62],[112,-27],[100,-55],[125,-41],[86,2],[98,-19],[55,15],[84,-23],[93,-64],[92,-142],[66,-23],[50,-51],[77,-24],[73,-104],[116,-34],[48,-102],[105,-80],[65,-21],[116,-81],[74,-110],[61,-66],[123,-72],[48,-5],[131,-82],[48,-2],[182,-43],[294,64],[321,129],[84,5],[84,-22],[110,-4],[50,26],[84,86],[86,-8],[85,-83],[148,-78],[123,-30],[25,-28],[43,-163],[70,-129],[99,-68],[61,-17],[57,17],[16,-85],[-7,-102],[68,-66],[25,-85],[55,-78],[178,-115],[81,-85],[94,-42]],[[111423,152360],[-2,-4],[-12,6],[-11,11],[23,19],[14,-11],[-12,-21]],[[140982,164214],[112,-8],[0,-1],[-180,11],[0,2],[68,-4]],[[140739,164114],[111,0],[0,-2],[-168,0],[0,2],[57,0]],[[155781,169634],[127,-94],[91,-42],[143,-25],[174,19],[-25,-62],[-135,-167],[-20,-87],[100,-98],[-2,-49],[-30,-4],[9,-26],[-23,-17],[-41,-4],[2,-17],[-113,-29],[-14,19],[-23,-17],[14,-24],[-134,-23],[-185,-96],[-66,43],[7,59],[-77,64],[-7,89],[-75,104],[-69,15],[-33,78],[-58,87],[-43,36],[-97,32],[184,89],[91,5],[118,61],[84,2],[126,79]],[[153759,168792],[82,-132],[157,-19],[89,23],[59,81],[18,-4],[9,2],[37,-2],[45,-53],[-81,-15],[-37,-81],[18,-42],[62,-24],[47,-110],[-136,-6],[-109,38],[-155,-32],[-34,42],[30,87],[-33,100],[-68,15],[-45,38],[-100,-11],[-53,53],[125,-8],[64,25],[9,35]],[[157231,170631],[40,-15],[91,-106],[60,-15],[138,7],[-20,-100],[20,-27],[28,-13],[9,-60],[-132,15],[-70,-8],[-107,47],[-87,-24],[-9,7],[-16,0],[-30,6],[-56,25],[-8,41],[133,102],[-14,95],[30,23]],[[155483,168656],[17,-64],[48,-42],[1,-54],[-107,-8],[-28,-45],[16,-33],[-39,-13],[-16,-17],[9,-41],[-88,30],[-28,2],[-27,-4],[-68,-19],[-5,-11],[-14,-2],[-34,-25],[-65,-92],[-35,-12],[-54,48],[-91,47],[29,36],[98,43],[-2,46],[105,51],[29,-67],[57,10],[-16,85],[68,-2],[-2,-58],[144,13],[9,66],[-43,25],[132,107]],[[154813,167979],[-48,-130],[-20,-12],[-7,-28],[-21,-4],[-58,34],[-64,89],[122,-21],[96,72]],[[151383,166457],[45,-70],[50,-30],[-106,-65],[-71,27],[-2,74],[84,64]],[[156045,168412],[-28,-100],[-63,29],[91,71]],[[151463,166544],[47,-51],[-61,-6],[14,57]],[[155942,168301],[19,-29],[-8,8],[-9,-2],[-4,-11],[-21,-6],[0,30],[23,10]],[[153787,168051],[13,-9],[11,-4],[-4,-13],[-5,-10],[-8,-4],[-12,4],[5,23],[-9,9],[9,4]],[[158013,169838],[0,-11],[-6,-6],[2,-7],[-13,4],[-10,-6],[-6,2],[9,15],[6,6],[18,3]],[[157968,169836],[0,-9],[7,-9],[-12,-12],[-15,6],[7,4],[-5,11],[5,6],[13,3]],[[151995,167213],[12,-7],[-3,-6],[-16,-2],[-13,-5],[-7,0],[5,9],[15,15],[7,-4]],[[151223,167646],[1,-3],[-7,-12],[-5,-15],[-9,-2],[4,14],[0,7],[16,11]],[[152014,167259],[-5,-17],[-5,-6],[-11,6],[5,13],[16,4]],[[152817,167563],[9,-5],[-12,-12],[-11,0],[-2,12],[11,0],[5,5]],[[158193,169903],[12,-6],[2,-6],[-5,-7],[-13,3],[-2,14],[6,2]],[[157963,169793],[10,-6],[-1,-11],[-8,-2],[-7,6],[-3,7],[9,6]],[[116126,166525],[-2,0],[-14,-49],[-34,-46],[-16,-20],[-73,-97],[-82,-64],[-50,-30],[-2,0],[50,32],[82,64],[73,95],[18,26],[31,40],[3,11],[11,40],[5,-2]],[[116444,171497],[-4,-2],[2,2],[2,2],[0,-2]],[[100178,149987],[100,-19],[139,9],[48,-15],[62,-100],[-3,-44],[-89,-60],[-104,-8],[-155,-55],[-14,118],[-34,72],[12,71],[38,31]],[[103966,148440],[77,-29],[21,-34],[-66,-53],[-36,14],[-39,-25],[4,57],[39,70]],[[101968,157018],[2,-32],[14,-38],[-5,-127],[-78,-100],[-2,-81],[-45,-66],[-98,-61],[-100,-113],[-35,-91],[-6,-165],[50,-51],[-39,-107],[5,-33],[9,-15],[-35,-74],[-27,-117],[-48,-104],[-9,-96],[-43,-48],[-25,-47],[-4,-47],[-55,-38],[-34,-49],[-66,-34],[-44,9],[-116,-32],[-59,-72],[11,-72],[-18,-11],[-45,108],[-77,32],[-67,45],[-43,-1],[-2,47],[14,9],[13,23],[9,76],[-18,73],[18,57],[-20,72],[-43,64],[13,32],[-7,21],[37,87],[2,68],[-59,106],[-27,89],[-60,80],[48,54],[-38,80],[11,5],[7,4],[9,12],[129,166],[1,42],[-3,28],[85,110],[38,5],[9,2],[5,6],[170,-15],[80,60],[68,4],[42,8],[18,11],[47,6],[14,11],[37,2],[20,4],[103,30],[29,-4],[30,8],[118,26],[107,57],[78,102]],[[108318,167043],[3,-2],[-1,0],[-4,2],[0,2],[2,0],[0,-2]],[[108325,167041],[-2,-2],[-2,4],[2,2],[2,-4]],[[110504,167297],[6,-4],[-9,-15],[-13,3],[-7,4],[6,10],[7,-2],[5,5],[5,-1]],[[116431,178309],[5,-46],[66,-52],[-130,-163],[-205,-28],[-12,66],[26,36],[38,3],[5,17],[48,19],[57,70],[102,78]],[[117241,178349],[27,-127],[-25,-53],[-82,-4],[-74,21],[-107,11],[-78,-5],[-30,32],[48,41],[78,31],[47,-6],[59,34],[137,25]],[[113490,188228],[29,-51],[71,-62],[5,-19],[9,-19],[38,-12],[-7,-36],[110,-85],[121,-19],[90,19],[67,34],[31,46],[-25,174],[133,-100],[47,-112],[96,-163],[-43,-13],[-42,-123],[16,-123],[-9,-51],[-25,-21],[18,-24],[19,-74],[2,-28],[0,-14],[2,-11],[5,-6],[-5,-9],[3,-13],[-10,-34],[12,-32],[-14,-46],[0,-15],[3,-11],[2,-42],[-12,-13],[-11,-25],[-13,-43],[-42,-25],[59,-206],[-36,-83],[-9,-46],[-50,-105],[20,-67],[-7,-98],[-36,-44],[-47,16],[-90,-14],[-72,93],[68,64],[14,59],[-52,163],[-114,111],[-35,63],[17,39],[-5,32],[-30,53],[-4,76],[-39,112],[-43,49],[2,7],[-7,27],[-18,9],[2,17],[-6,2],[-14,17],[4,6],[0,11],[-6,8],[-9,9],[-3,32],[66,31],[-13,62],[-33,34],[12,36],[0,28],[41,42],[-39,53],[59,76],[-22,87],[-76,62],[-129,28],[72,48],[14,41],[-29,44],[-46,7],[-2,110]],[[113465,188381],[41,-45],[-28,4],[-22,-6],[9,47]],[[115771,184699],[-71,-36],[-57,23],[-31,6],[6,47],[-187,87],[-91,106],[-109,32],[-118,91],[-36,90],[-74,46],[-27,74],[-66,30],[7,13],[-13,4],[-19,58],[7,36],[-25,34],[34,42],[-86,28],[93,48],[14,45],[-57,57],[4,64],[-29,70],[41,40],[41,60],[56,6],[57,104],[62,32],[55,0],[45,46],[25,66],[84,66],[94,-6],[143,-58],[77,-57],[-4,-70],[57,-30],[161,11],[89,-49],[35,57],[88,-46],[21,-77],[113,-32],[60,-52],[61,-90],[23,-61],[89,-149],[38,-229],[2,-108],[-56,-28],[-126,-119],[12,-36],[-64,-49],[-48,-2],[-16,-55],[-56,-46],[8,-41],[-58,-32],[-37,36],[-223,-72],[-18,-25]],[[120100,160246],[-30,-15],[0,2],[42,23],[198,22],[70,93],[-70,-94],[-198,-23],[-12,-8]],[[145465,163928],[47,-32],[-57,-79],[-65,24],[75,87]],[[145506,164072],[11,-7],[-3,-16],[-11,0],[-7,10],[1,11],[9,2]],[[147390,164823],[-45,-57],[-50,46],[95,11]],[[149198,169818],[-5,-14],[-16,8],[-13,0],[-32,-6],[-18,-2],[-16,-4],[-1,4],[34,12],[7,-4],[48,9],[12,-3]],[[148537,169878],[-22,-9],[-41,-23],[-27,-4],[-39,11],[-12,8],[37,-11],[14,-2],[24,2],[14,5],[18,12],[5,5],[16,4],[13,2]],[[149122,169990],[-2,-8],[-14,4],[-11,-4],[-2,-6],[-9,-3],[0,-16],[2,-9],[-13,2],[8,11],[0,19],[7,0],[12,8],[22,2]],[[161487,172915],[66,19],[96,-60],[-19,-57],[115,-19],[20,-51],[66,-6],[4,-47],[169,-168],[114,-42],[86,-62],[-45,-50],[-71,0],[-36,-37],[36,-80],[-59,-126],[-48,51],[-111,34],[-98,-36],[-43,-44],[-155,30],[-91,-41],[-46,-40],[5,-43],[64,-53],[45,3],[66,-34],[-107,-60],[-71,34],[-32,49],[-49,-13],[-62,23],[5,-74],[-60,-38],[-32,64],[-77,-72],[7,-77],[32,-25],[-52,-94],[-41,-21],[-73,23],[-107,-91],[-141,0],[-76,-17],[-11,-63],[7,-43],[-59,-19],[-23,-6],[-14,-9],[-79,79],[-82,49],[-85,-34],[3,-52],[-71,-44],[-2,-66],[32,-76],[-14,2],[-21,-8],[-2,-9],[-48,-26],[0,-69],[-56,10],[-64,-10],[-68,-45],[-51,-4],[-25,-11],[-36,53],[73,38],[-87,81],[-63,17],[-28,81],[-66,114],[27,40],[-25,49],[50,43],[-34,29],[-74,-2],[-41,-89],[58,-34],[-29,-53],[-150,-4],[45,49],[-68,49],[23,95],[127,91],[-13,104],[-92,49],[-81,185],[29,55],[69,8],[106,107],[144,-17],[182,46],[103,51],[91,-4],[68,-23],[32,23],[109,25],[84,-8],[96,25],[177,-68],[46,30],[-91,53],[-50,-6],[-69,40],[-15,72],[238,130],[35,44],[109,62],[50,66],[109,-34],[78,-134],[56,19],[-81,83],[-44,85],[41,19],[101,-91],[75,61],[-7,-87],[73,-11],[38,64],[-64,26],[-7,99],[60,24],[52,-17]],[[161239,171680],[37,-55],[-44,-52],[-77,41],[25,72],[59,-6]],[[160336,171423],[43,-49],[61,17],[-48,-81],[-38,13],[-18,100]],[[161637,172006],[30,-19],[-39,-25],[-7,36],[16,8]],[[160515,171451],[18,-22],[-24,-17],[-16,7],[22,32]],[[161794,172153],[-20,-4],[-4,10],[13,11],[7,0],[7,-7],[-3,-10]],[[161560,172083],[9,-2],[11,-11],[-8,-4],[-5,2],[-12,0],[-7,19],[8,2],[4,-6]],[[162133,172242],[-2,4],[5,22],[11,-11],[-6,-9],[-8,-6]],[[153782,174929],[-11,-55],[-71,-28],[-13,-100],[-66,-53],[-53,-138],[-9,-83],[23,-240],[-28,-27],[-81,15],[16,80],[-69,22],[-114,-11],[-75,-45],[-104,-127],[-64,-155],[-44,-55],[-52,-115],[-25,-104],[16,-146],[-7,-49],[-64,-68],[-22,-97],[-51,6],[-59,-2],[-97,-62],[-108,-33],[-154,-85],[-151,-45],[-120,11],[-121,-45],[-68,47],[-48,6],[-96,-30],[-75,-51],[-72,-91],[-44,-95],[-68,10],[-57,-72],[-39,-87],[-56,34],[-51,-23],[-50,-68],[-79,-204],[-3,-142],[-32,-146],[-13,-170],[20,-155],[-22,-180],[-32,-117],[-39,-225],[-9,-221],[-39,-157],[-2,-146],[-50,-138],[-82,-22],[-27,164],[23,193],[45,113],[34,195],[27,83],[-195,40],[-123,0],[-167,-19],[-107,-39],[-68,-2],[-184,-33],[-116,-43],[-48,62],[-50,103],[-27,136],[59,149],[5,125],[-32,66],[-50,197],[-62,130],[-78,72],[5,44],[61,96],[128,30],[150,48],[57,60],[-4,61],[34,85],[36,34],[60,136],[81,91],[32,13],[71,47],[55,21],[8,-4],[19,2],[27,4],[9,4],[276,136],[-5,72],[59,15],[98,51],[36,51],[212,61],[62,47],[-2,55],[34,96],[54,53],[94,32],[49,57],[98,51],[87,13],[103,106],[13,40],[175,75],[34,48],[-38,55],[16,32],[79,17],[85,53],[36,-2],[120,47],[155,93],[53,51],[-11,38],[49,73],[10,74],[-28,51],[7,80],[-27,70],[13,119],[82,49],[28,74],[61,41],[39,82],[59,34],[82,104],[7,49],[102,83],[57,21],[87,60],[111,125],[50,36],[60,98],[84,89],[48,172],[82,82],[104,145],[18,48],[205,160],[102,59],[101,83],[89,4],[61,121],[84,38],[43,70],[75,64],[74,91],[63,121],[39,49],[5,110],[33,53],[3,57],[38,122],[-33,86],[143,98],[39,76],[41,22],[8,23],[58,47],[81,95],[23,60],[27,38],[26,55],[32,51],[61,115],[82,229],[148,133],[70,24],[69,80],[36,17],[66,75],[105,32],[139,4],[54,48],[35,-6],[-5,-68],[59,-36],[59,-2],[52,-34],[-4,-38],[73,-60],[91,-25],[16,-19],[30,-19],[88,-28],[64,-169],[46,-90],[38,-25],[94,-9],[20,-59],[55,-28],[45,15],[71,-13],[36,-84],[241,-56],[157,-63],[48,-47],[116,-4],[237,25],[135,24],[40,-11],[289,-19],[164,4],[155,17],[262,51],[211,62],[91,42],[53,85],[155,53],[-160,-235],[-56,-191],[-50,-47],[-32,-79],[-19,-104],[12,-32],[-114,-50],[-28,-64],[-122,-28],[-89,-114],[-84,44],[-141,136],[-78,45],[-125,0],[-95,-24],[-312,-148],[-126,-128],[-57,-78],[10,-76],[-42,-32],[60,-47],[-69,-21],[-95,2],[-46,-34],[-7,-76],[-61,-5],[-68,-68],[13,-40],[-109,-21],[-111,-93],[-48,-96],[-80,8],[-66,-23],[-45,15],[-76,-26],[-154,-2],[-64,-21],[-98,21],[-198,-15],[-41,-23],[-148,0],[-71,24],[-88,-39],[-46,2],[-75,-31],[-143,19],[-96,-24],[-79,-44],[-176,-134],[-120,-112],[-94,-143],[-61,-220],[-46,-64],[-18,-63],[-62,25],[-49,-21],[-30,-68],[-196,-53],[-41,19],[-127,-45],[-71,-80],[-43,-75],[-71,32],[-98,-32],[-72,-57],[-60,-76],[-59,-30],[-130,-147],[-56,-123],[0,-48],[47,-34],[-11,-45],[-59,13],[-48,-21]],[[152626,173278],[4,-5],[-20,-6],[-12,-9],[-18,0],[5,5],[22,8],[7,5],[12,2]],[[152580,173254],[2,-8],[-9,-2],[-9,-7],[-20,0],[-5,-6],[-11,8],[14,3],[25,2],[13,10]],[[155075,175775],[18,-8],[-2,-6],[4,-9],[-7,-2],[-11,4],[-9,9],[0,8],[7,4]],[[170353,183447],[-34,-62],[-57,-44],[-73,12],[9,39],[-52,25],[-98,-64],[-61,34],[-164,-2],[-103,-32],[-211,-99],[-69,-7],[-68,-29],[-88,-5],[-76,26],[-100,68],[-59,19],[-103,66],[-109,104],[-22,40],[16,138],[-26,74],[-164,36],[-168,-12],[-87,-26],[-170,-81],[-130,-102],[-57,-59],[-120,-163],[-39,-117],[-9,-87],[57,-61],[148,-71],[79,2],[43,-19],[-8,-68],[-78,-31],[-77,-92],[-67,-103],[-61,-54],[-25,-84],[-59,-54],[-55,-91],[-13,-114],[-84,-70],[-17,-36],[-75,-49],[-84,-77],[-25,-53],[-82,-42],[-13,-34],[-80,-19],[-52,23],[-149,-36],[-113,-76],[-50,-51],[-10,-123],[-70,-56],[-100,5],[-94,-19],[-186,-71],[-52,-69],[-74,0],[-106,-54],[-116,-103],[-103,-34],[-77,-77],[-10,-49],[-54,-61],[-64,-43],[-96,-17],[-17,-36],[-80,-17],[-71,-82],[-7,-53],[-50,-28],[-54,-89],[15,-30],[-66,-30],[-58,-140],[-57,-17],[-87,-74],[-144,-216],[-38,-107],[-12,-127],[-43,-32],[-25,-91],[-72,2],[-1,-38],[-72,-30],[-80,-85],[-91,-67],[-34,-43],[-82,-25],[-55,15],[-164,-62],[-55,-7],[-84,-46],[-66,-7],[-114,13],[-191,79],[-154,-51],[-128,-77],[-132,-118],[-4,-45],[-64,-15],[-69,-59],[-115,-125],[-74,-100],[-68,-130],[-43,-48],[-5,-68],[-63,-85],[2,-28],[-77,-125],[22,-57],[-57,-73],[-141,-87],[-54,-61],[-101,-38],[-140,36],[-181,-7],[-143,45],[-45,36],[-109,23],[-83,62],[-27,64],[39,87],[-7,44],[36,55],[-11,47],[36,40],[55,187],[112,110],[57,88],[65,0],[133,38],[125,95],[125,145],[20,70],[-66,87],[-59,104],[-57,44],[-7,89],[37,57],[-4,102],[88,215],[59,-17],[-15,-85],[43,-66],[25,-157],[84,-72],[62,-87],[116,-28],[107,56],[179,171],[43,102],[16,96],[-24,78],[31,81],[-11,32],[-143,61],[-96,102],[39,51],[95,-9],[66,24],[85,-43],[68,17],[116,-55],[-2,-68],[77,-14],[27,-81],[52,-4],[74,31],[33,-17],[121,34],[41,36],[80,26],[57,42],[127,147],[41,23],[116,127],[117,51],[59,87],[68,170],[38,164],[10,102],[-10,101],[-36,87],[-36,38],[-166,-17],[-75,56],[-140,6],[-31,-19],[-135,53],[18,28],[-99,29],[-53,94],[-50,119],[12,59],[-19,74],[60,70],[207,74],[104,-59],[75,9],[37,-60],[88,4],[67,-78],[79,-64],[44,-68],[118,3],[170,50],[139,70],[64,227],[48,107],[39,42],[-2,151],[79,82],[121,49],[63,4],[21,56],[62,-24],[49,37],[53,0],[61,48],[69,-10],[403,216],[25,42],[79,35],[103,133],[88,51],[62,91],[100,104],[37,13],[81,117],[85,42],[22,34],[182,102],[146,-8],[87,78],[-28,96],[14,127],[-30,42],[39,90],[55,17],[-23,74],[29,42],[-4,121],[55,138],[15,106],[-43,134],[-84,25],[-87,55],[-86,26],[91,49],[171,-49],[75,-40],[120,36],[67,-36],[95,-15],[19,-43],[-33,-31],[73,-88],[101,-42],[261,-15],[32,-49],[96,-12],[104,32],[103,50],[5,22],[209,83],[66,91],[2,91],[-20,47],[29,49],[-57,95],[7,85],[68,36],[44,104],[4,93],[116,74],[60,32],[29,51],[-13,66],[36,47],[187,36],[66,-23],[111,137],[41,-16],[18,14],[82,-8],[62,19],[91,62],[95,10],[69,-49],[20,-44],[134,34],[59,85],[67,38],[22,49],[-36,40],[70,83],[42,87],[-16,87],[-108,48],[32,107],[-27,57],[43,138],[-18,55],[-36,30],[-34,112],[-39,45],[16,83],[-44,87],[-9,74],[26,82],[-51,90],[0,34],[76,99],[38,94],[75,100],[-9,31],[50,62],[89,64],[62,95],[70,68],[173,76],[16,-23],[119,-53],[34,-49],[88,-44],[59,-3],[-18,-76],[26,-165],[81,-87],[-47,-28],[45,-106],[28,-113],[49,-99],[73,-79],[50,-8],[14,-43],[-46,-76],[12,-58],[48,-46],[34,-102],[-23,-70],[39,-106],[75,-9],[25,-59],[52,-38],[18,-81],[76,-45],[255,-67],[277,-28],[274,2],[569,57],[193,26],[339,64],[168,40],[326,100],[87,46],[-1,51],[74,58],[0,42],[72,27],[182,98],[85,9],[81,68],[139,17],[-27,72],[36,23],[37,68],[34,-9],[123,79],[27,59],[89,2],[-32,62],[43,104],[51,-19],[72,44],[39,68],[-80,134],[46,72],[27,11],[16,15],[41,102],[69,8],[143,104],[70,148],[73,22],[59,-4],[75,21],[91,65],[10,81],[59,30],[104,193],[73,17],[162,2],[61,64],[76,8],[73,68],[54,30],[20,80],[-20,53],[36,34],[67,109],[68,17],[82,-22],[130,22],[198,25],[280,79],[86,36],[86,12],[133,-14],[24,23],[114,-32],[101,4],[152,-42],[73,23],[25,-66],[125,-35],[128,-85],[41,-54],[100,-80],[27,-79],[-20,-125],[2,-97],[-69,-47],[-47,-40],[-16,-32],[-159,-49],[-140,-60],[-50,-38],[-40,-102],[-7,-76],[20,-123],[100,-45],[23,-40],[71,-2],[66,-104],[82,-62],[36,-50],[7,-92],[-55,-32],[-2,-51],[-98,-114],[-41,-98],[-70,-25],[-10,-45],[53,-44],[-48,-87],[-203,14],[-147,-31],[-137,-75],[-52,-44],[-42,42],[-74,24],[-57,42],[-126,38],[-118,-32],[-114,19],[-157,-25],[-112,11],[-156,-15],[-39,30],[-44,-51],[-54,34],[-173,-37],[-21,-17],[10,-23],[-32,4],[-12,-4],[-16,-19],[-141,-42],[-6,-20],[-176,-17],[-84,-46],[-52,-62],[-42,-15],[-74,-74],[-94,-34],[-39,-59],[-75,-64],[-100,-13],[-54,-102],[20,-72],[-75,-42],[-57,44],[-61,0],[-67,-29],[-9,-26],[-15,0],[-7,-10],[-14,-4],[-14,-9],[-9,-23],[-61,-15],[-93,42],[-66,-13],[-50,-42],[-76,-32],[-139,-121],[-32,17],[-56,-2],[-55,-40],[-152,-23],[-60,-20],[-95,3],[-80,-28],[-105,-2],[-111,-38],[-126,-64],[-140,-100],[20,-38],[-55,-23],[-48,-34],[-4,-21],[-30,-9],[-106,-9],[-89,-36],[-101,-63],[-106,-81],[-9,-62],[-117,-46],[-56,-87],[-82,8],[-123,-29],[-190,-111],[-100,-87],[-81,-21],[-185,-114],[-127,-130],[-71,-55],[0,-45],[-70,-25],[-51,-89],[10,-36],[-55,-62],[-114,-17],[-27,-32],[-25,-25],[-14,-5],[-9,-18],[-52,-62],[-142,-147],[-11,-59],[-36,-13],[-34,-36],[-28,-76],[-54,-40],[-62,-100],[-114,-13],[-123,-45],[-29,-21],[-19,-38],[-93,-19],[-70,-60],[-60,-118],[-27,19]],[[162685,180363],[8,-17],[-33,-23],[-5,25],[30,15]],[[165059,179911],[7,-2],[-8,-13],[-6,-2],[-16,0],[2,5],[-7,6],[2,9],[12,6],[14,-9]],[[165354,180486],[-13,-6],[-3,2],[-4,11],[14,6],[7,-8],[-1,-5]],[[172161,184907],[7,-9],[-1,-6],[-7,-6],[-15,10],[9,4],[7,7]],[[110981,144389],[14,-74],[44,-130],[54,-208],[20,-161],[66,-176],[57,-106],[84,-87],[48,-9],[101,-68],[145,-131],[126,17],[49,28],[171,-26],[71,19],[104,53],[153,144],[14,66],[104,55],[0,53],[80,7],[41,49],[2,53],[85,57],[-12,144],[52,0],[37,109],[-37,50],[28,51],[-19,62],[7,93],[-45,56],[-39,-32],[-143,80],[159,36],[9,151],[76,57],[4,62],[52,83],[37,118],[-5,35],[78,25],[111,-26],[100,-99],[68,-49],[126,23],[79,-27],[12,-64],[89,-121],[172,-115],[1,-61],[-32,-53],[16,-55],[-64,-34],[-14,-43],[64,-29],[105,14],[38,11],[12,11],[77,-45],[112,-23],[22,-51],[92,-68],[72,-26],[94,20],[77,-36],[52,-94],[67,-70],[45,-98],[157,-135],[107,-13],[128,15],[136,64],[100,87],[130,146],[104,142],[108,187],[70,142],[80,191],[64,195],[70,295],[28,193],[16,195],[-7,208],[43,58],[-7,150],[16,54],[50,51],[4,50],[69,51],[73,87],[32,153],[24,76],[-43,160],[-116,299],[-98,180],[-114,166],[-118,136],[-173,161],[-84,49],[-57,-5],[-80,30],[-91,-13],[-36,-85],[-141,-220],[-32,-66],[82,9],[16,38],[71,0],[-90,-104],[-63,-36],[-102,-102],[-87,-64],[-98,2],[-241,-144],[-73,-79],[-41,-69],[-191,16],[-160,102],[-47,19],[-103,-23],[-118,36],[-151,-78],[-34,-41],[-20,-8],[-11,-34],[-89,-83],[-62,19],[-64,-23],[-54,21],[-89,-4],[-71,-68],[-113,-45],[-105,34],[-91,-25],[-141,-57],[-23,-36],[-168,-92],[-30,-64],[-84,-108],[-103,13],[-38,34],[-89,-11],[-80,92],[-32,-2],[-43,70],[37,165],[-18,25],[16,26],[2,32],[-12,38],[-4,62],[-21,112],[30,40],[7,19],[7,3],[9,10],[4,7],[14,2],[9,10],[2,7],[37,21],[-5,27],[11,68],[25,45],[19,79],[2,10],[-5,8],[7,35],[-6,38],[-10,21],[-14,8],[-2,41],[-15,29],[2,36],[45,30],[3,51],[15,9],[10,27],[22,60],[-16,29],[16,7],[34,34],[17,76],[9,144],[59,124],[-60,65],[69,60],[-11,57],[47,13],[39,40],[32,76],[63,312],[-8,79],[18,72],[15,19],[-4,28],[25,65],[43,71],[-31,29],[113,58],[34,84],[112,60],[-5,97],[39,41],[16,-5],[50,30],[-13,30],[63,104],[-23,9],[132,84],[51,147],[36,25],[5,89],[-28,100],[-61,96],[77,59],[-2,74],[23,72],[50,0],[59,-101],[107,-54],[73,-57],[54,-12],[39,-58],[52,-29],[7,-45],[61,-81],[73,-46],[108,-41],[70,-53],[210,-25],[65,2],[57,-4],[123,4],[69,-9],[29,-32],[66,-35],[128,-71],[47,-6],[23,-21],[82,-23],[25,-70],[96,-132],[75,-76],[80,-34],[40,-77],[71,-72],[39,-11],[98,-102],[25,-55],[111,-110],[139,-100],[173,-95],[125,-53],[230,-74],[182,-30],[112,8],[193,49],[191,74],[248,115],[133,81],[175,171],[38,22],[33,27],[38,60],[144,116],[61,-12],[37,-43],[-57,-30],[-12,-44],[28,-81],[-67,-19],[-9,-34],[-11,-15],[4,-17],[60,-50],[-10,-100],[-75,-57],[-65,-155],[-67,-257],[-93,-376],[-63,-206],[-19,-97],[-63,-217],[-12,-153],[-104,-430],[-19,-238],[27,-199],[34,-11],[-18,-94],[9,-210],[30,-6],[-57,-261],[-39,-399],[-15,-221],[2,-307],[18,-81],[-13,-170],[24,-123],[-41,-40],[26,-108],[49,-17],[-15,-117],[16,-231],[38,-376],[14,-32],[25,-310],[39,-246],[32,-133],[49,-312],[90,-448],[88,-240],[75,-308],[117,-303],[6,-41],[21,-19],[38,-118],[46,-37],[11,-67],[43,-94],[53,23],[25,-63],[-55,-38],[18,-39],[103,0],[23,-135],[20,-28],[80,-11],[75,-91],[84,-23],[75,4],[80,30],[103,119],[59,-7],[24,7],[46,-51],[-14,-28],[64,-123],[32,-30],[137,-49],[22,-74],[73,-27],[14,-49],[80,-47],[16,-93],[106,-92],[21,-44],[53,-26],[11,-16],[25,2],[50,-72],[20,-7],[30,-23],[7,-17],[22,0],[55,-19],[2,-15]],[[119344,139553],[-54,-17],[-50,-110],[-73,-34],[-71,-58],[-43,5],[-64,-53],[-66,-24],[-98,6],[-56,-53],[-142,-33],[-113,-132],[11,-129],[34,-43],[-45,-66],[-71,-42],[-5,-36],[-150,-70],[-120,-104],[-60,34],[-43,-15],[-93,34],[-64,93],[-64,-10],[-25,53],[-130,84],[-118,13],[-96,-44],[-104,31],[-62,-36],[-54,-72],[-68,-13],[-100,-63],[-46,93],[-68,-59],[-26,-74],[-63,-75],[-73,-21],[-29,-45],[-153,-72],[-21,73],[-118,69],[27,90],[-7,51],[-49,14],[-49,79],[-59,28],[-56,-56],[-94,-10],[-57,-77],[3,-61],[-141,-68],[-103,47],[-20,-73],[-96,-10],[-135,-125],[-45,-2],[-63,-96],[-171,-100],[-100,0],[-110,21],[-29,-31],[-76,-19],[-41,-32],[-131,-9],[-32,-55],[-117,-47],[-36,-34],[-130,-61],[84,-185],[-49,-53],[-114,-34],[-112,5],[-59,-37],[-75,-102],[-110,-12],[-161,-102],[-7,-47],[-164,-38],[-79,13],[-41,34],[-92,-30],[-34,61],[-54,22],[-32,112],[-52,17],[-34,60]],[[113388,137586],[-76,101],[14,62],[45,66],[12,83],[-16,74],[-64,8],[-6,77],[79,48],[34,52],[11,148],[78,153],[-46,89],[21,36],[70,-61],[58,-7],[116,115],[-34,117],[33,29],[-88,178],[23,62],[-12,79],[-36,25],[9,62],[-23,55],[48,38],[-3,53],[-106,36],[-84,-38],[-87,-5],[-77,37],[-73,-87],[-51,-2],[-61,61],[-68,-38],[-36,19],[-117,-19],[-254,168],[138,560],[16,116],[-227,-50],[-60,21],[-70,-32],[-82,-79],[-52,-6],[-76,-79],[5,-84],[-23,-85],[-7,-115],[-36,-91],[-80,8],[-55,77],[-118,-58],[-79,0],[-82,-118],[-94,-11],[-59,17],[-20,-89],[34,-26],[-18,-118],[-85,8],[-47,43],[-10,63],[-111,-4],[-28,23],[-95,-23],[-4,-83],[-92,-55],[-77,-13],[-18,-46],[-87,-32],[-68,-4],[-73,63],[-29,79],[-76,67],[-95,-8],[-68,60],[-114,59],[-9,-57],[-107,-13],[-12,-26],[-134,-4],[-37,-55],[51,-85],[54,-47],[9,-76],[-64,-15],[-99,66],[-53,-11],[-70,83],[-69,-11],[5,85],[45,13],[9,62],[-25,46],[-159,-29],[-86,78],[-105,43],[-7,51],[-54,67],[-96,9],[-53,25],[-129,-57],[-50,45],[-5,99],[-29,20],[31,104],[-82,42],[-173,-77],[-77,35],[-9,36],[-71,50],[-73,-103],[-136,17],[-111,-104],[-37,-58],[4,-91],[-38,-108],[-32,-17],[-210,-26],[-16,51],[-72,41],[-87,-13],[-72,12],[-103,-52],[-125,12],[-73,-46],[-184,-58],[-82,70],[-107,-36],[-135,62],[-148,-17],[-89,-41],[-36,30],[-114,-2],[-209,-21],[-70,80],[2,87],[-48,56],[-123,78],[-36,-21],[-48,40],[-73,-15],[-98,-63],[-73,0],[-111,-75],[-37,-63],[41,-68],[-30,-98],[-86,-34],[-82,68],[-61,-4],[-69,-45],[-97,-12],[-76,34],[-36,46],[-73,-38],[-118,-27]],[[105052,139339],[-2,6],[25,21],[7,40],[-5,3],[5,8],[-1,15],[0,49],[-9,31],[27,30],[1,17],[-12,11],[9,6],[3,11],[2,21],[-3,19],[10,15],[15,47],[7,55],[9,140],[23,91],[-20,295],[-21,134],[-40,144],[-82,60],[27,36],[2,25],[-52,112],[-71,88],[-91,6],[-66,-38],[-120,19],[-66,-26],[-66,26],[-53,102],[16,31],[-2,15],[-12,20],[-7,44],[-6,11],[2,84],[66,35],[134,93],[53,49],[81,108],[80,-32],[91,21],[30,26],[25,55],[55,19],[24,132],[96,21],[127,159],[12,117],[93,38],[69,129],[-9,26],[63,133],[105,119],[116,56],[37,-1],[68,98],[18,7],[25,27],[91,21],[21,30],[100,-23],[91,-70],[105,-32],[56,-91],[130,-51],[89,10],[177,91],[110,79],[89,91],[116,51],[72,75],[96,29],[86,-63],[112,25],[96,74],[88,109],[64,101],[93,181],[126,333],[116,407],[52,221],[66,354],[46,338],[31,308],[12,235],[-7,233],[-30,126],[-65,44],[-1,19],[-32,39],[-15,32],[-142,125],[-66,17],[-193,0],[-55,25],[3,72],[54,92],[62,-49],[105,36],[93,-28],[57,-51],[63,2],[53,39],[4,17],[18,8],[-4,76],[77,20],[53,118],[7,75],[40,119],[-8,14],[2,5],[6,2],[0,6],[-11,11],[27,89],[-34,40],[25,76],[-18,47],[-4,53],[-7,21],[-18,17],[13,15],[-9,21],[11,0],[1,13],[-7,17],[6,13],[-6,8],[6,7],[-6,4],[2,11],[18,8],[-2,47],[64,28],[18,48],[5,38],[-5,11],[2,26],[-25,31],[57,39],[48,-36],[61,-18],[18,-33],[108,-24],[29,-32],[62,-50],[86,-43],[45,-112],[37,-39],[161,-110],[49,-115],[134,-68],[86,-10],[23,-47],[50,-12],[114,16],[73,26],[136,95],[96,92],[11,70],[52,83],[62,4],[32,-36],[34,23],[57,72],[45,-30],[196,-19],[71,-51],[52,-8],[103,-40],[48,-94],[43,-55],[70,-40],[48,-13],[78,-121],[17,-64],[-43,-189],[7,-48],[-47,-143],[-17,-309],[25,-225],[23,-53],[11,-106],[55,-126],[10,-191],[43,-286],[29,-125],[27,-297],[16,-77]],[[112534,143890],[5,-4],[8,-12],[-8,-9],[-10,-4],[-11,2],[-9,8],[-3,7],[0,10],[10,7],[13,-2],[5,-3]],[[118102,140465],[-34,-97],[-26,25],[60,72]],[[112709,145058],[34,-45],[-39,-2],[5,47]],[[112572,144260],[23,-19],[-20,-13],[-14,-6],[-5,2],[-9,17],[12,0],[4,10],[9,9]],[[117041,144311],[-2,-96],[59,-64],[-2,-2],[-58,64],[0,98],[3,0]],[[113035,150286],[9,0],[7,-14],[-9,-4],[4,-13],[-9,-7],[-11,2],[-3,11],[-7,13],[0,13],[10,-1],[2,-4],[5,0],[2,4]],[[119344,139553],[23,-34],[27,-26],[42,-87],[61,-34],[27,-86],[71,-28],[59,-111],[5,-99],[56,-53],[17,-51],[56,-28],[35,-53],[45,-25],[68,-85],[-6,-119],[82,-45],[58,-55],[-9,-83],[39,-159],[41,-38],[46,-21],[-7,-24],[77,-156],[37,-54],[4,-2],[3,-2],[4,0],[0,-2],[4,-4],[-2,-2],[-2,-2],[2,-3],[9,-2],[9,-15],[16,-6],[0,-6],[1,-2],[8,0],[5,-9],[-7,-6],[16,-19],[5,-4],[2,-7],[0,-4],[-2,-2],[2,0],[7,-15],[23,-34],[6,-4],[1,-3],[4,-4],[23,-19],[11,-64],[2,-4],[-2,-2],[5,0],[7,-4],[13,-15],[-11,-13],[-3,-17],[19,-59],[27,-30],[-5,-21],[-9,-6],[1,-15],[31,-26],[46,-93],[-11,-127],[-92,6],[-98,-59],[-52,-62],[-22,-70],[38,-76],[-38,-39],[25,-55],[102,-15],[7,-10],[36,-24],[34,11],[43,-15],[21,4],[78,-65],[25,-9],[4,-4],[11,-7],[3,0],[2,0],[0,-16],[2,-1],[50,0],[2,-8],[9,-4],[3,0],[5,-7],[24,-16],[16,-9],[39,-87],[39,-28],[32,-74],[20,-11],[2,-8],[-9,-8],[-2,-3],[-2,0],[2,-2],[-2,0],[0,-2],[-3,-8],[-8,-7],[-1,-14],[-9,-24],[-73,-36],[-116,28],[-50,-41],[-63,-85],[7,-33],[-57,-51],[-26,-115],[44,-95],[-14,-79],[32,-83],[46,-49],[6,0],[7,-4],[-2,-4],[4,-2],[3,-2],[4,-11],[9,-2],[25,-51],[10,-8],[13,-5],[12,-38],[13,-13],[27,2],[7,-10],[5,-6],[20,-7],[7,2],[34,-21],[5,2],[4,0],[5,0],[4,2],[33,-15],[8,-17],[16,-2],[7,5],[9,2],[30,-19],[-4,-13],[9,-2],[29,-60],[0,-6],[7,-11],[2,-12],[7,4],[4,-2],[-2,-3],[3,-4],[15,-42],[76,-59],[25,-98],[134,-70],[62,-4],[97,19],[35,-98],[27,-8],[9,-13],[11,0],[-2,-30],[29,-47],[14,9],[3,-9],[-5,-8],[9,-2],[-4,-9],[6,-6],[12,-2],[25,-30],[-9,-2],[-3,-6],[10,-3],[-3,-8],[3,-9],[-5,-8],[14,-2],[-16,-17],[-1,-4],[-2,-9],[0,-21],[5,-8],[-3,-1],[1,-4],[7,-2],[-7,-4],[-3,-4],[-2,-5],[12,-127],[22,-6],[-11,-38],[9,-5],[9,-2],[11,-2],[10,4],[6,-12],[-38,-15],[0,-2],[0,-1],[0,-2],[0,-2],[0,-2],[2,-8],[16,-15],[-121,-13],[-18,-21],[2,-32],[-9,-51],[-25,-13],[-2,-25],[18,-4],[7,0],[2,0],[2,2],[-18,-43],[-4,-68],[82,-110],[45,-167],[36,-35],[90,-25],[2,-38],[18,-19],[2,-26],[11,-25],[16,-15],[-2,-28],[19,-51],[-10,-8],[0,-11],[-14,-2],[-9,-30],[-2,-121],[16,-42],[23,-17],[0,-23],[7,-11],[-9,-38],[7,-19],[4,-2],[-7,0],[0,2],[-7,-2],[59,-4],[10,-51],[29,-49],[-57,-58],[-4,-104],[45,-55],[-22,-23],[7,-26],[-14,-6],[-7,-6],[5,-9],[-7,-21],[40,-13],[-2,-4],[5,-8],[18,-19],[11,-24],[30,-34],[7,-47],[-46,-36],[-16,-21],[-7,-102],[26,-38],[61,-32],[-86,-32],[-46,-112],[-18,-9],[-27,-8],[-26,25],[-31,-42],[7,-21],[11,-7],[9,-2],[25,-17],[59,-17],[-16,-80],[30,-26],[-57,-76],[-30,4],[-31,-51],[4,-68],[-41,-27],[66,-43],[14,-4],[13,6],[39,3],[16,-3],[9,-38],[-7,-2],[-7,-11],[-13,-12],[-19,-41],[-9,-42],[-68,-98],[-2,-6],[5,-8],[4,-3],[7,-17],[11,-12],[-25,-58],[62,13],[15,-72],[-138,-59],[63,-126],[-68,-25],[18,-51],[-16,-66],[-150,-123],[23,-106],[80,-19],[59,100],[107,146],[41,32],[34,34],[50,91],[5,2],[45,64],[43,42],[-2,26],[43,65],[53,62],[39,17],[31,-8],[-13,-22],[38,-55],[-13,-76],[-25,-40],[9,-153],[-14,-30],[7,-26],[59,-10],[-41,-53],[34,-123],[-2,-111],[-14,-15],[-11,-19],[59,-55],[82,-10],[112,15],[-14,-35],[5,-48],[20,-17],[-16,-19],[7,-15],[23,15],[57,6],[6,-62],[5,-16],[-2,-18],[0,-4],[0,-4],[4,-6],[3,-17],[20,-43],[-18,-32],[-27,-31],[-5,-7],[-7,-15],[-103,-63],[-120,15],[-70,-92],[17,-29],[-13,-22],[-2,-8],[0,-7],[6,-6],[-6,-25],[-50,-91],[-103,-28],[16,-19],[-16,-13],[-7,-2],[-6,-17],[0,-53],[22,-93],[-79,-7],[-89,47],[-80,-30],[-80,9],[-56,-41],[-73,-21],[-14,-81],[27,-99],[48,-87],[68,4],[7,-66],[57,-21],[91,108],[96,47],[54,97],[142,81],[79,89],[32,-10],[21,17],[9,-5],[16,0],[7,-2],[2,-2],[6,0],[1,-2],[4,0],[5,2],[36,-80],[53,-41],[-92,-131],[-4,-62],[-11,0],[-16,-6],[-14,-7],[-4,-10],[-30,-7],[-3,-15],[9,-6],[-4,-19],[34,-28],[-20,-42],[18,-38],[-12,-9],[8,-15],[-7,-8],[0,-6],[11,2],[5,-5],[6,0],[-47,-29],[-58,-81],[-17,-4],[-14,4],[-5,0],[-4,0],[-5,0],[-62,81],[-83,4],[-8,-26],[3,-23],[30,-34],[-5,-10],[-11,2],[-5,2],[-7,-2],[-14,-9],[-6,-34],[-32,-2],[-25,13],[-12,-23],[-7,2],[-16,-7],[-49,-4],[-14,2],[-30,-4],[21,89],[-34,89],[-53,-46],[-32,-34],[-32,-49],[-11,-7],[-11,-2],[-5,-6],[-14,-42],[-22,-20],[-25,-42],[-16,-9],[-9,-12],[-57,-55],[-64,-85],[59,-128],[59,2],[100,64],[12,-11],[-2,-19],[15,-8],[-24,-64],[-69,-66],[9,-50],[-97,-54],[-1,1],[-11,2],[-14,0],[-11,-15],[-16,-9],[-16,19],[-145,51],[-53,-51],[19,-44],[-144,-72],[-14,-60],[73,-59],[50,27],[43,-44],[57,83],[173,-32],[34,66],[58,40],[15,-6],[19,0],[-16,-22],[13,-12],[25,8],[28,-2],[18,2],[13,-13],[17,17],[8,-4],[7,6],[19,-2],[16,19],[13,41],[39,38],[98,15],[-112,-98],[-11,-28],[-5,-17],[-13,-10],[9,-13],[-12,-13],[-4,-12],[-12,-7],[-15,-15],[-9,-27],[24,-21],[0,-34],[-52,-57],[-95,36],[-48,-32],[-60,25],[-41,-66],[-150,9],[-36,-51],[-20,13],[-57,-7],[-1,32],[-40,2],[-55,-36],[-50,24],[-7,-26],[-23,-28],[53,-12],[11,-15],[20,-4],[5,6],[45,-17],[12,-4],[11,0],[-7,-62],[5,4],[5,-6],[0,-4],[6,4],[7,0],[21,-19],[4,2],[3,4],[4,-2],[0,4],[3,3],[27,-13],[4,-7],[-2,-8],[-2,-2],[2,-4],[2,-5],[80,-4],[-2,-40],[-14,-7],[-5,1],[-4,-1],[-11,-6],[4,-15],[11,0],[10,-13],[9,-2],[0,-27],[11,-23],[20,-3],[-15,-44],[-114,4],[-60,40],[-148,17],[-11,-46],[87,-22],[11,-78],[64,-87],[50,-11],[4,-72],[91,-19],[32,72],[21,-8],[22,-32],[21,23],[21,-4],[2,15],[-5,25],[64,-12],[66,23],[21,-4],[27,21],[-11,-62],[-30,-4],[-7,6],[-29,-8],[-48,-15],[4,-21],[-7,-7],[-7,-2],[1,-10],[15,-11],[33,-13],[-1,-80],[14,-26],[12,-2],[13,-2],[2,-21],[-97,-40],[-1,8],[-6,4],[-3,4],[-2,1],[2,4],[-6,2],[-1,6],[-11,9],[-2,10],[-75,-10],[-9,-2],[-9,-7],[-21,13],[-14,-19],[19,-7],[15,-42],[-56,-2],[-92,-72],[-58,-30],[-57,41],[-51,-3],[35,-87],[-185,70],[-32,-6],[-15,-25],[34,-70],[-30,-28],[7,-19],[116,-7],[7,-33],[0,-17],[6,-7],[62,-32],[30,-4],[9,26],[63,-7],[107,30],[46,-41],[-2,-36],[7,-10],[-53,-53],[-139,-75],[-88,-84],[-132,-22],[-46,0],[-18,3],[-66,36],[-112,-47],[-38,-79],[95,-33],[3,-15],[13,-20],[16,-16],[116,-24],[2,-4],[-2,-2],[7,0],[0,-2],[0,-5],[7,1],[13,-5],[0,-8],[19,-2],[9,-26],[-10,-8],[-6,-22],[-11,-2],[17,-61],[110,-28],[36,15],[12,-6],[16,17],[98,-11],[-3,-19],[7,-19],[-2,-6],[13,-1],[-2,-6],[7,2],[4,-6],[3,-4],[2,0],[-4,-15],[9,-9],[13,9],[14,-17],[45,-21],[-66,-26],[-15,2],[-7,-8],[-18,-4],[-3,-3],[-7,0],[-13,-2],[-7,-4],[-77,-43],[-23,-69],[-21,12],[-30,-6],[-9,-7],[5,-10],[-5,-17],[-29,-4],[4,10],[-8,11],[8,21],[-8,24],[-19,-3],[-48,41],[-22,4],[-37,-6],[-22,72],[-64,10],[-110,-12],[-147,97],[-60,7],[-32,-119],[50,-74],[-47,-11],[23,-68],[65,-30],[5,-57],[141,-36],[43,27],[18,-12],[23,-21],[39,4],[39,-26],[13,9],[3,-2],[6,-2],[1,0],[4,-1],[36,-8],[35,15],[2,-13],[5,-2],[0,-6],[2,-3],[-2,0],[2,-2],[11,-15],[-13,-16],[29,-26],[-68,-36],[-85,13],[-18,-15],[-9,0],[-14,-9],[-72,9],[-5,6],[-7,4],[-16,3],[-32,-7],[-49,-17],[-21,11],[-21,-15],[-11,11],[-29,4],[-28,-4],[19,-96],[81,-46],[176,-70],[6,-90],[-20,-17],[-87,-15],[-95,24],[-62,-43],[-4,20],[-12,-9],[-24,8],[-12,11],[-11,6],[-39,5],[-23,-7],[-4,-17],[-41,9],[-10,40],[-11,21],[-30,22],[-90,-56],[-80,66],[-45,-66],[2,-6],[6,-4],[-9,-7],[-2,-12],[-16,-7],[0,-10],[7,-5],[7,-10],[-37,-30],[-79,9],[-5,17],[-11,6],[-9,17],[-10,9],[-104,-18],[-28,18],[69,70],[7,63],[-39,68],[59,53],[-20,115],[-5,17],[-29,19],[-1,15],[-18,15],[-18,12],[-63,-186],[24,-105],[-65,-67],[-58,-83],[1,-19],[66,-38],[0,-22],[36,19],[73,-72],[52,-108],[52,-44],[-20,-20],[7,-12],[11,-9],[-16,-61],[-88,46],[-17,-2],[-8,11],[-10,-15],[-20,-2],[-25,63],[-75,13],[13,-104],[-47,-70],[-80,-34],[-18,-51],[48,-61],[41,12],[8,18],[21,-3],[9,2],[3,5],[90,-43],[12,-51],[16,-29],[-66,-26],[-102,-100],[-66,-6],[6,36],[-55,9],[5,53],[-32,129],[-47,41],[-121,74],[-16,48],[63,113],[66,15],[-33,53],[-64,45],[-93,-3],[-151,20],[-105,-45],[-43,-81],[57,-42],[-34,-38],[23,-73],[23,-19],[2,-10],[22,-13],[-15,-30]],[[118926,125190],[-101,34],[-147,117],[-142,23],[-77,-14],[-62,86],[-56,-21],[-98,22],[-128,-17],[-77,-30],[-53,66],[-81,17],[-117,-9],[-43,-53],[-31,-149],[45,-95],[13,-244],[-40,-106],[54,-104],[-25,-142],[-52,-45],[-135,-83],[-2,-82],[-102,-62],[-23,-36],[41,-146],[66,-17],[0,-53],[-77,-56],[-37,-95],[37,-155],[-1,-102],[-65,-4],[-75,23],[-5,-112],[-34,-94],[-7,-82],[-84,-36],[14,-75],[-107,-38],[-1,45],[48,68],[-7,65],[-138,32],[-34,100],[-130,-26],[-53,100],[-97,17],[-53,30],[-152,-53],[-17,42],[-99,72],[-30,45],[-84,-42],[6,-100],[-34,-36],[12,-111],[-57,0],[-102,41],[-44,-49],[-88,8],[-37,-51],[-9,-76],[-61,-95],[11,-79],[-77,-40],[-103,-20],[16,-69],[-37,-15],[-138,8],[-69,81],[-11,123],[-86,72],[-78,30],[-41,44],[-111,-59],[-83,42],[-140,56],[8,197],[-9,53],[-82,-13],[-52,36],[19,51],[-46,41],[-36,-35],[-60,26],[-48,53],[16,64],[71,8],[57,-29],[80,48],[136,159],[-9,90],[-50,116],[-128,28],[-131,-28],[-46,68],[-87,28],[-138,-77],[-108,41],[-115,-26],[-33,-44],[-90,14],[-25,52],[-107,10],[-96,-55],[-78,13],[-43,-56],[-47,18],[-33,72],[-47,36],[-28,74],[-77,106],[-55,34],[-63,8],[-30,47],[-46,-2],[-107,59],[-36,-46],[-82,110],[-63,17],[-78,-17],[-143,34],[-93,102],[-71,17],[-123,72],[-28,70],[-107,60],[-104,6],[-91,-26],[-52,20],[-96,-56],[-69,-2]],[[111905,125067],[8,106],[-89,198],[32,51],[-28,55],[119,80],[9,56],[41,53],[47,42],[44,115],[-21,57],[48,26],[48,72],[0,57],[-48,49],[41,76],[-36,57],[-119,24],[-54,30],[-57,-34],[-71,19],[-84,53],[25,104],[59,118],[-59,32],[-2,56],[89,23],[27,38],[-100,85],[-55,2],[-11,70],[54,32],[77,83],[67,150],[102,-8],[16,55],[161,57],[-17,47],[-69,66],[-73,-13],[-80,59],[-65,-12],[-50,42],[16,104],[-30,45],[61,99],[141,34],[9,111],[-95,30],[-68,106],[-98,27],[-44,74],[-47,-12],[-103,48],[-82,56],[-43,4],[-5,231],[-72,5],[-50,31],[-73,-6],[30,104],[-35,30],[39,82],[7,64],[88,15],[-49,132],[-121,38],[0,116],[-105,87],[27,143],[-29,27],[-80,-15],[-77,47],[-25,15],[47,97],[39,30],[-45,100],[104,34],[84,8],[33,60],[4,123],[-71,108],[103,159],[70,30],[149,104],[22,62],[-47,89],[4,49],[75,48],[14,140],[98,28],[40,144],[-17,104],[-83,58],[-16,59],[25,66],[82,-5],[114,53],[82,166],[91,30],[57,127],[105,-10],[80,95],[-19,59],[46,53],[-11,68],[40,53],[28,90],[41,65],[22,123],[-38,143],[34,74],[-55,30],[-48,74],[0,93],[-38,26],[-89,-11],[-20,57],[-69,96],[-22,123],[136,30],[71,63],[-7,87],[86,58],[30,91],[125,87],[43,74],[67,45],[-53,114],[-139,51],[-18,45],[-77,30],[-80,-26],[-73,59],[-62,20],[-31,76],[25,38],[20,168],[-38,40],[-14,110],[143,134],[117,-25],[120,55],[118,-129],[82,-54],[35,36],[106,15],[62,30],[14,89],[-39,104],[-59,53],[4,117],[-27,51],[-82,63],[20,75],[-40,51],[38,76],[2,87],[-75,60],[-9,163],[10,114],[22,58],[-14,138],[51,57],[2,81],[-43,91],[34,45],[7,101],[-35,66],[0,77],[-31,36],[-23,93],[55,30],[52,82],[47,-12],[73,61],[42,66],[17,74],[-6,90],[-59,8],[20,64],[-55,80],[60,121],[70,102],[-6,53],[-108,4],[-63,62],[-18,55],[107,66],[165,136],[-24,80],[72,81],[-22,45],[70,44],[11,40],[99,13],[54,23],[80,1],[66,27],[-16,111],[54,65],[67,7]],[[121839,131998],[7,-6],[9,-19],[-7,0],[-7,-13],[-15,4],[-1,9],[7,14],[-2,7],[9,4]],[[121791,128473],[18,-13],[12,-4],[7,0],[-14,-25],[-45,25],[4,5],[12,8],[6,4]],[[121939,129424],[7,-6],[-7,-24],[-2,-21],[-46,-8],[48,59]],[[120754,135724],[0,-2],[-1,2],[1,0]],[[119943,138759],[7,-12],[-4,0],[-5,10],[2,2]],[[118926,125190],[43,-76],[38,-42],[-82,-41],[71,-119],[36,-6],[-8,-9],[-5,-16],[-7,-26],[9,-13],[-2,-17],[-41,-57],[57,-13],[-3,-31],[14,2],[23,-24],[12,-32],[-10,-82],[14,-55],[7,-13],[18,-13],[23,-8],[50,-66],[-2,-100],[59,-134],[29,-12],[0,-9],[-4,-4],[2,-6],[7,4],[7,-28],[-3,-10],[0,-37],[-109,54],[-93,63],[7,30],[-12,8],[-14,58],[-70,40],[-14,93],[-70,-10],[-64,2],[0,-26],[-52,-23],[-52,-76],[-32,-2],[-57,120],[-48,26],[-32,55],[-9,85],[-55,-44],[50,-115],[64,-32],[-29,-40],[11,-60],[-46,-118],[-27,-132],[7,-49],[77,-149],[77,-4],[-86,-74],[-71,0],[-68,-55],[23,-58],[-41,-31],[-41,32],[-70,-11],[-23,-81],[-9,-27],[-10,4],[-22,4],[-2,-30],[-33,13],[-8,-4],[-7,-9],[-10,-6],[0,-6],[1,-4],[-16,0],[-89,-26],[-89,-61],[-14,-121],[-47,-71],[13,-34],[48,-6],[-9,-38],[12,-9],[24,5],[46,-17],[9,-96],[7,-8],[52,4],[19,-9],[-21,-72],[75,-8],[14,-55],[34,29],[5,22],[8,-3],[14,-4],[3,4],[27,-12],[6,0],[3,8],[5,4],[13,5],[14,13],[2,-1],[2,0],[0,-4],[2,2],[3,-4],[-5,-4],[2,-4],[-4,-7],[2,-8],[9,2],[-7,-21],[5,-19],[-22,-5],[-10,-12],[14,-24],[20,-6],[1,-30],[-16,4],[-9,-8],[-35,-15],[0,-85],[18,-6],[7,-11],[30,-4],[2,-8],[5,-1],[-7,-19],[4,-40],[-9,2],[-4,-2],[-12,-17],[9,-57],[-50,78],[-75,56],[-57,-30],[-111,83],[-48,-11],[23,-57],[-25,0],[9,-36],[-12,-22],[-13,-27],[-11,-30],[-12,-4],[-2,-26],[-5,-55],[-91,15],[-125,-13],[48,-83],[-11,-44],[-37,-4],[-14,17],[-13,-19],[-25,0],[-16,-5],[-46,43],[-70,-62],[-80,-32],[-34,36],[-77,-2],[11,-91],[6,-17],[16,-30],[16,-19],[-74,-106],[15,-29],[150,-13],[126,29],[72,-36],[149,-4],[-3,-29],[57,-17],[23,4],[2,10],[130,-12],[0,-24],[-7,0],[3,-4],[-1,-4],[-2,-2],[-2,-2],[2,0],[0,-24],[-5,0],[-8,-6],[0,-9],[16,-21],[-24,-98],[-6,-55],[-50,-34],[-9,-25],[-76,-26],[-63,5],[9,-26],[14,-27],[0,-7],[4,-4],[0,-2],[4,-6],[-34,-11],[-27,-28],[-20,7],[-44,-41],[-13,-19],[-2,-21],[-21,4],[-37,-15],[-50,22],[-129,-60],[34,-167],[21,-9],[27,11],[100,-26],[13,-38],[35,-38],[0,-57],[-9,-26],[2,-17],[5,-10],[54,-64],[109,0],[51,78],[72,-17],[28,64],[63,28],[3,-11],[-5,-4],[4,-9],[16,0],[-2,-2],[0,-2],[-2,-2],[4,0],[-2,-4],[3,-2],[-5,-15],[-2,-17],[4,-2],[-6,-11],[-16,-11],[4,-15],[-9,-4],[-9,-12],[0,-36],[63,-20],[7,-17],[25,-34],[37,-14],[-9,-19],[-5,-3],[2,-8],[-9,0],[-6,-9],[-19,-12],[-22,-34],[8,-32],[-24,-6],[-1,-3],[0,-8],[-8,0],[-7,-4],[6,-13],[16,-2],[0,-19],[12,-13],[6,-21],[10,0],[-32,-34],[-20,-83],[-14,-6],[-12,-11],[-113,38],[-9,136],[-10,47],[-22,15],[-82,-24],[-28,7],[-9,-5],[-18,-17],[-7,24],[-86,78],[-69,-17],[107,-106],[-11,-49],[71,-87],[-39,-42],[43,-83],[9,0],[0,4],[2,0],[0,-6],[-70,-104],[-43,21],[-62,-32],[7,-46],[71,-22],[54,15],[19,-61],[61,-53],[-46,-64],[-114,-70],[-25,34],[-109,6],[-41,39],[-68,-15],[52,-85],[35,-15],[34,-93],[61,-38],[-18,-32],[14,-30],[-66,-157],[49,-32],[73,47],[46,66],[132,86],[-18,-106],[43,-57],[64,-45],[64,13],[138,64],[-2,-9],[0,-34],[12,-16],[-3,0],[-7,-3],[-7,-2],[0,-29],[-13,-39],[-3,0],[-4,0],[0,-2],[-5,0],[-4,2],[0,-2],[-9,-2],[2,-27],[-23,-26],[-32,76],[-61,-6],[-61,28],[-76,-92],[-147,-19],[-26,-44],[37,-62],[134,21],[57,-17],[20,5],[10,6],[11,2],[5,-21],[40,-21],[-9,-24],[-4,-4],[2,-10],[9,-34],[27,-17],[12,-41],[-11,-8],[-1,-11],[14,-36],[80,-80],[-12,-7],[-2,-21],[-7,-4],[0,-4],[3,-3],[-3,-15],[-11,-2],[-4,-10],[9,-30],[-51,-36],[28,-40],[30,-5],[-7,-15],[15,-6],[42,0],[15,4],[-4,-14],[4,-7],[3,-2],[0,-2],[4,0],[-2,-28],[2,-6],[7,-6],[-4,-5],[4,-4],[-5,-10],[-2,-9],[3,-15],[-17,-57],[-11,0],[-6,-15],[-71,-21],[-14,-41],[-5,-10],[3,-13],[0,-21],[-11,-9],[-9,-99],[-37,-70],[-73,65],[3,11],[0,6],[-8,9],[1,49],[-5,34],[9,19],[-11,51],[-84,-24],[-55,11],[43,89],[-63,43],[-83,-22],[-38,17],[-3,36],[-43,17],[9,-57],[-27,-19],[-59,64],[-69,48],[58,45],[56,8],[73,62],[-9,47],[-80,12],[16,56],[-25,97],[-43,-30],[-39,-70],[-32,94],[-56,-7],[-39,-82],[-41,57],[-59,-8],[-52,38],[97,140],[87,2],[50,110],[-55,-10],[-22,66],[-53,-15],[-66,40],[85,117],[-114,2],[-62,-15],[-11,74],[-64,-36],[-41,-78],[-59,-49],[-78,-26],[-61,-2],[-55,26],[30,140],[-9,68],[-102,65],[-340,-27],[-72,32],[-110,-9],[16,-133],[-66,-3],[-5,90],[-98,2],[7,51],[87,17],[-2,31],[-153,0],[0,-112],[-68,4],[-82,-25],[-148,-47],[-235,-112],[-225,-134],[-91,-79],[-36,-74],[0,-61],[-78,48],[-138,17],[47,111],[-38,51],[-57,29],[-92,21],[-65,41],[0,-109],[-62,0],[-98,64],[-107,-36],[-48,-78],[-16,2],[-9,-2],[0,2],[-4,0],[-2,2],[-1,-2],[-2,2],[-2,0],[-2,-2],[-16,-7],[-9,-19],[11,-23],[-7,-32],[10,-61],[-26,-47],[-36,-38],[-80,10],[-72,-78],[50,-51],[34,38],[45,-64],[-71,-80],[17,-47],[-80,-114],[68,46],[128,17],[47,81],[89,-21],[41,-134],[53,-28],[-26,-97],[-61,27],[-29,-6],[-35,-24],[-50,-93],[-162,-61],[-27,-39],[-88,28],[15,49],[-2,2],[0,11],[-22,2],[-28,-107],[-177,26],[-39,-38],[230,-23],[-35,-32],[-222,-336],[-116,-184],[-114,-204],[-48,-119],[4,-32],[-16,-74],[-68,-131],[-82,-206],[-91,-314],[-43,-249],[-27,-261],[6,-127],[-20,-51],[-34,-219],[-7,-121],[2,-299],[68,-486],[60,-161]],[[113192,114758],[-57,-11],[-73,28],[-114,-2],[-25,51],[-63,-5],[-78,-44],[-87,-15],[-115,-53],[2,-76],[34,-38],[-50,-45],[50,-72],[-16,-106],[-66,-68],[29,-70],[14,-128],[-18,-72],[38,-66],[-38,-72],[34,-42],[-50,-74],[-175,-3],[-55,37],[-105,-30],[-82,21],[-143,66],[-68,17],[-19,-87],[55,-62],[61,-17],[62,-68],[70,-21],[-61,-63],[-66,12],[-100,68],[-148,36],[-157,17],[-89,-57],[-34,108],[-93,79],[-141,25],[-64,159],[-18,109],[-39,59],[61,51],[-11,46],[48,26],[11,72],[-82,166],[0,53],[66,40],[-20,53],[-176,59],[-57,54],[-108,-20],[-17,-31],[-143,34],[-39,34],[-32,97],[-148,-23],[-16,-24],[-56,-14],[-134,80],[-73,81],[-32,-47],[4,-63],[-214,-37],[-45,-23],[-78,34],[-48,-51],[-113,9],[-30,-39],[-86,-6],[-30,17],[-62,51],[-59,108],[-16,193],[60,87],[-110,56],[-111,-15],[-27,57],[-85,-30],[-82,30],[-79,62],[-43,4],[-14,97],[-73,7],[-84,-51],[-23,-41],[0,-108],[-250,40],[6,-57],[-59,-19],[-162,79],[-99,-2],[-117,108],[-88,12],[-94,60]],[[107865,115539],[-41,70],[14,100],[103,127],[-62,125],[-5,57],[-38,26],[-5,72],[48,79],[2,48],[-41,68],[39,34],[59,-2],[127,-53],[85,43],[82,-32],[55,12],[106,-29],[91,49],[73,-20],[84,11],[62,68],[-20,49],[97,15],[37,-17],[173,108],[25,47],[-27,172],[68,116],[-14,43],[59,72],[119,30],[-25,57],[27,76],[50,74],[128,56],[16,133],[86,111],[-23,182],[-41,53],[-11,81],[27,97],[-41,35],[14,63],[-14,79],[27,91],[-25,40],[26,49],[2,102],[123,25],[73,85],[-35,92],[0,97],[66,11],[30,100],[130,-45],[86,153],[-47,72],[-26,165],[37,75],[61,46],[96,19],[57,121],[88,5],[35,80],[88,74],[-31,35],[-19,180],[50,51],[28,127],[36,70],[52,11],[44,-51],[54,74],[43,23],[24,60],[58,19],[3,6],[-96,30],[-2,102],[-45,97],[15,32],[-56,51],[-196,73],[-51,63],[16,28],[-49,61],[57,45],[-21,38],[34,62],[-77,12],[-66,81],[-3,55],[87,49],[43,91],[-27,43],[98,82],[-62,119],[9,60],[-22,74],[-91,34],[32,70],[-16,45],[-66,38],[-80,153],[-39,46],[53,138],[20,15],[64,-25],[68,10],[55,-97],[168,-41],[98,66],[32,79],[2,65],[52,66],[16,68],[37,36],[41,180],[-62,87],[-77,26],[18,63],[-18,113],[114,98],[18,99],[68,53],[0,51],[41,96],[57,25],[25,45],[-79,78],[-76,-34],[-114,45],[-82,49],[-36,78],[-2,77],[-27,25],[-3,85],[34,62],[-7,84],[-45,17],[-20,81],[-174,104],[-84,4],[-50,115],[-95,23],[-21,96],[73,97],[-5,77]],[[110050,124399],[50,-62],[8,-65],[65,-30],[255,135],[44,-18],[70,14],[20,56],[167,-30],[84,-53],[39,48],[212,81],[17,64],[49,44],[9,51],[45,39],[70,19],[51,42],[57,-32],[131,136],[-2,30],[73,114],[109,68],[83,19],[149,-2]],[[118546,118450],[-64,-44],[-25,-24],[-9,22],[-25,15],[-23,36],[-32,15],[-45,34],[-83,199],[35,38],[131,28],[148,-68],[21,-36],[-48,-45],[-31,-68],[50,-102]],[[117605,118520],[43,-33],[16,-7],[17,-2],[63,-85],[-4,-13],[6,-12],[14,-7],[-2,-2],[2,-6],[-2,-7],[11,-21],[-7,-19],[1,-19],[22,-2],[14,-28],[-32,-70],[-14,17],[-9,-2],[-9,-6],[-5,-2],[-4,-4],[-77,29],[0,9],[-5,15],[4,8],[-13,17],[-12,57],[-106,106],[88,89]],[[117162,118798],[45,-27],[-11,-62],[32,-84],[-123,-85],[-21,46],[52,87],[-27,55],[53,70]],[[117200,119463],[30,-13],[-23,-19],[-7,32]],[[117969,121163],[17,-3],[-3,-6],[-2,0],[0,-4],[-5,-6],[-6,-1],[-1,-2],[0,-4],[-2,-2],[-11,-15],[-12,-17],[-8,0],[-1,11],[10,15],[15,6],[0,17],[1,2],[-1,6],[9,3]],[[117801,121203],[2,-9],[-9,-21],[-7,-6],[-6,4],[6,19],[9,11],[5,2]],[[116843,119488],[13,-8],[1,-11],[-7,-4],[-5,4],[-11,-2],[9,11],[0,10]],[[117842,120411],[2,5],[5,2],[-4,-7],[0,-4],[-3,0],[0,4]],[[117847,121515],[0,-4],[-5,-2],[2,6],[3,0]],[[114822,119140],[11,-61],[-25,-128],[-44,-10],[-61,78],[68,43],[51,78]],[[114500,119051],[67,-44],[-92,-30],[-20,42],[45,32]],[[114751,119104],[-46,-57],[-73,-38],[23,53],[50,0],[46,42]],[[114698,119191],[14,-62],[-23,-2],[9,64]],[[114749,119204],[45,-23],[-18,-30],[-27,53]],[[114733,119191],[11,-13],[3,-10],[-5,-2],[2,-9],[-5,-6],[-9,2],[1,8],[-5,5],[9,6],[-5,9],[3,10]],[[114701,119102],[-2,-4],[9,-11],[-7,-8],[-12,-3],[-9,9],[3,6],[7,0],[11,11]],[[114123,119098],[-2,-9],[-8,-6],[1,-11],[-7,2],[-5,-2],[-13,4],[4,5],[9,-5],[5,3],[-2,8],[9,9],[9,2]],[[118866,124361],[59,-75],[12,-118],[-66,-15],[-20,-43],[2,-87],[77,-17],[34,-93],[-57,12],[-9,-6],[3,-6],[-7,-6],[-5,-9],[-4,-2],[2,-6],[-5,-5],[3,-4],[-2,-8],[-73,61],[-105,185],[20,63],[-41,68],[35,30],[100,17],[47,64]],[[119005,123974],[7,-2],[2,-12],[5,-7],[9,-4],[0,-9],[-5,-6],[-9,-2],[-11,11],[0,14],[-5,11],[7,6]],[[118985,124036],[6,-7],[1,-10],[2,-15],[-9,0],[-5,8],[0,17],[5,7]],[[114986,119229],[66,-34],[-3,-78],[80,-26],[-9,-146],[-43,4],[-21,-27],[-37,-26],[-109,23],[-36,56],[-20,51],[-8,2],[-2,14],[-11,13],[39,19],[97,-19],[10,34],[-64,85],[71,55]],[[115049,118885],[9,-21],[-25,-12],[-6,29],[22,4]],[[115092,119219],[16,-5],[-7,-4],[12,-8],[-27,-13],[-14,0],[11,9],[9,4],[3,10],[-3,7]],[[114332,119337],[3,-4],[13,0],[7,-2],[-5,-11],[-18,-4],[-5,5],[-4,12],[9,4]],[[114389,119427],[23,-7],[-3,-13],[-33,9],[0,11],[13,0]],[[114371,118951],[-39,-29],[0,21],[39,8]],[[117995,120286],[34,-15],[11,-30],[28,-31],[-1,-17],[-18,-19],[27,-7],[21,15],[5,-6],[7,-2],[-1,-5],[-15,-10],[0,-15],[-3,-4],[16,-7],[7,-36],[-39,-61],[-48,-2],[-25,31],[7,134],[-13,87]],[[118603,119675],[17,-17],[8,-4],[2,2],[0,2],[0,2],[2,0],[0,2],[4,4],[0,1],[3,4],[2,-4],[-2,-1],[-2,-2],[0,-2],[2,-2],[0,-2],[0,-4],[7,-4],[6,-1],[-40,-42],[-30,21],[21,47]],[[118719,119571],[-16,-53],[-21,28],[37,25]],[[118530,119694],[6,-6],[-6,-11],[-7,-4],[-2,-9],[-5,0],[-7,-15],[-7,7],[12,21],[9,15],[7,2]],[[118291,119705],[0,-7],[-3,-6],[2,-4],[-2,-3],[-2,-4],[-11,-2],[-1,13],[17,13]],[[118612,119885],[11,-2],[7,-11],[-9,-6],[-12,4],[-4,4],[7,11]],[[117760,122103],[11,-5],[1,-12],[-14,-2],[-16,-5],[0,11],[18,13]],[[110050,124399],[3,17],[-98,95],[-78,-32],[-82,28],[-88,-53],[-89,40],[-16,30],[0,42],[-102,79],[-108,17],[-42,40],[-26,130],[-54,36],[-18,78],[32,60],[2,66],[-32,46],[11,83],[-39,11],[-7,72],[-65,17],[-48,95],[-91,4],[-55,-23],[-70,17],[-92,-4],[-59,30],[-100,12],[-34,85],[-54,49],[-21,146],[-141,13],[-98,45],[-25,42],[-84,-34],[-2,-61],[-64,-111],[-133,43],[-20,57],[-63,42],[-181,64],[-77,-64],[-57,24],[-73,-30],[-77,-6],[-46,40],[-175,45],[34,172],[-29,61],[-102,17],[-7,-28],[-107,-12],[-30,-62],[-71,32],[-40,-51],[-55,2],[-57,117],[-53,42],[-61,-25],[-107,51],[-16,93],[-100,51],[-239,36],[-91,58],[39,69],[-46,130],[7,197],[-448,-102],[-82,-70],[-26,-101],[-380,114],[-20,-42],[-323,57],[-299,-6]],[[104505,126621],[78,46],[50,104],[-21,58],[25,91],[69,59],[34,75],[55,182],[9,100],[-19,76],[-91,47],[12,81],[71,110],[27,91],[72,147],[-41,103],[76,194],[93,97],[20,-2],[37,6],[61,-2],[173,55],[116,175],[103,231],[32,51],[68,172],[66,206],[43,197],[27,42],[98,442],[92,460],[49,327],[-9,93],[33,115],[18,121],[31,306],[25,365],[1,186],[-9,206],[-17,219],[-4,218],[-43,176],[-44,17],[-20,87],[38,113],[-22,66],[9,59],[-103,-27],[-27,95],[73,17],[-32,55],[-36,155],[-43,108],[-78,145],[-123,182],[-89,106],[-205,195],[-147,92],[-208,95],[-95,21],[-128,5],[-50,-32],[-68,6],[-202,-38],[43,-51],[-34,40],[-53,-72],[52,-17],[-50,-38],[-9,-25],[-22,4],[-19,-17],[35,-66],[59,15],[20,-57],[-95,-28],[-96,-6],[-59,59],[-75,-51],[-3,-47],[-102,-2],[-66,64],[-48,23],[-127,-31],[-55,2],[-91,-24],[-27,-31],[-25,40],[-2,4],[-35,8],[-9,9],[-22,2],[-17,24],[-9,25],[-23,8],[5,26],[-4,28],[-19,17],[-13,19],[6,4],[1,6],[-7,2],[2,9],[14,25],[-5,5],[-5,0],[-4,2],[2,4],[-6,0],[-5,72],[-14,11],[-2,15],[5,86],[-78,20],[-96,108],[-8,0],[9,19],[-17,23],[-8,4],[-9,-4],[-7,7],[2,4],[-2,2],[2,2],[7,4],[2,3],[2,-1],[7,7],[2,4],[-6,9],[-3,2],[-2,2],[-2,0],[-5,0],[-4,0],[0,4],[-3,-2],[-6,4],[0,4],[-1,-2],[-9,-2],[-6,0],[0,17],[0,2],[6,-2],[0,2],[0,5],[9,-2],[0,6],[1,2],[-1,2],[-4,13],[-3,4],[-2,2],[-4,2],[-9,4],[4,7],[5,2],[2,4],[0,2],[-11,9],[4,4],[2,2],[-2,2],[0,2],[-6,5],[8,15],[0,4],[0,2],[0,2],[-2,0],[-2,0],[-2,2],[6,2],[-2,4],[-18,20],[16,12],[116,15],[16,79],[-20,44],[-35,17],[-45,-40],[-32,44],[-34,73],[2,12],[-2,7],[4,-2],[2,2],[0,4],[7,2],[1,2],[-1,5],[-4,2],[-2,0],[-7,6],[0,6],[2,0],[2,2],[2,3],[-4,8],[2,0],[2,0],[0,4],[3,5],[0,6],[-3,0],[-4,6],[-54,38],[2,0],[2,1],[-2,0],[0,2],[4,4],[-4,6],[14,11],[8,36],[-25,27],[3,22],[-12,36],[37,8],[-16,28],[2,2],[2,2],[3,6],[2,7],[11,8],[5,9],[0,19],[23,21],[47,-68],[21,-25],[2,0],[2,0],[0,-2],[1,0],[6,-2],[-2,-2],[4,0],[1,-1],[0,-6],[4,-6],[3,-2],[0,-15],[9,-19],[9,-13],[4,-15],[9,-15],[59,-55],[89,23],[52,-48],[205,-39],[42,-46],[99,-30],[25,-60],[96,-40],[94,9],[180,68],[113,61],[226,172],[102,104],[136,159],[180,246],[176,310],[163,350],[60,155],[68,189],[93,302],[0,63],[-68,13],[37,161],[54,-10],[23,104],[61,16],[-38,85],[34,41],[18,116],[32,79],[39,193],[47,303],[21,181],[18,236],[-4,110],[-5,30],[-18,44],[-32,42],[-36,17],[-8,79],[-83,38],[-35,40],[-30,11],[-18,4],[-4,9],[-14,-2],[-20,8],[-2,4],[-8,0],[-9,9],[-34,13],[-7,14],[-6,9],[-3,-2],[0,78],[-15,24],[-75,17],[0,8],[-3,7],[-4,12],[-7,9],[-96,55],[3,4],[0,2],[2,5],[-34,19],[-35,8],[-31,91],[-41,41],[-23,13]],[[105678,132995],[20,-23],[144,-115],[-2,-2],[-144,115],[-18,25]],[[105316,137102],[-5,0],[50,63],[23,30],[0,-2],[-22,-28],[-46,-63]],[[103101,135340],[9,0],[3,-8],[9,-11],[6,-14],[-9,-3],[-18,5],[-4,8],[2,0],[-5,4],[-2,2],[5,0],[0,17],[4,0]],[[107865,115539],[-72,-96],[17,-97],[39,-40],[-23,-52],[26,-46],[7,-85],[-58,-132],[-41,-25],[-22,-53],[20,-149],[30,-59],[-46,-43],[-2,-65],[41,-51],[0,-74],[-34,-39],[13,-146],[-41,-70],[0,-58],[53,-101],[178,-87],[68,-70],[-69,-64],[-66,-30],[0,-61],[-49,-98],[-83,-25],[-91,-142],[-88,-60],[-57,-115],[-153,-4],[-116,15],[-39,49],[-66,4],[-109,32],[-52,-4],[-85,6],[-127,-38],[-48,-128],[-61,-14],[-44,-41],[-99,5],[-107,31],[-126,198],[-54,-19],[-91,17],[-37,97],[-132,109],[-89,-107],[-129,-27],[-21,-32],[-73,21],[-68,-46],[-77,-5],[-119,72],[5,73],[-43,19],[-50,78],[13,36],[-71,79],[16,99],[-34,88],[-66,16],[-73,51],[-31,62],[-37,11],[-59,-147],[-189,-4],[-36,-34],[-146,-2],[-136,144],[-62,9],[-144,-107],[-61,3],[-77,-30],[-68,-78],[-74,23],[-13,76],[-62,34],[-104,140],[-200,-72],[-19,-25],[-116,-17],[-43,76],[-36,26],[-62,59],[-40,48]],[[103275,114231],[-1,2]],[[103274,114233],[-2,30],[-23,18]],[[103249,114281],[4,42],[-8,28],[-76,17],[-84,-71],[-125,-16]],[[102960,114281],[-14,44],[-179,117],[-3,80],[-52,39],[-98,40],[-4,38],[-71,94],[22,53],[-47,99],[-11,89],[56,115],[62,43],[31,118],[-25,55],[42,98],[-53,59],[44,107],[-39,46],[47,73],[74,44],[-12,62],[14,116],[-16,56],[36,78],[5,85],[43,27],[100,5],[43,25],[16,60],[68,29],[19,45],[-50,87],[41,51],[-43,55],[-115,0],[21,142],[64,161],[77,47],[-31,210],[27,104],[-9,96],[-48,42],[7,68],[-25,30],[41,82],[73,83],[17,81],[121,114],[148,-57],[60,13],[66,-57],[93,-32],[47,57],[99,-8],[43,-37],[155,79],[88,89],[69,13],[157,104],[70,10],[107,62],[69,164],[58,40],[8,95],[191,136],[-16,21],[7,147],[-85,76],[-75,24],[-38,129],[-64,47],[-12,40],[-70,64],[-75,42],[6,60],[-173,21],[-15,53],[-73,55],[-107,-9],[-112,-63],[-48,42],[-107,0],[-75,79],[-77,-21],[-159,121],[-32,53],[18,44],[-75,123],[-78,-70],[-63,64],[-10,66],[19,70],[50,51],[41,80],[-3,108],[30,181],[-41,85],[5,74],[-32,45],[34,70],[78,74],[-41,95],[-155,51],[-71,51],[-82,-19],[-130,15],[-41,19],[-73,-13],[-47,34],[-57,2],[-75,107],[-142,44],[-118,-40],[-32,44],[-104,56],[-48,69],[-43,-10],[-125,64],[-71,76]],[[101872,121135],[-32,30],[16,61],[96,127],[16,107],[40,40],[-4,44],[50,43],[57,117],[29,49],[16,17],[3,17],[16,16],[31,64],[9,45],[3,-2],[4,0],[3,2],[32,87],[15,23],[-11,13],[41,53],[12,36],[33,44],[1,17],[43,30],[-9,51],[89,87],[61,79],[55,-19],[122,106],[10,27],[7,30],[70,28],[23,38],[-9,34],[41,21],[-7,17],[36,30],[84,-11],[144,132],[-18,29],[32,32],[43,68],[14,55],[95,70],[36,17],[16,32],[9,0],[16,4],[14,9],[34,-9],[-23,34],[7,2],[0,7],[9,6],[0,4],[25,11],[23,13],[57,42],[127,244],[126,312],[30,104],[97,270],[89,305],[11,87],[42,174],[-19,68],[68,6],[14,60],[-52,17],[23,53],[61,-9],[62,85],[-85,24],[57,138],[55,-11],[63,112],[219,650],[43,242],[9,106],[48,85],[-13,84],[-71,77],[4,47]],[[101894,127499],[117,-97],[-14,-28],[-105,-51],[-45,-87],[-41,76],[14,54],[72,78],[2,55]],[[104085,125093],[-139,-119],[-1,0],[74,64],[38,33],[28,22]],[[104085,125093],[59,144],[2,-2],[-37,-91],[-24,-51]],[[101667,127285],[0,-13],[-12,0],[-8,6],[2,9],[18,-2]],[[113192,114758],[18,-151],[64,-178],[34,-49],[88,21],[-16,-72],[42,-101],[6,-83],[217,-90],[-3,-163],[18,-282],[23,-98],[73,-59],[66,-117],[34,-163],[-7,-108],[7,-105],[-11,-74],[4,-144],[19,-110],[59,-77],[13,-47],[-29,-69],[43,-141],[-14,-154],[3,-113],[36,-117],[-18,-191],[14,-222],[18,-60],[13,-250],[30,-145],[39,-152],[0,-104],[25,-39],[-45,-165],[13,-123],[-32,-221],[5,-40],[6,-64],[-17,-140],[15,-97],[-11,-100],[14,-121],[11,-92],[-71,-220],[-25,-157],[25,-81],[-34,-89],[3,-98],[-53,-189],[-30,-156],[-9,-200],[60,-8],[-68,-115],[0,-51],[-42,-74],[-38,-145],[-18,-163],[-7,-115],[31,-188],[-34,-138],[-13,-153],[25,-41],[-16,-29],[5,-43],[-62,-76],[-73,-134],[-71,-331],[-11,-316],[25,-110],[57,-157],[-77,-34],[-43,-73],[-25,-138],[-42,-21],[-86,-108],[-96,-38],[-98,-113],[-9,-57],[-77,13],[-2,53],[-59,34],[-128,-77],[-95,-95],[-73,2],[-103,-70],[-38,-6],[-110,-102],[-116,30],[-82,-41],[-129,-138],[-51,-89],[-41,-119],[-4,-74],[34,-59]],[[112065,104691],[-132,80],[-84,-57],[-93,78],[-80,17],[-43,41],[-51,-38],[-40,27],[-124,-15],[-72,55],[-26,49],[-152,70],[-155,55],[-73,9],[-70,36],[-82,-34],[-119,55],[-66,13],[-18,59],[-43,20],[-75,120],[-41,13],[7,77],[-64,106],[-93,-30],[-53,-47],[19,-61],[-41,-142],[125,-117],[-12,-79],[114,-159],[-11,-66],[-48,1],[-46,-60],[-106,-36],[-59,2],[-121,-51],[-62,6],[-79,-148],[2,-34],[-77,-38],[-19,-92],[-113,-74],[-116,-4],[4,-91],[-71,-55],[-4,-37],[-134,-80],[-14,51],[-71,61],[-114,168],[-70,-30],[-123,109],[-20,34],[-85,-7],[-130,28],[-81,36],[-19,125],[-36,44],[-16,115],[27,30],[-54,136],[-153,8],[-109,38],[-75,41],[-18,142],[-35,49],[-81,61],[-41,75],[-82,61],[-75,21],[-87,-51],[-71,32]],[[107735,105412],[-20,40],[-153,58],[-20,63],[32,68],[70,58],[-6,36],[-69,63],[2,56],[55,44],[-55,76],[-33,87],[91,87],[-19,162],[-54,-19],[-144,-2],[-41,-51],[-134,51],[-34,46],[5,187],[-74,87],[19,85],[-68,36],[-98,11],[-69,89],[-50,12],[-61,132],[-112,117],[-75,-21],[-207,163],[-73,30],[-36,-24],[-191,56],[-69,-13],[-86,91],[-185,74],[-81,-29],[-156,38],[-42,-11],[-90,40],[-99,9],[-50,53],[-53,15],[-91,-23],[-80,12],[-77,-17],[-66,-42],[-80,19],[-34,45],[-64,-9],[-139,-70],[-93,11],[-43,-62],[-75,-36],[-32,23],[-132,-57],[-32,-72],[-73,-43],[-30,-55],[48,-72],[-24,-117],[31,-112],[-102,-4],[-176,59],[-84,-19],[-122,-129],[-66,-13],[-17,-36],[-127,15],[-36,-34],[-71,14],[-107,-16],[-86,-87],[-69,31],[-127,-57],[-34,4],[-10,-87],[-52,-74],[-75,13],[-34,-45],[-130,-51],[-88,7],[4,-66],[-112,-117],[-73,21],[-34,-38],[-86,32],[-52,-6],[-19,-96],[-122,-78],[-64,-2],[-19,-41],[-79,-15],[-78,-100],[-20,11],[-144,-38],[-93,-79],[-79,-17],[-80,73],[-96,-39],[-104,-17],[-26,-154],[-182,-117],[3,-57],[-66,-113],[-55,-2],[-64,34],[-107,-72],[-48,-91]],[[100608,105192],[-82,6],[-84,68],[-166,-24],[-86,113],[-121,-28],[-152,22],[-32,-11],[-84,85],[-69,-4],[-38,-28],[-110,72],[-55,-8],[-56,-53],[-116,-28],[-71,108]],[[99286,105482],[70,6],[12,77],[77,125],[-27,91],[34,51],[14,132],[-23,140],[-62,102],[41,85],[1,68],[50,91],[39,28],[-17,123],[-84,144],[14,104],[-84,89],[18,30],[-41,85],[-3,112],[66,129],[17,172],[61,159],[-14,45],[-66,43],[10,104],[-53,65],[-79,91],[-17,62],[-68,57],[-39,-95],[-65,-53],[-69,-2],[-16,97],[-63,55],[-34,75],[-85,74],[-55,70],[-9,70],[82,164],[139,127],[112,138],[55,25],[29,217],[52,63],[-34,185],[84,89],[44,4],[0,130],[36,153],[-54,72],[2,68],[-78,59],[-56,-21],[-62,49],[0,42],[-46,79],[-40,21],[91,61],[-7,115],[47,95],[80,96],[119,-34],[113,70],[62,-51],[150,55],[77,-6],[167,62],[159,38],[71,-45],[88,24],[44,52],[93,41],[48,-43],[139,-17],[98,-38],[74,62],[-6,110],[34,62],[-16,84],[50,41],[-27,51],[29,61],[116,58],[85,-11],[150,45],[73,-92],[79,-55],[84,76],[89,20],[139,-38],[52,52],[185,-19],[102,-57],[96,-36],[148,102],[45,146],[-98,21],[-68,87],[0,111],[-22,119],[34,53],[-10,110],[-52,91],[12,37],[-26,70],[-66,23],[-49,74],[31,85],[-36,30],[-14,68],[46,78],[7,55],[-26,64],[112,45],[45,-5],[164,136],[42,-21],[59,36],[70,149],[68,46],[78,-4],[7,34],[-53,76],[23,83],[150,187],[55,13],[23,87],[39,29],[6,138],[71,19],[18,60],[73,66],[20,48],[133,98],[70,104],[70,30],[66,102],[55,27],[109,53],[-47,100],[-57,32],[-68,82],[-11,21]],[[103274,114233],[-23,43],[-2,5]],[[103249,114281],[-9,29],[0,26],[-36,17],[-105,-66],[-130,-9],[-9,3]],[[113016,105465],[-79,-23],[11,-59],[-29,-41],[-42,24],[44,70],[50,27],[45,2]],[[112998,105247],[-30,-9],[-141,-47],[0,1],[142,48],[29,7]],[[112065,104691],[39,-55],[-12,-41],[5,-63],[43,-32],[4,-32],[8,-7],[-8,-12],[-6,-13],[29,-15],[-72,-45],[-46,30],[-148,-66],[-39,-46],[-75,-166],[-105,-201],[-109,-308],[-29,-95],[-12,-117],[7,-98],[-27,-19],[-77,-214],[-21,-191],[18,-104],[-36,-28],[-27,-46],[-33,10],[-61,-66],[-39,-82],[-22,-191],[-75,-56],[-60,-144],[-68,-87],[-16,-96],[-79,-82],[-69,-206],[14,-74],[-60,-55],[-45,-168],[0,-115],[-59,-91],[-45,-130],[-55,-48],[-25,-64],[-21,-223],[16,-82],[139,-20],[0,-101],[-141,2],[0,-39],[95,-2],[37,-23],[-4,-68],[-107,0],[-1,-221],[50,-102],[42,3],[29,-73],[-50,-171],[-80,-49],[-38,-83],[-46,-62],[-55,-33],[-13,-166],[-30,-38],[-18,-38],[-78,-5],[-36,-80],[-102,-106],[-18,-62],[9,-286],[32,-334],[91,-449],[75,-283],[89,-274],[138,-347],[164,-385],[61,-125],[158,-359],[102,-191],[118,-82],[130,-257],[-25,-28],[2,-4],[-2,-2],[-2,4],[-28,-14],[-1,-20],[1,5],[24,12],[-16,-8],[9,-21],[-12,-7],[-7,12],[0,-18],[-139,-93],[-173,97],[-18,-8],[125,-89],[71,-68],[184,131],[84,11],[8,134],[6,99],[9,132],[1,0],[-8,-140],[-6,-91],[-9,-134],[-21,-53],[276,-459],[2,-67],[310,-495],[252,-380],[121,-161],[143,-136],[75,-17]],[[112545,93872],[-48,-45],[-197,-6],[-55,21],[-221,164],[-382,259],[-128,152],[-43,123],[-28,90],[-88,131],[-162,111],[-166,53],[-152,25],[-140,34],[-17,53],[-99,163],[-70,139],[-75,72],[-85,27],[-59,102],[-88,74],[-109,64],[-162,78],[-85,88],[-129,106],[-94,-140],[-20,-102],[-84,-51],[29,-128],[62,-59],[-112,4],[-109,98],[-105,66],[-81,-113],[-112,-30],[-137,-53],[-86,28],[-91,-2],[-142,-59],[-25,-5],[-100,-30],[-88,-72],[-39,-85],[-109,-104],[-98,-63],[-121,-15],[-154,68],[-67,27],[-127,-48],[-180,-136],[-91,-11],[-155,75],[-118,-26],[-103,-72],[-154,-62],[-91,-27],[-84,30],[-99,129],[-59,115],[-125,50],[-75,47],[-119,30],[-113,-72],[-64,42],[-45,70],[-110,38],[-134,85],[-102,91],[-46,9],[-146,-13],[-77,49],[-70,77],[-98,40],[-110,87],[-109,47],[-57,99],[53,109],[-33,61],[-84,21],[-57,-2],[-143,70],[-125,110],[-48,183],[-173,212],[-80,43],[-82,70],[-139,155],[-54,51],[-45,78],[-37,161],[-52,91],[-87,75],[-71,-53],[-15,-75]],[[103741,97233],[-35,-84],[-50,-17],[-156,65],[-123,-6],[-28,34],[-11,170],[-5,47],[-104,135],[-28,94],[-59,89],[-57,110],[-43,181],[23,161],[-46,78]],[[103019,98290],[7,22],[39,44],[106,-45],[8,87],[70,-10],[95,-40],[10,-34],[159,85],[96,80],[209,83],[294,115],[43,78],[41,168],[82,119],[-53,142],[35,82],[84,111],[57,-11],[129,43],[17,80],[63,-34],[-32,-55],[150,-42],[-20,-75],[71,-33],[63,25],[34,64],[-38,19],[23,244],[79,64],[101,19],[91,55],[150,17],[7,161],[75,68],[40,-45],[87,-25],[94,8],[91,81],[111,-9],[77,22],[48,-24],[55,3],[127,63],[44,68],[-32,76],[11,68],[210,-23],[77,-44],[79,10],[-13,91],[36,34],[146,39],[102,-9],[98,-153],[76,19],[159,-19],[61,62],[48,106],[41,51],[-11,116],[-5,53],[39,81],[-27,75],[36,27],[9,72],[68,140],[55,26],[50,91],[9,117],[89,2],[61,44],[-11,72],[103,24],[-46,45],[-55,118],[-7,132],[37,64],[-64,80],[27,45],[-29,167],[47,143],[-6,112],[-73,136],[-39,-11],[-4,104],[70,19],[-31,89],[15,51],[-95,109],[18,78],[-80,40],[27,34],[-38,90],[107,127],[88,-23],[21,44],[173,0],[27,43],[91,14],[30,41],[50,2],[-39,51],[3,72],[-35,85],[-116,78],[-57,60],[-59,116],[50,71],[-61,69],[30,24],[-30,63],[103,71],[6,84],[-27,113],[23,19],[-7,153],[-34,87],[-53,38],[14,61],[-43,43],[23,74],[-1,89],[21,37],[-32,122],[12,52],[-46,173],[-2,121],[41,81],[88,36]],[[110795,100234],[18,-46],[-4,-1],[-33,94],[0,2],[3,393],[2,0],[-4,-393],[18,-49]],[[103019,98290],[-87,17],[-20,66],[-86,-11]],[[102826,98362],[43,77],[-87,159],[-70,74],[-66,22],[-96,131],[48,68],[-21,81],[-140,36],[-67,-56],[-155,5],[-95,-17],[-137,2],[-100,129],[-41,-46],[-63,59],[-89,28],[-41,-36],[-167,-47],[-145,-40],[-152,-3],[-42,53],[71,34],[-86,83],[-108,-8],[-2,51],[-138,100],[-89,116],[-7,83],[96,0],[-32,76],[-210,132],[-70,85],[-148,112],[-34,128],[-42,42],[73,138],[44,25],[11,104],[75,102],[48,26],[22,97],[65,24],[33,87],[48,48],[-9,75],[75,-13],[60,19],[72,68],[-40,59],[-16,96],[-96,123],[30,136],[50,19],[100,144],[-30,123],[25,124],[96,-11],[79,34],[41,100],[67,31],[0,62],[72,49],[3,49],[-76,70],[-20,121],[-48,34],[-168,8],[-71,-53],[-77,-7],[-119,68],[-111,-57],[-98,94],[-123,0],[-159,31],[-53,81],[-59,36],[-73,4],[-13,56],[20,87],[-32,82],[0,62],[64,83],[4,86],[35,37],[-19,135],[96,73],[62,70],[29,95],[59,76],[-18,43],[45,155],[-116,53],[-8,95],[-35,32],[18,98],[57,15],[19,53],[98,36],[31,76],[-20,79],[18,40],[87,7],[43,44],[-21,45],[126,123],[-17,44],[-59,30],[-88,9],[-164,63],[-21,51],[-93,17],[-32,34],[57,57],[21,134],[34,51],[45,-2],[34,53],[-11,66],[71,82],[120,51],[-5,73]],[[102826,98362],[-35,75],[-88,-36],[18,-125],[-23,-20],[-95,9],[-151,-72],[-72,68],[-50,65],[-130,66],[-117,-59],[-154,-32],[-160,-77],[-114,-17],[-161,22],[-50,-9],[-16,-4],[-157,-27],[-98,2],[-66,17],[-84,53],[-121,112],[-82,28],[-20,66],[-192,93],[-86,100],[-50,65],[-73,22],[-79,63],[-101,-42],[-146,-89],[-106,-32],[-112,32],[-52,36],[-183,55],[-47,-64],[-107,32],[-82,-13],[-52,17],[-110,117],[-97,-19],[-32,59],[-83,-2],[-218,111],[-16,10],[-86,30],[-187,6],[-53,47],[-97,-142],[-84,-72],[29,-26],[-120,-197],[-62,-96],[-59,-131],[-150,-187],[-3,-95],[-54,-53],[20,-156],[41,-53],[-27,-65],[-94,2],[-52,-41],[-14,-123],[12,-68],[-93,-8],[-37,49],[-89,13],[-113,-85],[-73,-7],[-59,-87],[-76,15],[-52,68],[-86,-2],[-26,-117],[1,-61],[-96,-108],[-112,-62],[-122,55],[-151,-30],[-91,-63],[-50,-9],[-132,-61],[-23,-55],[-127,-45],[-27,-106],[-87,-77],[-25,-63],[-5,-40],[-118,-34],[-98,-3],[-91,-38],[-84,72],[-94,19],[-122,-42],[-7,-61],[-80,-175],[-95,-116],[-50,-38],[-75,-15],[-35,-73]],[[95036,96208],[-195,64],[-12,77],[-50,44],[-11,70],[-148,4],[-2,43],[-126,36],[-9,40],[-111,39],[104,207],[-14,41],[3,146],[-102,166],[4,53],[118,72],[10,104],[-51,76],[41,22],[-65,46],[-26,93],[-98,-19],[-175,36],[-41,54],[-20,114],[-76,72],[-56,73],[29,76],[73,10],[-5,-61],[46,-47],[84,-13],[64,41],[123,27],[77,34],[-63,85],[-18,75],[-37,55],[36,40],[78,30],[-28,116],[-90,-16],[-85,144],[5,112],[-84,83],[22,45],[-9,85],[18,38],[-47,114],[57,11],[43,59],[148,26],[55,49],[63,12],[69,81],[-1,47],[-45,65],[45,96],[-22,76],[-5,196],[32,46],[-12,53],[39,60],[-45,38],[-18,61],[22,62],[0,95],[-31,45],[0,74],[-32,39],[-60,55],[-86,-15],[-68,49],[-85,25],[-145,7],[-158,-43],[-131,-17],[-117,-144],[-93,2],[-77,36],[-107,70],[-121,-8],[-25,-41],[0,-78],[-91,34],[-148,2],[-16,66],[-7,86],[-79,-10],[-46,32],[-173,59],[-43,28],[-118,30],[18,173],[-25,87],[27,53],[-30,62],[9,79],[-29,89],[73,163],[-27,85],[11,59],[63,49],[17,53],[-12,85],[43,17],[91,127],[-22,39],[18,82],[-66,83],[55,106],[15,94],[51,23],[54,100],[71,0],[38,32],[46,123],[-12,82],[57,19],[57,69],[66,12],[73,-40],[94,32],[54,36],[139,30],[36,38],[39,108],[-57,25],[-77,79],[18,149],[143,63],[50,49],[137,30],[119,2],[68,-57],[91,122],[68,-16],[69,-54],[50,49],[38,83],[68,-8],[98,42],[55,32],[216,38],[57,40],[112,34]],[[94900,103521],[77,-19],[64,24],[22,65],[50,37],[-4,93],[46,47],[214,-88],[66,-57],[73,-29],[63,16],[94,-29],[27,30],[22,99],[89,62],[94,-28],[75,104],[-16,34],[39,98],[-5,93],[-61,216],[147,-6],[92,-49],[52,0],[61,41],[89,23],[32,62],[189,21],[218,53],[5,47],[-46,95],[-57,17],[7,76],[34,41],[-41,91],[48,125],[60,36],[16,64],[66,15],[75,-21],[34,21],[109,-40],[37,-37],[63,37],[3,131],[-42,83],[17,74],[-80,98],[-25,214],[20,45],[2,207],[28,26],[252,-23],[121,89],[121,-45],[143,40],[20,69],[192,133],[57,0],[88,110],[-20,87],[21,107],[-9,50],[54,132],[118,-34],[34,-74],[60,-4],[73,-208],[111,-66],[36,-85],[101,-59],[73,-20],[70,-108],[-36,-169],[43,-87],[50,-45],[57,11],[98,-49],[109,46],[82,5],[73,-143],[-48,-57]],[[99541,98719],[-2,11],[-5,2],[-4,-9],[11,-4]],[[103741,97233],[59,-208],[50,-74],[143,-182],[69,-60],[15,-70],[-31,-65],[29,-200],[-22,-51],[102,-136],[-12,-74],[66,-64],[35,-146],[95,-151],[96,-57],[52,-66],[60,-123],[125,-199],[75,-249],[-25,-135],[-50,-87],[-12,-134],[25,-106],[-22,-113],[-3,-108],[43,-132]],[[104703,94243],[-54,11],[-80,-28],[-50,43],[44,80],[-48,34],[-98,-27],[-19,-34],[-79,53],[-73,42],[-96,-72],[-47,39],[2,78],[34,62],[-30,31],[-65,-65],[-89,2],[-82,-32],[-107,28],[-62,86],[-34,7],[-52,-47],[-85,-27],[0,-34],[82,-89],[-47,-102],[-51,-9],[-88,-55],[4,68],[-38,27],[-78,-27],[-18,32],[-107,14],[-93,62],[-7,4],[-75,19],[-77,-19],[-71,13],[-134,0],[-57,-23],[-100,-74],[-76,-100],[-15,-126],[-48,34],[-114,3],[9,42],[-57,32],[-27,4],[-43,-2],[-53,-72],[-63,-47],[-96,-46],[-128,-79],[-22,13],[20,53],[7,135],[-143,-55],[-114,-29],[54,63],[75,15],[89,60],[5,82],[-50,26],[79,116],[-45,45],[-101,-129],[-74,-56],[-51,1],[-61,-54],[-80,-40],[-143,11],[-68,-62],[-80,-2],[-23,-36],[-145,-25],[-174,-11],[-120,32],[-52,-47],[-57,-9],[-92,28],[-11,47],[21,30],[-12,44],[-82,26],[-11,85],[-152,31],[-28,30],[-114,-45],[-20,17],[-66,58],[-44,127],[-6,59],[-39,64],[-71,-11],[-13,105],[-159,44],[-80,2],[-93,-36],[-67,21],[-81,-14],[-42,33],[-40,-34],[-162,96],[-78,-51],[-88,-9],[-148,77],[-87,25],[-34,60],[-98,55],[-100,26],[-193,-7],[-94,24],[-70,18],[-75,56],[-82,-30],[-91,19],[-30,38],[-64,13],[-100,98],[-116,82],[-105,-2],[-81,-129],[-126,-26],[-54,36],[-89,-27],[-23,-43],[-87,-34],[-95,-137],[9,-53]],[[96930,94940],[-145,-56],[-124,38],[-98,-59],[-58,-66],[-53,70],[-48,-2],[-84,100],[-55,15],[-50,57],[-91,26],[-107,-49],[-32,34],[-122,-34],[-42,76],[-93,19],[-43,38],[7,58],[-30,110],[-96,70],[-95,-13],[-61,32],[-75,-8],[-82,40],[-33,-17],[-49,51]],[[95171,95470],[0,78],[77,113],[7,98],[-68,59],[-44,121],[-93,78],[-23,54],[9,137]],[[112545,93872],[84,-19],[26,-13],[43,-78],[-23,-22],[-4,-31],[13,-51],[18,-39],[-18,-10],[-20,-30],[-41,-189],[-121,22],[-46,51],[-25,80],[-57,28],[-122,-4],[-110,-30],[-341,-117],[0,-2],[-89,-45],[-93,-10],[-121,13],[-77,67],[-180,-10],[-230,-75],[-166,-82],[-157,-104],[-110,-77],[-427,-356],[-276,-251],[-246,-252],[-141,-176],[-68,-106],[-37,-102],[-57,-28],[-91,-114],[-140,-230],[-119,-259],[-96,-277],[-57,-236],[-40,-214],[0,-132],[-10,-110],[14,-257],[41,-144],[64,-39],[63,-120],[10,-94],[-80,-172],[-37,-167],[7,-145],[34,-25],[-2,-144],[-104,-257],[11,-77],[-73,-101],[-2,-45],[-82,-77],[-53,-8],[-70,34],[-82,-23],[-21,-37],[-95,-91],[-20,-89],[-44,-63],[-18,-113],[-103,-9],[0,83],[-66,39],[-59,-7],[-93,-159],[-75,2],[-155,36],[-84,-47],[-4,-51],[-105,-59],[-14,-64],[-102,13],[-67,-21],[-75,-45],[-20,3],[0,23],[-37,36],[8,45],[-26,38],[-4,19],[-23,4],[-143,-68],[-16,19],[-23,15],[-119,-21],[-16,-43],[-140,45],[-103,-55],[-107,-89],[-30,-47],[-6,-108],[-50,-66],[9,-42],[-117,-94],[-17,-61],[-62,-13],[-2,-47],[-18,-17],[-5,7],[-9,6],[0,4],[-2,0],[-1,0],[-2,-2],[-6,4],[-17,-2],[-9,9],[-11,0],[2,6],[-6,-4],[-1,4],[-4,2],[-3,-6],[-9,2],[-34,4],[-29,-2],[-142,-68],[-81,-53],[-87,-108],[-34,10],[-36,-17],[-19,-21],[-40,-21],[-16,-13],[-169,-203],[-41,-92],[-20,-119],[-35,-48],[-4,-45],[-48,-89],[34,-149],[-9,-23],[9,-30],[-7,-2],[1,-21],[-5,-8],[0,-15],[-7,-2],[2,-2],[-7,-7],[-6,-4],[0,-7],[-14,-10],[5,-13],[-12,-6],[-9,-7],[-9,1],[5,-11],[-10,-9],[-6,-2],[-3,0],[-4,-4],[-2,0],[0,-4],[0,-2],[-3,0],[-2,-5],[-5,-8],[1,-19],[-23,-11],[-9,-8],[-28,-34],[-34,-4],[0,-60],[-41,-19],[-14,-13],[-18,2],[-6,-10],[-1,-4],[-23,-7],[-6,-2],[-71,-17],[-25,-40],[-43,13],[-18,-1],[-10,-27],[-84,8],[-63,-14],[-26,-13],[-4,4],[-18,2],[-3,-6],[-9,4],[3,0],[-2,2],[-9,-2],[-3,0],[-9,-2],[-5,6],[-6,-2],[-3,2],[0,-4],[-15,2],[-5,7],[-7,-1],[0,-4],[-18,0],[-19,4],[-45,28],[-161,-40],[-174,82],[1,0],[2,0],[-16,34],[4,20],[5,16],[16,11],[-11,26],[25,48],[-19,51],[-75,81],[-71,47],[-225,100],[-20,-1],[-3,0],[0,-4],[-4,-2],[-7,0],[-2,2],[0,-2],[-7,-6],[-14,2],[-11,6],[0,-4],[0,-4],[-27,17],[6,8],[0,4],[-16,5],[-16,-2],[-11,8],[-13,6],[-1,-2],[-24,2],[0,22],[-46,36],[18,36],[-2,8],[-4,15],[-1,4],[-9,2],[14,43],[218,0],[35,-36],[88,10],[126,51],[73,2],[63,113],[102,9],[3,-54],[64,-8],[48,47],[24,112],[-4,89],[-28,89],[-43,51],[-64,0],[-68,66],[-48,6],[-16,-16],[-61,40],[-23,12],[-36,9],[25,49],[77,-49],[57,34],[23,61],[-16,51],[-27,-2],[-11,73],[-39,120],[166,104],[-5,90],[-41,72],[-64,0],[-31,135],[57,94],[61,61],[-18,83],[-55,72],[-16,58],[-56,17],[-26,17],[-11,135],[2,164],[57,117],[59,57],[105,47],[37,44],[148,62],[33,110],[-15,115],[-37,112],[-52,79],[-89,91],[39,61],[9,68],[-87,89],[-223,111],[-239,76],[278,30],[-27,74],[64,23],[123,71],[-19,40],[-68,-11],[-48,75],[121,140],[77,-117],[41,25],[-2,87],[-103,87],[55,77],[141,-79],[160,-57],[40,2],[1,91],[56,-10],[82,50],[51,56],[56,17],[2,31],[-20,9],[21,25],[-30,-2],[-9,24],[-55,-21],[-36,144],[-39,80],[-4,106],[40,18],[12,61],[152,83],[148,30],[71,-9],[21,136],[90,25],[23,-78],[78,-21],[-71,195],[134,61],[82,-171],[21,21],[-46,102],[37,23],[47,-62],[32,22],[-45,63],[71,45],[132,-113],[-35,47],[-4,78],[-48,45],[80,113],[91,-51],[27,36],[-89,63],[69,98],[70,-43],[28,41],[-65,46],[101,141],[63,-41],[23,32],[-56,49],[61,85],[27,-9],[77,70],[107,-97],[74,-45],[42,30],[-91,42],[19,113],[47,4],[115,-49],[27,7],[-3,21],[-197,81],[47,52],[157,26],[-45,199],[-41,37],[-135,10],[76,113],[-41,-22],[-84,92],[-42,-28],[71,-83],[-21,-49],[-118,136],[-334,323],[-75,81],[-48,50],[-215,-31],[-8,55],[134,-4],[-7,57],[-132,-17],[-25,172],[-66,17],[-94,-17],[-83,-94],[-187,-51],[-78,-59],[-20,-49],[173,-146],[-241,-155],[-101,-76],[-34,80],[-43,-28],[-128,34],[-9,128]],[[104521,92843],[98,63],[32,107],[-11,146],[16,85],[129,30],[41,23],[82,119],[-22,100],[-142,150],[-6,81],[23,55],[-12,68],[-73,57],[-4,4],[-55,77],[-30,85],[26,59],[88,47],[2,44]],[[106254,92353],[161,-7],[18,-95],[55,-70],[-211,-9],[-23,181]],[[105275,93168],[-41,10],[34,74],[121,-12],[16,-94],[-62,9],[-68,13]],[[104531,91166],[8,-4],[44,-36],[-5,-8],[-32,27],[-9,4],[-11,11],[5,6]],[[106420,87402],[16,-15],[-2,-9],[-19,2],[2,9],[-4,9],[7,4]],[[103677,89708],[9,-4],[7,2],[4,-12],[-22,0],[-9,12],[11,2]],[[104064,87720],[2,-6],[-4,-17],[-9,6],[-7,-4],[-3,8],[3,11],[9,6],[9,-4]],[[104521,92843],[-73,-2],[-107,42],[7,134],[-40,2],[-37,-134],[-5,-89],[-54,7],[5,93],[-215,-36],[-56,-40],[8,-98],[-29,-43],[-55,79],[-38,-25],[-91,146],[132,102],[-23,32],[-137,-98],[-68,96],[-25,-34],[-7,-153],[-64,-22],[-20,-93],[2,-185],[-23,-31],[-9,-121],[98,-249],[43,-40],[58,83],[118,15],[130,-215],[65,-89],[-116,-68],[-86,32],[-66,-10]],[[103743,91831],[-164,99],[-139,5],[-39,-41],[-70,24],[-71,-53],[-114,-13],[-45,47],[45,78],[-4,38],[-178,77],[-40,46],[-58,181],[-49,49],[-67,4],[-97,78],[-100,89],[-155,83],[-126,24],[-52,0],[-157,59],[-75,80],[-103,17],[-15,22],[-182,57],[-33,-57],[16,-43],[-47,-15],[-25,-59],[-91,-17],[-69,-53],[21,-123],[-69,-2],[-63,53],[-43,85],[-67,17],[-31,38],[-121,-123],[28,-41],[90,15],[60,-78],[47,-15],[144,-129],[-3,-34],[107,-68],[-132,-140],[-66,99],[57,117],[-114,-27],[-50,-105],[5,-93],[75,-10],[23,-115],[-18,-42],[54,-75],[-4,-148],[-77,-87],[65,-70],[-70,-26],[-71,9],[-36,152],[-61,24],[20,74],[-78,70],[-29,57],[-135,90],[-50,87],[-36,23],[-39,44],[-36,89],[-64,20],[-16,70],[-66,6],[-245,134],[-37,-2],[-153,53],[-70,-7],[-73,28],[-54,-21],[-121,17],[-53,55],[-81,15],[-114,-39],[-34,-67],[-57,17],[-44,-24],[-184,125],[-9,54],[-70,53],[9,38],[-48,72],[2,83],[-36,36],[-108,36],[-54,-53],[-102,-19],[-80,59],[-18,100],[-44,59],[-120,-12],[-84,55],[-44,-3]],[[98464,93167],[-38,47],[-116,79],[-57,59],[-110,-6],[-86,49],[-78,-2],[-164,93],[-45,44],[-64,19],[-132,104],[-14,51],[-70,109],[-4,2],[-55,114],[-105,49],[-25,77],[-45,57],[22,125],[-79,66],[-53,151],[-9,260],[-57,-17],[-122,132],[9,60],[-37,51]],[[103681,92724],[67,49],[43,-19],[-11,-55],[95,-138],[-48,-75],[-111,160],[2,17],[-37,61]],[[103556,92701],[14,93],[34,-55],[2,-83],[-54,-4],[4,49]],[[103996,92440],[-14,21],[120,78],[55,-101],[-111,-71],[-50,73]],[[104077,92561],[12,-9],[-218,-140],[-8,28],[64,95],[96,60],[54,-34]],[[104264,92779],[-13,-174],[-25,-15],[-66,70],[-12,106],[116,13]],[[103916,92637],[-27,-34],[-73,108],[38,24],[62,-98]],[[104139,92853],[66,7],[-2,-21],[-62,-7],[-2,21]],[[103891,92391],[-9,6],[84,55],[5,-8],[11,-13],[50,-74],[-48,-30],[-93,64]],[[103522,92359],[-4,115],[22,40],[12,125],[72,-28],[14,-59],[78,-125],[45,-91],[71,-62],[-35,-28],[-222,0],[-53,113]],[[103643,92225],[75,0],[-64,-99],[-57,34],[-7,59],[53,6]],[[104073,91820],[25,89],[52,-8],[-77,-81]],[[104390,92843],[8,-2],[17,-5],[-1,-10],[-11,8],[-11,3],[-28,6],[-20,-2],[0,12],[7,5],[14,0],[20,-9],[5,-6]],[[104465,92826],[20,-11],[-2,-10],[-21,17],[-9,-7],[-13,4],[-3,9],[12,2],[16,-4]],[[101631,92754],[-3,-4],[-4,4],[-2,4],[9,-4]],[[100508,92376],[-2,0],[0,-2],[2,2]],[[103743,91831],[-16,-20],[107,-76],[32,-108],[-5,-53],[-88,51],[-32,-36],[-50,42],[-75,161],[-121,-110],[22,-119],[-305,-155],[-125,-66],[-25,81],[-40,-25],[36,-81],[-160,-62],[-49,83],[17,-59],[-202,-15],[-37,-45],[-17,-61],[-37,-2],[41,-11],[-25,-81],[71,-16],[63,-85],[44,61],[52,-44],[55,44],[91,-95],[75,-22],[-42,-121],[-34,-4],[-20,5],[9,-13],[12,-11],[0,-15],[-14,-10],[-14,-55],[12,-51],[-80,-77],[-139,98],[-84,-15],[25,-85],[-107,-23],[-52,12],[-32,-53],[75,-15],[43,-42],[-59,-61],[38,-11],[96,74],[62,-30],[-60,-91],[37,-48],[4,-128],[50,-63],[0,-111],[-129,-25],[-62,-34],[-32,-62],[-52,6],[66,-48],[5,-30],[31,13],[1,4],[6,8],[2,0],[0,1],[1,2],[2,2],[2,2],[2,2],[23,45],[68,-28],[96,8],[-209,-311],[82,10],[82,-121],[18,60],[66,17],[-30,78],[102,-2],[46,-45],[-46,-87],[25,-66],[69,-44],[43,-87],[100,-26],[198,1],[100,-26],[55,-78],[-43,-18],[-27,-19],[-37,-84],[-107,-5],[75,-108],[-55,-49],[-75,-2],[21,-55],[52,2],[21,-64],[-264,-25],[-59,-21],[-169,-136],[-80,-119],[5,-72],[36,-23],[26,-113],[132,-27],[-7,-19],[11,-7],[-4,-8],[9,-3],[4,-17],[-14,-21],[5,-23],[-23,-70],[-66,25],[-98,-29],[-90,-11],[-49,32],[-206,-19],[-60,34],[30,36],[-12,83],[55,65],[50,38],[-47,13],[6,22],[-7,23],[28,19],[-37,159],[-54,32],[-50,4],[27,55],[-9,43],[73,61],[73,-23],[36,79],[-48,42],[-153,53],[10,59],[-34,71],[-46,52],[-68,70],[-64,18],[-4,0],[-3,-5],[-5,4],[26,26],[-60,100],[-24,184],[13,79],[-143,10],[-14,49],[2,34],[-57,49],[-89,8],[-70,-67],[-132,31],[-171,24],[-48,-26],[-52,64],[-64,34],[-116,28],[-136,14],[-119,-8],[-72,-23],[-92,21],[-52,-21],[-186,-7],[-130,-2],[-232,-28],[-146,-61],[-351,-83],[-161,-44],[-128,-62],[-214,-89],[-175,-157],[-127,-70],[-110,-100],[-77,-47],[-52,-129],[6,-163],[-34,-89],[14,-113],[-23,-89],[64,-111],[-37,-38],[1,-19],[29,-15],[-5,-25],[9,-17],[-9,-36],[46,-41],[68,-2],[35,-57],[-90,-10],[-25,38],[-86,40],[-45,23],[-96,-17],[-70,-76]],[[98301,88015],[-174,-11],[-143,49],[-54,-12],[-217,65],[-75,-10],[-34,106],[25,40],[-23,104],[-41,62],[-63,6],[-101,72],[-70,87],[-43,19],[0,115],[-44,47],[11,40],[-34,114],[-29,22],[23,36],[-35,83],[9,154],[48,58],[37,83],[59,65],[93,49],[50,200],[-9,31],[59,90],[14,67],[-63,79],[-23,119],[36,76],[-45,32],[-9,134],[-58,85],[25,144],[-66,46],[-79,-18],[-32,29],[-87,2],[-25,-29],[-150,-7],[-86,-21],[-52,19],[-121,-4]],[[96705,90532],[13,104],[62,38],[41,108],[-32,39],[5,70],[82,108],[27,8],[152,123],[160,15],[82,96],[159,10],[54,51],[105,9],[25,76],[52,23],[57,81],[16,100],[44,8],[72,-29],[48,17],[162,27],[70,94],[80,50],[80,113],[-16,110],[134,125],[-6,177],[-51,57],[66,76],[30,115],[-43,59],[48,32],[-83,79],[0,97],[28,77],[-80,125],[116,167]],[[103074,91160],[63,-98],[-56,-51],[-183,104],[-6,45],[163,64],[19,-64]],[[103324,91204],[-102,-53],[-55,98],[-48,42],[118,69],[162,86],[5,-72],[55,-101],[-135,-69]],[[102673,91251],[84,-44],[-31,-30],[-83,45],[30,29]],[[103049,90629],[29,-29],[-36,-75],[-69,-65],[-91,95],[73,70],[94,4]],[[102580,89849],[30,-32],[-37,-38],[-32,55],[39,15]],[[102673,89931],[2,-42],[-34,13],[32,29]],[[103700,91557],[61,-64],[-269,-142],[-77,93],[203,109],[82,4]],[[103606,91739],[51,-110],[-115,-40],[-24,102],[88,48]],[[102723,89628],[37,-55],[-66,-68],[-37,53],[66,70]],[[103076,89437],[12,-11],[-12,-6],[-4,-7],[0,-10],[-10,-2],[-4,6],[2,9],[16,21]],[[102330,88809],[20,-21],[-3,-1],[-17,3],[-12,0],[-4,8],[8,2],[8,9]],[[101339,89583],[37,-42],[-30,-9],[-16,2],[-4,-2],[-3,4],[-4,-6],[-5,6],[-4,-4],[-1,2],[0,2],[-2,0],[-2,0],[0,1],[-2,0],[0,4],[-2,-2],[-5,-2],[0,-5],[-4,2],[-1,2],[0,-6],[-6,7],[-3,-3],[-13,7],[70,42]],[[102379,87981],[92,-13],[8,-40],[-97,4],[-3,49]],[[94900,103521],[-32,73],[-3,121],[-31,70],[-64,6],[-86,70],[18,97],[102,41],[43,55],[-2,47],[53,104],[-123,146],[77,79],[2,131],[27,64],[-41,81],[-98,65],[-157,7],[-52,61],[-227,100],[-46,70],[27,119],[-66,44],[-138,-15],[-55,81],[22,96],[-61,63],[16,215],[-9,32],[21,191],[-14,97],[-87,94],[-38,86],[-10,96],[-33,57],[-108,22],[-34,-22],[-98,-4],[-63,38],[-34,55],[-39,-25],[-151,-26],[-33,13],[-46,-59],[-84,12],[-110,-38],[-106,19],[-33,-46],[-68,-19],[-93,-68],[-159,-39],[-7,-33],[-87,-7],[-54,-27],[-26,-64],[-99,-77],[31,-40],[-52,-40],[-53,-81],[-11,-65],[-36,-37],[6,-89],[-56,-102],[-71,-46],[-48,-81],[-113,60],[-96,-17],[-175,-140],[-18,-96],[-30,-40],[73,-98],[-51,-83],[1,-46],[-37,-47],[62,-100],[-62,-70],[-9,-51],[-104,-47],[-35,32],[9,106],[-27,53],[-155,47],[-164,-12],[-134,40],[-59,-89],[-84,-53],[-146,-19],[-9,-32],[-112,-39],[-175,26],[-80,34],[-52,-24],[-86,22],[-71,-64],[-57,-2],[-82,-76],[-64,-56],[-68,-127],[18,-62],[-59,-65],[-130,-38],[-4,74],[-55,23],[-91,-10],[-41,80],[-96,17],[-113,74],[89,119],[49,34],[-36,98],[7,78],[36,30],[44,98],[43,44],[-5,128],[-77,-7],[-50,26],[-14,104],[-89,10],[-93,56],[-125,-24],[-55,24],[-59,-85],[-75,29],[-48,79],[-125,12],[-102,54],[-71,-20],[-84,-61],[-61,-15],[-121,26],[-32,31],[-91,-29],[-7,-58],[73,-42],[-80,-115],[37,-34],[16,-91],[79,-46],[-36,-92],[-43,-10],[-101,-128],[9,-55],[-97,-89],[-116,-163],[0,-96],[-67,-19],[-24,-76],[-167,-94],[-50,-17],[-14,-72],[-79,-61],[-52,6],[-89,-59],[-19,-13]],[[87260,103789],[-38,80],[-66,51],[9,113],[29,51],[-27,38],[-14,89],[-36,53],[-105,83],[19,74],[-12,132],[18,101],[-25,179],[-59,40],[-98,155],[-2,100],[43,36],[0,144],[21,40],[-59,81],[-18,89],[-101,-19],[-93,7],[-62,51],[-111,52],[-70,60],[-49,89],[-115,74],[-21,30]],[[86218,105862],[132,9],[59,40],[78,10],[98,47],[168,36],[548,225],[381,121],[125,94],[137,46],[320,75],[224,86],[134,92],[95,48],[73,102],[100,24],[96,61],[21,39],[104,53],[55,57],[25,-2],[16,27],[4,2],[32,20],[3,2],[38,-5],[32,11],[29,-15],[85,24],[173,110],[75,97],[13,28],[5,25],[62,47],[125,94],[70,118],[85,37],[172,-35],[73,-59],[39,-6],[21,6],[72,-10],[16,-17],[14,-3],[119,7],[91,23],[159,57],[86,-19],[75,11],[126,47],[125,97],[64,75],[82,57],[90,6],[-47,57],[61,73],[64,-73],[248,198],[325,291],[513,505],[155,152],[75,19],[123,119],[27,-8],[118,72],[18,23],[37,7],[27,25],[-2,26],[57,0],[38,6],[121,45],[96,87],[139,31],[40,60],[25,6],[23,28],[18,23],[19,24],[236,364],[30,77],[141,252],[71,179],[-2,106],[106,29],[35,81],[48,30],[163,242],[41,63],[91,81],[117,64],[184,135],[111,187],[50,128],[128,144],[14,59],[77,170],[4,53],[57,89],[126,467],[25,144],[6,134],[59,96],[28,136],[36,103],[71,140],[30,94],[16,21],[6,60],[208,278],[152,144],[77,70],[235,168],[159,91],[64,57],[100,45],[244,142],[271,172],[432,320],[36,53],[67,-21],[77,70],[123,26],[31,40],[123,0],[112,36],[54,-19],[310,125],[9,-4],[101,31],[20,13],[21,0],[15,5],[7,10],[12,0],[31,9],[59,27],[30,58],[84,44],[50,-34],[58,-136],[-3,-42],[19,-9],[24,-44],[7,59],[-70,196],[16,69],[113,75],[39,-22],[77,60],[51,28],[43,29],[16,13],[66,45],[93,78],[207,183],[176,178],[120,134],[301,398],[161,242],[23,22],[43,97],[128,210],[-16,155],[72,176],[103,181],[7,74],[-73,51],[5,9],[2,8],[5,8],[11,34],[0,36],[22,51],[-8,22],[0,27],[-1,7],[1,2],[0,2],[11,15],[13,32],[5,65],[-13,43],[29,244],[-11,27],[-9,9],[0,2],[-1,2],[0,13],[-4,2],[4,2],[1,40],[20,54],[11,118],[-11,53],[2,0],[-2,2],[2,0],[0,1],[2,4],[-4,6],[7,4],[2,9],[2,25],[-2,13],[-5,32],[-9,6],[3,5],[-2,12],[-1,6],[-2,3],[-2,4],[-2,0],[7,53],[77,195],[-43,79],[4,12],[9,7],[7,57],[12,0],[29,34],[39,93],[4,64],[123,159],[-7,60],[16,17],[7,21],[27,40],[57,64],[53,142],[23,25],[6,28],[-4,7],[22,19],[5,4],[0,4],[-5,9],[5,14],[4,19],[-2,20],[53,61],[52,96],[9,49],[130,180],[100,185],[-18,95]],[[97972,115443],[-2,0],[-20,-53],[-2,0],[41,107],[25,27],[-23,-28],[-19,-53]],[[91435,108243],[-114,-129],[-27,-30],[-2,0],[27,30],[139,159],[2,-2],[-25,-28]],[[93320,118992],[64,-11],[36,9],[48,-94],[-71,-76],[-15,-138],[-21,-47],[11,-102],[-13,-134],[4,-74],[-18,-91],[5,-42],[-17,-19],[-9,-70],[-79,-153],[-21,-221],[-77,-93],[-41,-123],[-136,-179],[-8,-40],[-74,-110],[-25,-119],[-46,-58],[-52,-125],[22,-129],[-27,-75],[18,-114],[118,-100],[132,-61],[107,-32],[28,6],[68,68],[57,15],[30,-7],[25,15],[31,-19],[96,11],[119,70],[143,25],[36,28],[5,2],[21,19],[36,-27],[29,4],[32,-51],[-25,-42],[25,-117],[-43,-62],[-30,-133],[-82,-107],[-25,-68],[5,-46],[-39,-111],[-59,-46],[-9,-45],[-59,-68],[-34,-85],[-48,-50],[-2,-41],[-69,-129],[-13,-43],[0,-15],[-64,-101],[0,-43],[7,-25],[-5,-13],[-2,-11],[-11,-27],[0,-28],[-9,-4],[-12,-34],[9,-38],[-82,-11],[-139,-165],[-20,-55],[-180,-66],[-57,-68],[-118,-34],[-85,-79],[-49,-25],[-1,-57],[-86,-24],[-118,-116],[-35,-52],[-34,-8],[-18,-28],[-64,-42],[-9,8],[-9,-4],[-13,-27],[-21,-15],[-7,0],[-6,-9],[-44,-12],[-9,2],[-27,-5],[-43,-38],[-41,15],[-119,-21],[-32,23],[-136,-2],[-53,-55],[-48,11],[-86,-58],[-9,-46],[-78,-3],[-56,-48],[-117,-30],[-109,45],[-48,-13],[-29,15],[-27,6],[-19,13],[-7,-4],[-2,6],[-6,0],[-16,2],[-12,-4],[-7,8],[-2,15],[-20,19],[-66,58],[25,80],[29,11],[14,32],[32,44],[68,-17],[57,32],[109,-8],[36,52],[82,-18],[78,61],[89,146],[43,113],[-16,27],[54,79],[5,66],[-9,46],[-91,102],[52,77],[3,48],[61,35],[68,72],[37,82],[196,96],[27,63],[66,35],[16,27],[9,28],[-20,119],[-107,133],[-78,75],[-100,59],[-64,17],[-102,-4],[-60,-17],[-38,-24],[-12,-97],[-88,-75],[-73,-197],[-39,38],[-104,60],[-21,-2],[-21,29],[-4,24],[-23,0],[61,40],[5,114],[-18,130],[-96,53],[55,85],[66,23],[20,24],[3,34],[-32,72],[23,78],[-25,43],[11,38],[-23,66],[60,46],[59,89],[-67,45],[37,81],[11,2],[5,4],[18,15],[0,13],[-2,21],[36,-9],[44,15],[27,28],[-9,36],[64,72],[2,34],[34,21],[-11,64],[156,119],[10,87],[16,2],[16,10],[57,77],[11,133],[68,32],[30,94],[89,150],[-1,32],[42,7],[34,-2],[2,8],[32,4],[55,24],[40,27],[30,49],[73,34],[71,74],[31,68],[46,15],[47,34],[30,42],[-7,22],[119,101],[95,43],[46,-2],[52,6],[71,74],[-2,77],[56,74],[-13,59],[-19,30],[94,134],[14,78],[88,62],[-4,81],[80,-11],[45,38],[125,58],[73,2]],[[93167,119032],[3,-42],[-34,23],[31,19]],[[91171,116608],[7,1],[0,-13],[-7,-7],[-7,-19],[0,-23],[-7,4],[1,7],[9,23],[4,13],[-4,6],[4,8]],[[99484,120532],[18,-13],[12,1],[11,-9],[7,6],[20,-4],[-47,-63],[-39,-168],[4,-30],[-52,-85],[-177,-155],[-92,2],[64,96],[18,66],[-15,42],[70,51],[18,28],[37,44],[2,15],[-4,13],[-8,6],[153,157]],[[87260,103789],[-68,-119],[-20,-28],[63,-102],[-68,-133],[14,-74],[-21,-138],[53,-105],[-19,-65],[44,-15],[-11,-94],[18,-114],[-32,-59],[-3,-113],[-41,-195],[-36,-21],[-23,-115],[75,-185],[-43,-67],[-141,12],[-46,-13],[-98,-93],[-120,-72],[-37,-6],[-50,-68],[14,-83],[-41,-153],[160,-10],[49,-20],[-52,-78],[14,-85],[-69,-32],[-115,-17],[-46,15],[-71,-47],[-20,-157],[-70,-2],[-46,-47],[-11,-80],[49,-94],[-13,-114],[-80,-40],[-45,-85],[-18,-140],[-35,-62],[-88,-13],[-42,-48],[-68,-7],[-45,-89],[14,-61],[-107,-124],[-41,2]],[[85827,100136],[-80,30],[-148,-53],[-159,51],[-82,102],[-80,26],[-61,101],[-8,68],[-122,26],[-44,-24],[-143,17],[-46,-82],[-63,-45],[-66,36],[-85,-17],[-50,60],[-213,40],[-51,27],[-72,88],[-1,186],[-49,17],[-224,-70],[-32,-66],[3,-68],[-66,-33],[-93,10],[-46,-40],[-70,-13],[-41,-38],[-53,8],[-64,106],[71,53],[-3,70],[35,22],[-9,95],[-82,28],[-68,-55],[-169,65],[-112,-63],[-63,-70],[-71,104],[-134,-172],[-75,-6],[-73,-54],[-5,-76],[-64,23],[1,41],[-84,95],[-30,81],[-123,-38],[-59,44],[-73,9],[-41,-72],[-102,-56],[-148,-206],[-17,-48],[-86,-17],[-79,-157],[-48,2],[-10,-149],[-132,2],[-107,-87],[-59,-32],[28,-61],[-60,-130],[-45,-65],[79,-30],[-50,-38],[-2,-89],[-121,-117],[-157,-15],[23,-64],[-86,-108],[-23,-82],[-43,-28],[-101,4],[-122,-125],[-71,30],[-70,2],[59,142],[47,225],[-59,36],[-20,81],[-53,116],[-125,94],[-61,-5],[-77,62],[-126,57],[-143,-148],[-59,-36],[-51,48],[-4,134],[-59,32],[-37,-83],[7,-55],[-111,-21],[-62,34],[-56,-36],[43,-138],[-34,-96],[-48,-76],[-48,-125],[-143,2],[-41,32],[-96,-66]],[[79321,99256],[-32,127],[18,34],[-13,87],[-42,43],[24,38],[-19,89],[21,57],[154,70],[7,77],[-50,59],[-2,110],[-18,34],[-25,166],[-134,127],[-62,-4],[-21,91],[7,72],[71,2],[66,71],[73,50],[-50,58],[0,49],[75,70],[-21,127],[57,97],[-63,113],[18,55],[-16,85],[72,113],[73,152],[35,142],[-44,75],[-77,80],[-94,11],[35,130],[-9,65],[-48,30],[11,119],[-50,95],[21,142],[65,13],[49,53],[-1,77],[64,34],[-4,49],[57,61],[38,81],[32,125],[-41,47],[-54,-3],[18,174],[-117,66],[-74,75],[33,91],[46,30],[166,6],[16,91],[96,30],[45,19],[50,104],[32,32],[16,93],[-18,74],[-45,49],[61,55],[27,81],[-31,64],[-12,106],[91,159],[-29,104],[56,28],[-16,118],[9,53],[73,22],[18,50],[78,88],[21,82],[-35,30],[-29,108],[9,66],[55,72],[82,108],[84,17],[75,37],[61,69],[43,98],[173,77],[42,4],[77,-70],[84,-43],[64,70],[36,132],[91,13],[59,-49],[141,23],[48,-13],[85,45],[114,-78]],[[81443,105661],[-92,-79],[-109,-113],[45,-150],[-59,-96],[-61,-31],[-53,-107],[-70,-99],[-62,-43],[-22,-59],[-62,-17],[1,-79],[40,-80],[7,-68],[128,-164],[84,-74],[143,-104],[84,-44],[101,-121],[50,33],[41,-42],[2,-66],[148,-102],[84,-23],[32,38],[61,-57],[12,-60],[-125,20],[18,-9],[5,-11],[4,-14],[-4,-5],[-14,3],[2,10],[-16,4],[-9,-8],[20,-13],[75,-8],[169,-109],[11,36],[-63,41],[-5,87],[34,40],[125,-40],[-9,-45],[162,-74],[198,-49],[73,-8],[39,38],[90,-19],[160,25],[39,28],[113,10],[142,-36],[93,-6],[186,-44],[135,25],[43,-8],[144,40],[77,91],[55,100],[156,114],[110,60],[86,66],[0,118],[62,174],[91,107],[-14,123],[14,14],[14,20],[0,6],[6,0],[7,8]],[[84415,104756],[5,7],[11,12],[18,124],[-75,178],[73,119],[16,59],[45,49],[80,85],[198,72],[73,57],[62,17],[115,79],[162,42],[266,24],[258,31],[123,107],[180,12],[193,32]],[[84415,104756],[-6,3],[-12,-13],[0,2],[14,13],[4,-5]],[[79321,99256],[25,-66],[45,-21],[42,-64],[0,-76],[68,-55],[2,-37],[155,-16],[137,-124],[-53,-148],[-95,-127],[-5,-58],[-87,-66],[-18,-95],[-66,-47],[-91,-146],[-9,-83],[-98,-63],[-75,2],[-93,-53],[48,-58],[33,-108],[41,-25],[-18,-113],[-50,-34],[-16,-100],[-47,-99],[-71,-64],[-16,-123]],[[79009,97189],[-73,-11],[-54,-48],[-114,19],[-77,-2],[-162,-73],[-139,-38],[-36,-32],[-126,22],[-31,80],[15,66],[-45,74],[-77,57],[-80,13],[-82,68],[-61,19],[-19,81],[-64,53],[-9,55],[-66,41],[-39,-9],[-74,51],[-42,57],[-111,40],[-23,64],[-68,19],[-205,-66],[-43,32],[-78,-49],[-122,32],[-44,83],[-68,-13],[-155,-184],[-64,-17],[-63,44],[-69,-32],[-22,47],[-50,11],[-60,108],[-82,21],[-8,100],[-33,51],[-95,-17],[-57,-28],[-178,22],[-25,-36],[-65,-11],[-23,36],[-91,42],[-53,104],[-6,68],[-60,109],[-13,76],[27,83],[-18,57],[27,51],[-128,53],[-11,106],[-57,9],[-52,104],[-102,27],[-174,87],[-98,104],[19,91],[-121,58]],[[74832,99218],[198,163],[91,110],[19,83],[59,51],[25,79],[64,61],[181,26],[194,101],[221,181],[138,125],[203,202],[100,129],[84,94],[233,309],[118,177],[107,104],[173,201],[314,405],[41,43],[62,93],[168,204],[11,106],[64,47],[52,63],[51,11],[-26,62],[80,106],[39,0],[64,61],[95,125],[214,332],[46,84],[244,444],[206,418],[157,361],[73,212],[44,168],[41,161],[38,193],[-2,108],[-29,70],[-112,60],[13,74],[85,98],[-27,53],[61,65],[18,66],[16,170],[-27,51],[25,63],[-7,58],[-55,57],[-77,17],[2,25],[-20,15],[-62,13],[-9,51],[36,115],[-63,32],[2,12],[11,5],[10,-3],[6,7],[-18,15],[-13,29],[-42,30],[7,30],[-6,40],[-59,9],[-39,72],[0,99],[-28,111],[25,66],[50,67],[16,39],[0,57],[-16,28],[-16,95],[10,45],[2,10],[0,9],[-2,4],[4,2],[-4,17],[20,19],[-20,19],[6,64],[-72,89],[-62,40],[-75,2],[-54,-91],[-10,0],[-6,4],[-3,-4],[-13,2],[-37,-15],[-16,-19],[-9,11],[14,19],[-9,19],[-12,-17],[-9,4],[-14,-10],[-11,0],[-6,-9],[-14,3],[-7,8],[-11,2],[-1,6],[-9,19],[-22,35],[-7,19],[32,78],[6,15],[0,6],[-4,13],[9,34],[16,40],[-30,32],[32,60],[-13,84],[57,109],[-37,38],[39,23],[-7,19],[-18,0],[6,32],[17,11],[25,25],[32,7],[-7,21],[47,11],[18,44],[41,36],[30,76],[-38,66],[9,24],[6,31],[9,7],[-2,13],[73,25],[73,76],[107,228],[9,86],[-27,43],[-57,19],[23,100],[-28,46],[-20,104],[31,73],[74,72],[43,53],[111,49],[-6,80],[31,104],[137,9],[170,108],[74,0],[25,51],[45,42],[155,34],[141,113],[18,4],[9,-11],[11,15],[12,0],[21,5],[9,-5],[0,-6],[7,0],[27,21],[41,11],[105,10],[27,-23],[57,-23],[77,-5],[121,-59],[84,2],[141,60],[112,70],[97,42],[60,4],[93,77],[266,116],[91,-4],[132,113],[23,48],[80,3],[123,59],[105,100],[74,123],[37,-4],[50,17],[50,67],[48,2],[45,45],[69,19],[107,51],[230,38],[63,-32],[180,68],[66,-4],[48,26],[27,33],[-13,26],[45,-4],[14,17],[6,2],[5,8],[80,28],[39,0],[8,-9],[28,9],[45,47],[26,10],[22,17],[5,11],[27,15],[23,8],[18,-29],[30,12],[48,38],[59,-63],[48,29],[86,-36],[46,20],[70,-9],[111,21],[17,-98],[36,-16],[5,-7],[22,5],[18,-13],[28,4],[13,-57],[62,-85],[-89,-147],[0,-36],[57,-97],[84,-81],[25,-136],[-95,-72],[-141,-40],[-166,-15],[-21,17],[-32,6],[-25,9],[-2,12],[-19,5],[-4,0],[-95,-4],[-107,-28],[-142,-79],[-43,-55],[-62,-176],[8,-100],[-60,-70],[12,-163],[32,-102],[49,-85],[99,9],[-17,-164],[41,-123],[-106,-76],[-33,-98],[-100,-40],[-47,-38],[-126,-36],[-40,57],[-112,-36],[-89,10],[-123,34],[-50,-12],[-84,19],[-21,-66],[-47,27],[-146,-84],[-84,-19],[-75,-75],[-68,-17],[-30,-74],[-9,-74],[-19,-24],[-4,-27],[-66,-100],[-78,-72],[-47,-91],[-10,-81],[21,-47],[-75,-51],[-139,-57],[-70,-6],[-42,-45],[-27,-134],[-63,7],[-103,-49],[-21,49],[-99,106],[-85,38],[-80,-25],[-65,34],[-35,82],[-65,85],[63,83],[-38,47],[-71,-75],[-64,24],[-84,0],[57,-68],[-89,-32],[-52,30],[-73,-21],[100,-53],[25,-51],[55,-35],[-34,-42],[-44,30],[-86,-58],[20,-52],[-54,-24],[-12,-59],[-125,-157],[-36,-39],[-80,-237],[86,4],[123,-36],[-63,-182],[0,-75],[-80,41],[-127,-37],[-16,-137],[29,-71],[-79,-93],[4,-44],[112,-51],[116,-19],[114,52],[36,54],[-21,40],[64,70],[216,-45],[-20,-68],[7,-69],[36,-37],[114,3],[70,-22],[-61,-85],[139,-101],[25,8],[5,53],[65,-49],[51,34],[-16,45],[64,34],[72,-26],[19,56],[-41,33],[66,145],[43,127],[47,62],[17,4],[40,21],[26,32],[138,10],[34,-127],[-16,-63],[5,-81],[27,-43],[-15,-23],[9,-40],[-14,-15],[4,-38],[-29,-32],[-2,-168],[-26,-49],[44,-171],[-39,-88],[9,-74],[48,-83],[-37,-74],[16,-112],[48,-79],[-40,-82]],[[81329,107691],[25,-2],[104,-165],[-45,-26],[-39,-38],[-21,-62],[37,-68],[43,-16],[-6,-34],[-17,-2],[19,-24],[-73,-59],[-121,-9],[-25,-46],[-72,6],[-74,53],[-93,4],[-127,-131],[-18,-68],[-64,12],[-23,58],[-120,-72],[-37,17],[-61,165],[-64,64],[-69,10],[-63,96],[-73,2],[4,47],[-40,135],[127,-35],[62,-39],[-16,-110],[138,72],[126,23],[59,-4],[41,47],[13,66],[89,-72],[53,38],[22,-83],[41,-34],[116,-17],[132,76],[10,130],[100,95]],[[80127,107112],[14,-45],[-23,3],[9,42]],[[80382,114363],[20,-30],[-46,-27],[-25,28],[51,29]],[[80202,112006],[11,-5],[-2,-8],[5,-2],[8,-21],[-8,-5],[-7,2],[-9,9],[-14,-4],[-7,6],[9,13],[5,2],[0,10],[9,3]],[[80002,111787],[16,-11],[-5,-4],[4,-10],[3,-5],[-9,-6],[-9,8],[4,5],[-4,12],[-9,5],[9,6]],[[79833,111778],[7,-2],[2,-12],[-7,-9],[-11,6],[4,5],[-4,6],[9,6]],[[79009,97189],[80,-117],[2,-64],[-162,-76],[-73,-115],[1,-152],[-10,-111],[-45,-112],[-16,-134],[185,-46],[31,-123],[2,-98],[-40,-43],[34,-70],[157,-61],[38,10],[101,-25],[36,-76],[-78,-126],[21,-53],[107,-19],[52,-74],[64,-19],[82,-176],[-29,-128],[47,-48],[53,-166],[-10,-55],[-50,-62],[-79,-29],[-107,15],[-53,-338],[-54,-95],[-125,6],[4,64],[-88,40],[-76,-13],[-109,-80],[-71,53],[-65,15],[-32,-77],[-87,-79],[-82,20],[-84,-47],[-144,19],[-49,-59],[-96,8],[-16,125],[-59,77],[-57,-91],[-100,-18],[-25,-76],[-94,11],[-102,95],[-73,-29],[-32,-39],[-2,-70],[-112,-63],[-177,31],[-44,-23],[-120,53],[-45,36],[-108,-155],[14,-95],[-84,-110],[-52,97],[-3,45],[-98,93],[-139,-17],[-50,53],[-166,-34],[-86,-2],[-121,72],[-59,-21],[-71,87],[-88,-11],[-3,36],[-100,32],[-104,-68],[-57,-14],[-85,-102],[-154,-11],[-51,-95],[-27,-140],[55,-60],[14,-127],[-51,-85],[18,-70],[-79,-26],[-18,-70],[-50,-40],[-59,-95],[-48,-15],[2,-60],[57,-51],[-80,-68],[11,-59],[-81,-70]],[[75133,93036],[-1,27],[-91,71],[-97,25],[-59,49],[-46,-24],[-84,85],[-55,-19],[-68,36],[-62,-17],[-31,51],[-78,17],[-45,109],[-64,29],[-151,-15],[-6,-48],[-77,31],[-51,-27],[0,-64],[-130,-206],[25,-48],[83,-24],[22,-34],[10,-104],[66,-129],[2,-94],[57,-65],[88,-228],[-91,-122],[32,-111],[-161,17],[-60,-17],[-38,45],[-141,4],[-76,36],[3,-62],[-30,-61],[9,-77],[-38,-36],[32,-101],[-26,-64],[-4,-94],[-100,83],[-84,30],[-53,-59],[3,-37],[-64,-42],[-69,55],[-102,24],[-178,-47],[19,-60],[-107,-108],[-34,-72],[0,-70],[-41,-57],[-140,10],[-70,-59],[-68,131],[-84,11],[-87,96],[-39,89],[-61,2],[-12,-93],[-68,-185],[-61,-60],[-5,-93],[-47,-55],[-3,-140],[-27,-72],[14,-160],[-92,-27],[-81,-93],[6,-89],[-25,-73],[-212,-85],[-84,62],[-11,104],[-119,27],[-97,3],[-110,-17],[-20,-34],[-27,-232],[-135,11],[9,-53],[-106,-74],[-12,-73],[-73,-97]],[[70944,90099],[-111,-15],[-91,43],[-64,-75],[-93,5],[-50,35],[-50,-21],[-16,-49],[-80,-42],[-194,59],[-73,70],[-57,-6],[-74,34],[-82,66],[-46,-30],[-109,60],[-134,15],[-107,-9],[-48,-21],[-69,65],[-65,-6],[-48,28],[-57,-7],[-200,9],[-57,27],[11,102],[23,21],[-53,100],[39,51],[-23,96],[-52,44],[-87,15],[-36,-34],[-84,53],[41,60],[-21,49],[-57,10],[-39,96],[-43,-3],[-86,60],[-98,140],[34,97],[112,105],[-30,112],[30,42],[-78,39],[-138,110],[0,62],[88,207],[52,34],[160,58]],[[68634,92060],[-66,-68],[-3,-87],[-81,-102],[102,38],[12,-53],[-35,-44],[80,-26],[9,60],[114,-41],[2,83],[-29,138],[36,19],[119,2],[-33,-134],[19,-95],[-25,-100],[-26,-10],[-11,-24],[-14,-65],[96,-115],[141,-47],[80,55],[82,-38],[70,-4],[83,30],[50,48],[91,39],[59,76],[6,17],[21,19],[7,13],[13,2],[14,17],[93,17],[21,25],[-7,49],[110,108],[13,-8],[16,2],[43,21],[9,24],[114,33],[68,-35],[30,-157],[-61,8],[-55,47],[-86,-51],[-78,-66],[61,-117],[-47,-29],[-66,-117],[-100,6],[-80,-21],[-9,-64],[127,22],[46,-43],[45,9],[109,-37],[74,19],[33,47],[16,66],[124,-45],[134,1],[36,35],[34,15],[16,-32],[44,3],[54,-64],[23,8],[21,9],[2,61],[59,5],[30,32],[54,-7],[27,81],[48,70],[21,38],[13,36],[10,142],[95,-10],[-2,63],[-214,-23],[-41,-95],[-41,-37],[-75,-19],[-10,54],[16,103],[-15,47],[-114,36],[-69,-17],[-36,58],[43,29],[68,62],[33,61],[61,55],[111,-8],[58,21],[75,-68],[49,13],[-8,-96],[33,-95],[41,-32],[169,74],[43,-70],[28,-114],[65,-51],[78,59],[50,-44],[37,51],[88,4],[53,25],[-51,73],[-24,89],[-105,63],[-69,90],[98,33],[50,20],[17,-34],[36,-17],[2,-43],[96,-10],[25,78],[45,-2],[2,64],[73,42],[-32,206],[-34,0],[-6,-4],[-10,-5],[-11,-8],[-25,61],[-71,-27],[-61,47],[98,104],[-78,38],[-50,44],[-9,85],[-75,-25],[14,70],[66,19],[18,-7],[2,-17],[5,-12],[16,-15],[150,-32],[-21,-87],[46,-38],[12,4],[24,11],[16,4],[30,-15],[-18,-49],[4,-40],[14,-28],[89,-27],[54,19],[26,61],[43,13],[52,-57],[25,78],[36,39],[73,2],[9,-104],[37,-40],[102,6],[105,44],[48,60],[4,29],[78,52],[63,-64],[53,0],[39,19],[40,30],[53,87],[5,65],[-153,160],[11,142],[39,30],[37,89],[-17,114],[-38,57],[4,73],[-47,-9],[9,-89],[-57,2],[-2,144],[-41,34],[36,66],[25,6],[23,24],[23,25],[8,24],[103,-19],[28,65],[84,87],[52,11],[155,134],[48,-87],[6,-3],[30,-12],[-18,-153],[68,-76],[-5,-83],[50,-147],[-8,-70],[-76,-68],[-50,-80],[9,-43],[133,-93],[22,-59],[-18,-34],[41,-28],[62,-4],[131,40],[19,64],[0,104],[98,72],[-3,11],[-36,25],[-23,140],[112,72],[-10,58],[60,91],[-19,30],[9,42],[-15,27],[-73,17],[14,30],[52,7],[45,44],[10,111],[-25,70],[13,135],[-78,117],[-22,64],[-91,135],[-50,128],[-71,46],[-25,30],[-34,22],[-71,78],[-20,9],[0,8],[-11,25],[-26,32],[-147,142],[-78,70],[-39,37],[-49,55],[-7,13],[-18,12],[-10,57],[-11,18],[23,104],[-7,44],[-14,45],[19,108],[6,40],[-7,13],[-6,68],[-83,80],[1,49],[-44,53],[-22,13],[-9,11],[-7,2],[-26,21],[-33,30],[4,10],[-20,30],[-3,30],[-70,63],[-7,55],[63,98],[-8,55],[25,11],[6,23],[91,39],[51,36],[98,101],[61,100],[47,38],[12,132],[55,96],[-3,6],[7,21],[2,11],[1,6],[4,2],[-2,2],[4,7],[-6,6],[4,8],[-9,7],[5,10],[4,15],[5,7],[0,14],[4,15],[39,17],[-16,30],[14,13],[6,19],[0,8],[16,22],[3,25],[6,2],[7,9],[3,21],[-5,19],[5,30],[41,89],[45,27],[7,5],[4,10],[30,13],[14,11],[4,6],[0,2],[7,41],[-7,27],[3,0],[2,4],[2,2],[2,0],[3,5],[4,2],[3,2],[-1,0],[0,4],[3,0],[2,2],[4,0],[3,4],[7,1],[4,6],[0,4],[5,4],[6,45],[0,21],[58,19],[41,26],[79,57],[137,144],[-25,72],[79,119],[117,193],[109,-27],[-9,87],[-39,21],[84,125],[21,66],[-12,74],[-63,96],[45,34],[-62,80],[107,3],[39,25],[52,9],[28,-13],[23,10],[68,-36],[173,75],[280,178],[191,148],[18,24],[7,17]],[[73824,98812],[2,-2],[2,-27],[-7,0],[-13,-5],[-14,7],[5,21],[11,0],[3,6],[11,0]],[[68636,92060],[2,0]],[[68638,92060],[0,-4],[-2,0],[0,4]],[[71242,92851],[10,-80],[-32,12],[22,68]],[[71484,92272],[4,-6],[10,0],[15,-13],[-13,-9],[-10,2],[-6,15],[0,11]],[[96705,90532],[-112,-41],[-121,-97],[-72,-4],[-46,-41],[-91,81],[-50,-21],[-45,25],[-139,-64],[-98,-95],[-52,23],[-132,2],[-561,-135],[-50,23],[-198,-25],[-16,-28],[-148,-19],[-77,341],[-62,52],[-202,0],[-243,-49],[-94,375],[-75,49],[-54,87],[-37,-47],[-150,-67],[-28,-77],[-81,-91],[-114,-72],[-5,-70],[37,-119],[-62,-106],[21,-28],[-7,-159],[6,-138],[35,-44],[2,-102],[-68,-43],[-12,-40],[-109,-81],[34,-170],[44,-121],[-10,-123],[-50,-84],[53,-66],[50,-223],[45,-89],[-41,-64],[32,-55],[16,-98],[-87,-17],[-43,-6],[-41,-93],[-50,-28],[-41,-93],[-79,-79],[-59,57],[-190,51],[-34,-14],[-213,21],[-98,169],[-92,51],[-73,-25],[-36,72],[-30,117],[8,49],[-41,142],[-5,66],[-64,74],[-38,91],[-53,66],[-4,197],[48,87],[-16,53],[-107,126],[-60,-24],[-55,26],[-63,82],[-93,7],[-174,-102],[-54,-2],[-93,-119],[-71,32],[-55,66],[-97,21],[-23,76],[-52,72],[68,68],[-16,94],[-34,97],[2,51],[-157,74],[7,53],[59,111],[48,28],[4,86],[96,73],[11,229],[-34,133],[-57,24],[-32,68],[16,91],[59,23],[35,98],[16,129],[4,160],[71,82],[-53,125],[-43,35],[23,118],[-5,98],[-61,27],[-62,75],[5,57],[-37,68],[-9,100],[34,47],[-24,133],[-41,9],[-12,85],[16,72],[-64,48],[34,124],[-34,57],[-79,-13]],[[90994,92900],[-87,110],[-21,81],[-100,77],[7,227],[-23,63],[-86,89],[9,70],[128,85],[25,58],[54,23],[100,97],[23,49],[60,24],[59,46],[-37,56],[-63,21],[-156,165],[-58,-12],[-57,27],[-51,66],[21,87],[146,153],[-18,66],[27,87],[48,53],[116,199],[48,181],[47,61],[84,34],[130,-96],[68,-108],[89,-53],[77,74],[83,121],[36,77],[137,144],[59,117],[86,110],[30,93],[-5,60],[57,64],[66,29],[2,60],[12,53],[63,44],[7,41],[92,-2],[74,-47],[146,-38],[68,-34],[60,0],[155,-75],[61,-55],[30,-70],[-55,-87],[-25,-114],[80,-140],[52,2],[91,-70],[86,25],[62,-23],[41,55],[23,91],[41,7],[25,65],[129,-2],[66,-40],[130,2],[69,42],[86,-17],[102,-57],[34,55],[94,11],[82,-81],[80,-12],[-41,-87],[-3,-206],[32,-47],[89,-30],[55,26],[49,-30],[67,45],[150,-9],[123,-38],[55,112],[27,121],[50,18],[130,135],[132,-17],[41,13]],[[90994,92900],[-60,-91],[-65,-28],[-8,-136],[30,-95],[-82,-127],[-11,-66],[-84,-151],[-50,17],[-44,66],[-89,-4],[-16,-49],[-68,-51],[-47,-134],[81,-51],[28,-66],[-101,-150],[-72,-72],[66,-34],[0,-47],[-50,-136],[68,2],[77,-55],[-9,-210],[30,-19],[-28,-104],[-131,-10],[-78,-54],[-91,11],[-9,-83],[37,-100],[-19,-70],[150,-57],[-40,-83],[-1,-61],[78,-17],[66,-79],[-11,-78],[-44,-60],[-38,-138],[-96,-40],[-43,26],[-73,-32],[-123,-104],[-25,2],[-5,-140],[-73,-17],[-134,87],[-80,2],[-49,-34],[-39,-80],[-109,-30],[13,-62],[-105,-57],[14,-83],[-73,-102],[-107,32],[-113,-27],[-78,-90],[-73,7],[-50,-87],[-127,-9],[-62,-66],[-123,-8],[-38,-147],[-50,-59],[-96,0],[-93,36],[-107,-97],[20,-115],[-38,-96],[-62,-72],[-111,43],[-115,-23],[-56,-83]],[[87880,88705],[-135,31],[-122,-57],[-51,-40],[-139,4],[-36,-32],[-93,41],[2,112],[-62,23],[-140,-19],[-64,38],[-107,-6],[-5,83],[-82,-19],[-34,30],[-111,17],[-57,-28],[-48,42],[-109,-76],[-34,6],[-82,-12],[-1,-89],[-68,-34],[-6,-49],[-96,32],[-50,-3],[-194,-57],[-95,-64],[-105,-10],[-16,40],[16,164],[-82,82],[-48,73],[-100,72],[-37,87],[19,78],[75,47],[-12,76],[121,104],[-32,66],[-39,-6]],[[85621,89452],[-38,51],[21,146],[93,85],[29,-13],[103,64],[25,66],[89,6],[20,59],[-29,49],[-5,92],[23,27],[-37,110],[3,130],[-87,72],[-80,34],[-23,96],[126,-62],[120,4],[108,-23],[125,72],[-14,113],[-82,12],[-52,111],[-3,72],[-73,76],[-40,6],[-67,75],[205,203],[82,-6],[34,66],[-24,32],[-42,159],[1,66],[59,84],[-101,119],[-6,37],[-94,80],[-40,-27],[-117,70],[-57,10],[-54,55],[-30,92],[2,84],[-52,36],[46,130],[-41,51],[-157,21],[-64,-25],[-46,66],[-104,84],[-50,77],[25,100],[47,10],[44,161],[82,22],[13,80],[48,45],[-79,97],[-5,45],[-89,55],[-43,58],[-80,48],[-100,60],[13,74],[-104,91],[13,106],[-20,81],[-118,106],[-43,77],[-7,123],[-41,50],[-158,-29],[-54,91],[-80,62],[-105,29],[-91,-17],[-74,49],[45,45],[0,55],[-37,76],[-88,26],[-151,-32],[-20,-21],[-54,53],[-80,-26],[-62,2],[-32,102],[-52,26],[50,278],[32,34],[169,-15],[36,34],[54,140],[-4,157],[111,153],[139,31],[137,56],[189,34],[91,-117],[80,-34],[54,32],[91,13],[46,63],[13,128],[73,112],[44,34],[65,115],[108,-9],[43,51],[70,163],[59,38],[35,66],[-5,102],[53,38],[100,32],[56,55],[46,0],[128,104],[29,53],[46,136],[-10,166],[58,55],[13,68],[55,38],[-44,178],[-95,-21],[-32,49],[-168,74],[-39,83],[-37,13],[-98,112],[8,66],[40,45],[30,87],[-48,70],[41,67],[68,36],[0,51],[80,60],[111,44],[30,77],[-32,61],[0,77],[34,40],[-116,47],[-48,83],[-18,142],[82,19],[5,66],[50,14],[48,87],[6,53],[78,56],[73,136],[95,91],[19,61],[155,102],[-7,72],[50,81],[-34,40],[22,79],[-6,100],[-35,29],[-7,106],[-82,13],[-91,119],[-43,91],[-157,58],[-52,-13],[-53,31],[1,174]],[[85621,89452],[-34,-53],[-49,2],[-71,-34],[-180,36],[-59,-140],[-144,-106],[-100,-15],[-63,-40],[-58,-75],[-61,-44],[-71,-5],[-24,-53],[-69,-14],[-59,-92],[-80,26],[-68,133],[-64,-55],[-65,66],[-105,-15],[-41,64],[31,49],[-15,66],[-189,23],[-94,-36],[-52,6],[-34,64],[38,91],[-156,64],[-142,104],[-81,-22],[-126,-12],[-59,29],[-32,-44],[-75,-7],[-27,-65],[-77,-98],[-51,0],[-157,-117],[-25,34],[-84,-2],[-93,-81],[-85,11],[-107,76],[-2,96],[-88,115],[-105,-28],[-55,6],[-116,134],[-103,42],[-148,35],[-38,-105],[-36,18],[-87,-5],[-12,142],[-63,0],[-41,47],[-25,89],[73,55],[-39,90],[-53,33],[-97,-46],[-30,49],[3,87],[27,108],[-19,51],[-20,27],[-91,5],[-46,70],[-100,23],[-16,40],[-98,-2],[-25,83],[-63,28],[-34,87],[-71,44],[48,53],[5,55],[66,64],[-62,4],[-175,-36],[-26,-61],[16,-79],[-11,-64],[-218,-114],[-112,-89],[-105,-13],[-129,4],[-228,-53],[-30,-42],[-223,-119],[-138,32],[-105,8],[-84,58],[4,21],[-143,12],[-19,1],[-54,-26],[-75,-95],[-41,-119],[-32,-81],[-111,-201],[-67,-156],[-73,-106],[-74,-59],[-48,-70],[-51,-132],[-63,-85],[-89,-80],[-14,-38],[16,-125],[27,-276],[-90,-106],[-9,-149],[25,-204],[-25,-123],[13,-49]],[[78342,87951],[-91,140],[-48,115],[-77,47],[-2,-177],[-128,26],[-50,-36],[-71,32],[-25,93],[-65,87],[-19,93],[-66,28],[-22,47],[-57,29],[4,56],[-64,23],[-23,47],[-104,38],[-41,146],[-80,17],[27,92],[-86,89],[12,46],[-41,43],[-71,70],[-114,-68],[-23,-113],[-40,-36],[-189,45],[-21,-47],[-118,26],[-100,-77],[-25,-53],[-82,-72],[-50,36],[-30,87],[-128,-114]],[[76234,88756],[-56,59],[-74,23],[-65,81],[-46,6],[-48,56],[-6,63],[83,24],[64,78],[-29,40],[18,185],[-32,59],[-5,30],[94,100],[34,93],[45,53],[-9,121],[91,198],[-8,53],[-64,59],[-14,96],[30,36],[86,-2],[89,57],[61,100],[-29,42],[-105,68],[-62,117],[-70,55],[0,38],[57,51],[-25,55],[61,62],[25,82],[-40,71],[-8,104],[-152,36],[-32,106],[-91,74],[9,81],[77,125],[41,34],[-17,165],[-132,28],[-26,44],[-6,83],[-37,49],[-18,79],[-89,-9],[-48,-180],[-89,-37],[-40,11],[-30,127],[-62,7],[-63,-64],[-37,28],[-11,83],[23,95],[31,42],[-9,274],[-22,55],[38,123],[-66,68],[-73,-12],[-70,-47],[-78,30],[-9,72],[-68,85],[32,68],[-54,76],[34,68]],[[98301,88015],[-17,-106],[-106,-130],[-57,-27],[-21,-70],[-80,-87],[-15,-72],[41,17],[13,-58],[-34,-36],[-11,-2],[-14,-15],[29,-82],[-33,-119],[-39,-60],[38,-72],[89,-17],[75,47],[50,-45],[-15,-133],[6,-53],[-13,-119],[20,-34],[-34,-30],[-94,-9],[-11,-55],[91,-116],[14,-121],[80,-60],[50,30],[64,0],[70,-38],[-2,-47],[22,-17],[-18,-25],[14,-47],[38,-36],[80,45],[18,-104],[-27,-45],[37,-47],[-62,-142],[-7,-121],[-61,-95],[70,-68],[-47,-41],[-21,-38],[-2,-40],[-103,-58],[-15,-19],[-112,-16],[-43,-66],[-3,-53],[-93,4],[-36,-55],[-46,-108],[-9,-122],[29,-48],[-70,-117],[-71,-106],[-6,-104],[-19,-32],[-7,-15],[-33,-23],[-5,-23],[-16,-1],[-80,-67],[55,-49],[-93,-28],[-57,23],[-37,-38],[-22,-19],[0,-47],[-25,-33],[-50,-20],[-76,-6],[-56,-85],[22,-42],[-27,-85],[-53,-89],[17,-24],[-73,-51],[-34,-31],[-23,-56],[-16,-48],[-12,-108],[30,-28],[0,-79],[9,-61],[55,-77],[-64,-85],[-36,15],[-48,-12],[-60,12],[-18,20],[16,121],[-22,67],[-62,-31],[0,-66],[-153,-60],[-47,-49],[-50,-25],[-18,-27],[0,-79],[-25,-19],[-5,-21],[0,-22],[-3,-2],[1,-4],[-30,-11],[-32,-27],[0,-17],[-38,32],[-62,27],[-57,-116],[-27,12],[-30,0],[-36,-21],[-16,-42],[-59,14],[-14,-33],[-32,-3],[-7,-16],[-22,-5],[-12,-6],[-4,-4],[-1,-7],[-34,15],[-9,-10],[10,-30],[-17,-21],[9,-17],[-25,-5],[-38,-31],[-59,36],[-64,25],[-20,79],[-30,-28],[-41,49],[-55,97],[-70,-32],[-55,-14],[7,106],[-52,55],[-94,11],[-16,42],[-14,25],[0,5],[-4,-2],[-2,4],[100,119],[27,-5],[37,15],[-2,5],[6,6],[-2,4],[-5,-2],[-4,13],[-7,12],[-2,34],[-73,-31],[-27,89],[-92,100],[-84,57],[-118,-32],[16,49],[0,8],[-3,5],[-9,8],[-11,45],[11,21],[-9,17],[-7,8],[21,81],[7,44],[-3,37],[32,108],[121,61],[-9,100],[128,62],[-5,67],[-87,219],[-97,144],[100,72],[-25,54],[-51,-13],[-42,87],[109,104],[-26,64],[-11,48],[98,38],[34,62],[-72,53],[-7,30],[-7,6],[-12,2],[-20,-15],[-7,0],[-5,3],[-11,2],[-13,27],[-23,21],[31,35],[-13,148],[79,98],[58,-3],[131,109],[5,34],[-25,40],[-11,57],[-62,73],[-16,114],[-14,51],[-50,45],[-45,161],[-2,59],[104,-21],[14,43],[-66,78],[48,146],[45,45],[-18,87],[46,138],[116,-9],[16,-27],[104,-11],[10,26],[109,-2],[143,-79],[107,60],[93,14],[67,30],[120,-78],[57,70],[-50,68],[91,157],[-98,42],[-38,-47],[-89,185],[-73,76],[-30,-15],[-66,64],[-84,153],[-95,87],[-208,123],[-195,76],[-260,73],[-116,25],[-241,25],[-82,-4],[-27,81],[-53,-11],[70,-89],[-145,-23],[-46,-38],[-106,-36],[-132,-64],[-55,-13],[-52,-11],[-66,5],[-51,-9],[-52,5],[-87,-1],[-182,-34],[-163,-99],[-60,-87],[-38,-151],[-101,-204],[-120,-89],[32,-40],[-73,-43],[-14,47],[-57,-15],[19,-80],[-67,-36],[-45,-75],[23,-114],[0,-136],[66,-102],[45,47],[-2,57],[-80,57],[10,90],[132,18],[29,69],[93,-73],[-34,-74],[-22,-100],[-156,-170],[-270,-152],[-39,-21],[-480,-183],[-73,-89],[-114,-36],[-141,-58],[-111,-69],[-74,-158],[-74,-95],[-9,-76],[-89,-134],[6,-77],[-24,-67],[97,-106],[7,-105],[-29,-61],[-105,-153],[-41,-80],[-110,-155],[8,-70],[-80,-96],[-43,-47],[-180,-93],[-173,-119],[-105,-87],[-77,-89],[-75,-123],[-5,-104],[-43,-115],[-78,-138],[-31,-82],[-17,-194],[35,-116],[77,-119],[18,6],[105,-136],[77,3],[14,-77],[-48,-42],[-170,51],[-119,4],[-102,66],[-274,99],[-68,41],[-186,81],[-299,116],[-172,62],[-319,89],[-167,38],[-227,36],[-150,15],[-249,9],[-79,-15],[-77,2],[-7,6],[-16,0],[9,-13],[-23,-14],[-25,-5],[-339,-53],[-210,-51],[-111,-49],[-127,-17],[-80,18],[-94,-7],[-236,98],[-100,13],[-108,40],[-227,34],[-292,55],[-302,34],[-191,2],[-14,19],[-216,23],[-406,-27],[-302,-32]],[[84989,83480],[-2,93],[27,34],[30,147],[-35,142],[-39,28],[-17,201],[-53,91],[29,64],[-8,176],[45,74],[89,43],[-11,89],[22,57],[-59,96],[119,114],[-23,32],[9,43],[66,36],[80,10],[50,49],[86,32],[36,-25],[100,76],[115,25],[179,-19],[68,87],[19,130],[154,29],[141,98],[62,74],[-5,111],[60,72],[-7,66],[48,65],[-16,75],[70,110],[91,36],[39,-29],[61,93],[55,19],[3,66],[50,76],[66,-15],[25,22],[-60,123],[67,93],[-49,40],[-8,49],[31,108],[96,123],[7,75],[93,51],[94,157],[231,154],[58,54],[-9,142],[31,68],[28,-28],[91,-11],[20,73],[50,34],[-34,199],[-43,19],[9,60],[46,2],[59,-41],[73,90],[-10,103],[67,-31],[59,38],[-64,64],[36,95],[-61,62],[-62,2],[-61,80],[36,47],[52,-15],[53,106],[11,58],[59,10],[-2,72],[78,7]],[[96459,86994],[32,-27],[-19,-22],[-16,19],[3,30]],[[98769,87064],[64,-36],[-70,-30],[6,66]],[[91961,85358],[-46,-34],[-6,-8],[-7,-24],[0,-57],[-2,0],[0,57],[7,26],[6,8],[48,32]],[[96958,83393],[8,-19],[-8,-6],[-14,2],[0,12],[14,11]],[[96905,82533],[12,-10],[6,-17],[-13,0],[0,9],[-9,4],[0,12],[4,2]],[[90962,83005],[57,-26],[-21,-42],[-82,34],[12,19],[-21,46],[55,-31]],[[91073,82950],[-6,10],[38,49],[12,104],[-1,-28],[-9,-76],[-38,-49],[4,-10]],[[95940,82833],[14,-15],[4,-21],[-5,2],[-2,8],[-14,15],[3,11]],[[84989,83480],[-405,-74],[-406,-92],[-364,-93],[-266,-76],[-282,-92],[-276,-97],[-73,-34],[-41,-13],[-34,-17],[-6,-4],[-3,0],[-4,0],[-7,0],[-3,6],[-8,0],[-98,-32],[-116,-51],[-107,-23],[-58,-27],[-18,-9],[-15,-6],[-5,-4],[-20,-7],[0,-2],[-1,0],[-2,0],[-2,-2],[-2,0],[-3,-4],[-7,0],[-11,-5],[-2,0],[-2,-2],[-1,0],[-2,0],[-4,-2],[-2,0],[-1,-2],[-16,-6],[-8,-4],[-5,-5],[-27,-4],[-10,-8],[-6,-3],[-1,-2],[-8,2],[-3,2],[0,-2],[-6,0],[-16,-4],[-8,-6],[-17,-7],[-5,-2],[-5,-2],[-23,-4],[-24,-6],[-10,0],[-32,-9],[-36,0],[-11,-2],[-7,0],[-5,-4],[-9,-2],[-2,-1],[-4,0],[0,-2],[-1,2],[-2,0],[-2,0],[0,-2],[-3,0],[-2,2],[-7,0],[-2,0],[-7,1],[-7,0],[-6,-1],[-5,0],[-2,0],[0,-2],[-2,0],[-1,2],[-8,1],[-3,-1],[-9,5],[-9,2],[-5,2],[-7,0],[-4,4],[-5,4],[-36,-6],[-77,23],[-12,0],[-9,0],[-214,-48],[-243,-68],[-62,19],[-107,-24],[75,117],[25,104],[96,185],[143,320],[71,79],[109,4],[71,-55],[-7,-62],[103,-40],[0,-72],[4,-51],[43,40],[96,-23],[139,64],[31,53],[-72,93],[98,-23],[216,25],[134,123],[96,-2],[70,87],[44,13],[97,-36],[12,10],[36,24],[28,95],[54,17],[-57,83],[105,68],[55,-9],[48,-82],[31,21],[43,95],[-43,70],[189,145],[132,-26],[-2,-333],[-78,-26],[-38,-61],[168,-47],[71,83],[-62,34],[26,40],[-25,56],[2,220],[243,2],[5,36],[-151,41],[5,373],[37,-2],[45,93],[-45,49],[-51,-49],[-88,-17],[-18,54],[-25,84],[100,34],[-41,79],[-103,59],[-41,-61],[-111,30],[-80,-28],[-134,11],[-28,50],[-220,56],[-108,-136],[-91,81],[-45,-60],[-20,-68],[-28,-40],[27,-9],[-31,-119],[22,-48],[-95,-96],[-36,45],[36,85],[-27,55],[-50,27],[-46,-8],[-84,-53],[-55,66],[-95,4],[-16,-62],[-58,7],[-61,70],[-100,6],[-105,-123],[-38,-17],[-46,72],[-50,32],[-225,-76],[-66,-34],[-126,23],[-70,78],[-39,92],[-96,89],[-27,114],[-54,-6],[-160,47],[-52,21],[-64,102],[-20,146],[9,62],[109,165],[71,221],[2,125],[2,73],[36,140],[-24,38],[18,106],[14,2],[25,74],[-25,38],[-26,-48],[-40,-183],[-21,-197],[-27,-104],[-100,-195],[-105,-1],[13,-112],[-41,-64],[-107,20],[3,-60],[61,-15],[-41,-83],[-9,-93],[53,-30],[-5,-57],[-69,-25],[-13,-130],[-32,-8],[-2,-195],[-43,-100],[-9,-125],[40,-41],[60,-17],[4,-66],[119,-95],[77,-89],[112,-45],[41,-83],[-67,-38],[89,-49],[-23,-57],[35,-72],[-25,-34],[-82,23],[-48,-19],[-103,9],[-59,74],[-89,-11],[-118,70],[-171,66],[-68,58],[-61,25],[-57,76],[-48,13],[-73,94],[-80,135],[116,302],[10,100],[36,99],[39,232],[-43,121],[-37,55],[4,59],[-132,151],[-70,-32],[-43,8],[-46,87],[34,81],[-31,93],[0,126],[24,235],[32,214],[-70,47],[111,155],[101,163],[-21,56],[48,57],[164,-23],[7,42],[-146,26],[13,51],[132,210],[155,0],[-82,51],[57,178],[-20,15],[47,31],[7,189],[-123,5],[-56,-22],[-16,-32],[22,-27],[-113,-248],[-105,27],[25,47],[32,134],[-19,50],[-186,-29],[-39,-79],[110,-76],[-26,-136],[-191,13],[-50,-23],[-4,-198],[-116,68],[-44,-21],[132,-110],[-23,-75],[-134,74],[-57,-6]],[[79143,86852],[18,28],[-99,129],[-60,149],[-11,182],[-20,87],[-64,51],[-85,110],[-141,75],[-104,131],[-51,58],[-154,42],[-30,57]],[[80024,87342],[30,-27],[-48,-145],[-30,-44],[-57,2],[41,127],[-8,49],[72,38]],[[79781,87187],[52,-8],[-23,-110],[-66,-22],[-50,100],[21,40],[66,0]],[[83630,84201],[-2,-148],[-87,17],[14,95],[75,36]],[[83464,84798],[77,-47],[28,-59],[-82,-7],[-23,113]],[[80669,84970],[-94,-74],[3,46],[74,55],[17,-27]],[[81356,84045],[112,-54],[-37,-76],[-50,74],[-94,-34],[30,81],[39,9]],[[81859,84405],[-4,-2],[6,-17],[9,-2],[-11,-11],[-27,-4],[-5,2],[0,11],[2,15],[5,4],[14,0],[11,4]],[[82228,84443],[-2,-4],[6,-8],[-4,-9],[-9,-8],[-14,4],[0,13],[18,6],[5,6]],[[82214,84507],[4,-10],[-4,-5],[-14,-2],[-7,7],[12,10],[9,0]],[[82951,84600],[-8,-29],[-30,19],[25,19],[13,-9]],[[79432,85454],[78,-53],[64,-124],[9,-103],[-96,-18],[12,-65],[-58,0],[-4,55],[-66,289],[61,19]],[[79578,86254],[-29,-98],[-75,47],[63,93],[41,-42]],[[83093,83881],[-9,-34],[-23,-13],[-19,26],[41,0],[10,21]],[[81955,83208],[15,0],[0,-10],[-8,-5],[6,-12],[-18,-4],[-2,6],[4,23],[3,2]],[[82050,83272],[5,6],[7,-19],[-5,-6],[0,-6],[-12,0],[0,10],[-4,9],[9,6]],[[79637,87122],[66,-185],[-171,-42],[-59,6],[-7,221],[171,0]],[[81090,83597],[13,-85],[-47,4],[13,19],[0,21],[9,7],[2,25],[10,9]],[[81081,83818],[22,-52],[-91,-31],[7,53],[62,30]],[[81067,83544],[0,-9],[-14,0],[-14,-6],[-4,11],[0,21],[14,0],[0,-17],[18,0]],[[81085,83338],[4,0],[5,-11],[0,-10],[-7,-7],[-9,11],[0,11],[7,6]],[[79143,86852],[-61,-2],[-109,144],[-82,-36],[-44,-47],[-57,-21],[-136,-12],[-86,-30],[-26,-51],[23,-83],[-113,-30],[-10,39],[-89,-19],[-111,-51],[-71,-75],[-48,-163],[37,-17],[-41,-183],[-64,-93],[28,-74],[61,80],[119,-16],[31,-81],[-111,4],[-62,-28],[-6,-17],[8,-34],[-9,-27],[21,-15],[-20,-40],[18,-125],[-39,-71],[-61,-112],[-28,-110],[-50,-75],[-2,0],[-2,-2],[0,-10],[6,-5],[-40,-46],[-37,-64],[-5,-34],[-93,-106],[-121,-172],[-156,-197],[-128,-161],[-132,-230],[-61,-169],[-25,-204],[-58,-265],[19,-130],[104,-47],[42,28],[45,-28],[-36,-55],[57,-36],[-10,-248],[12,-104],[-44,-125],[-54,-51],[-46,0],[-16,-77],[105,15],[48,-30],[52,51],[80,-44],[70,21],[42,-42],[79,-30],[128,-17],[123,-13],[230,-102],[70,-155],[41,-65],[52,-77],[176,-68],[48,-42],[179,-25],[166,-105],[89,-70],[11,-40],[37,24],[100,-109],[94,-44],[40,-2],[7,2],[25,0],[9,-2],[5,4],[70,-26],[107,17],[58,-114],[0,-109],[36,-8],[68,81],[-36,119],[81,-13],[5,-117],[85,-38],[-5,-45],[22,-25],[87,-24],[71,30],[41,-70],[6,-95],[-34,-81],[201,-83],[36,62],[80,-23],[66,10],[0,-21],[20,-17],[16,-30],[3,-68],[16,-17],[13,-8],[-13,-11],[-3,-23],[9,-11],[-14,-23],[-8,-4],[-7,-19],[38,-51],[3,-89],[-34,-7],[-23,-30],[2,-10],[9,-13],[-20,-34],[-30,-11],[-27,-46],[-16,-108],[13,-20],[28,-16],[-39,-58],[-16,7],[-11,2],[-16,8],[-11,2],[-21,11],[9,80],[-52,22],[-89,-19],[-2,-58],[-94,58],[27,-55],[23,-73],[-120,-65],[-119,46],[-77,-49],[-27,-51],[-92,32],[-25,-70],[53,-49],[114,53],[-2,66],[97,34],[-9,-112],[85,46],[52,-29],[36,-64],[164,130],[20,-37],[69,11],[4,-15],[-20,-57],[-30,-11],[-29,-15],[-55,-59],[-43,-11],[-3,-4],[-2,-4],[-4,-8],[-3,-18],[-11,-23],[-11,-42],[9,-98],[102,-142],[-43,-51],[-14,-51],[9,-28],[14,-2],[16,-19],[16,-12],[23,-11],[32,-60],[-25,-93],[-26,-4],[-15,-6],[-28,-13],[-20,8],[-5,0],[-6,-13],[-26,-6],[-9,-6],[-13,6],[-14,0],[-4,0],[-5,-4],[-32,4],[2,-104],[-6,-2],[-7,-6],[-5,10],[-7,2],[-18,0],[-98,-14],[-38,-47],[-8,-68],[-56,23],[-173,-15],[-109,37],[-76,17],[-52,12],[-11,-12],[-21,16],[-5,3],[-2,0],[-2,0],[-12,-2],[-6,17],[-60,10],[-86,-2],[-30,125],[32,45],[44,6],[27,-19],[16,13],[46,-24],[25,26],[111,-21],[11,-9],[18,-4],[14,-15],[144,0],[54,-59],[53,-24],[11,-36],[48,34],[43,51],[41,-13],[20,111],[-125,-89],[-70,51],[16,80],[45,62],[101,6],[-80,64],[-80,-2],[-14,53],[82,19],[75,-11],[19,34],[-73,66],[-32,-60],[-66,1],[-89,44],[-43,-21],[-89,47],[-27,-26],[-14,-49],[55,-17],[38,-78],[-88,-68],[-91,-15],[-69,25],[-45,45],[22,170],[-107,-7],[23,-65],[-48,-90],[-72,-40],[-125,89],[-91,19],[-50,-4],[-21,-15],[-36,-85],[-14,11],[-27,-4],[-16,-13],[-46,-2],[-73,-51],[-6,178],[13,41],[34,23],[-7,4],[-4,6],[-5,1],[27,63],[44,4],[-30,28],[50,51],[50,19],[83,-2],[11,78],[-27,37],[-26,-18],[-61,-6],[-71,60],[-36,-98],[-62,-25],[-47,93],[-164,27],[-36,-61],[113,-21],[-4,-55],[22,-49],[-98,-32],[-93,-68],[-100,-36],[25,-43],[91,47],[87,-17],[20,47],[80,-38],[-11,-3],[-8,-4],[-58,-46],[-8,-43],[-63,-25],[-21,-26],[10,-95],[-12,-4],[-4,2],[-3,-2],[-13,2],[-26,-3],[-50,-14],[-15,10],[-12,-13],[-23,-2],[1,-14],[-5,-28],[9,-11],[2,-4],[7,-6],[-7,-4],[-2,-5],[-9,-10],[-2,-3],[-57,-29],[-55,10],[-68,-44],[-28,-40],[-9,-30],[-25,-34],[-161,-11],[-51,111],[10,34],[4,25],[-38,32],[168,123],[-134,-8],[-57,-34],[-27,21],[-96,-34],[-43,-43],[13,-102],[-16,-91],[5,-15],[-23,5],[-7,2],[-9,-2],[-7,-7],[-18,-59],[-66,74],[9,9],[3,6],[11,21],[18,17],[-16,110],[-96,-42],[-36,-61],[-45,8],[-55,21],[12,81],[-69,6],[0,-142],[23,-115],[-68,-8],[-23,-72],[-44,-19],[83,-102],[-42,-21],[-34,-43],[-88,-51],[7,79],[-51,6],[-70,38],[-64,64],[30,78],[40,22],[-22,74],[-103,-117],[16,-59],[-4,0],[0,-4],[-3,-5],[-8,-4],[2,-17],[9,-17],[-23,-32],[27,-89],[-106,-17],[-24,15],[-72,-15],[-37,-51],[-107,-38],[-34,-40],[-20,2],[-30,-2],[-23,-15],[-52,61],[45,70],[-82,-2],[-25,-97],[-63,-36],[-18,-24],[-14,-46],[-98,-49],[-54,63],[-53,3],[36,87],[-122,-34],[-18,-64],[15,-51],[-54,-49],[-91,-15],[-14,-16],[-12,-20],[-4,-29],[-118,2],[-55,-75],[7,-63],[-39,6],[-18,-10],[-102,-45],[13,-74],[44,-47],[-66,-83],[29,-83],[96,-36],[-69,-46],[5,-43],[71,-53],[50,56],[75,-49],[-3,-38],[-13,-5],[-3,-19],[-27,-59],[2,-19],[-7,-20],[-13,-27],[-9,-21],[-5,-4],[0,-9],[-45,61],[-53,-29],[-104,-108],[-30,42],[5,28],[-46,70],[-36,-68],[-51,-19],[-50,144],[83,38],[68,57],[64,96],[-73,15],[-62,-43],[-45,-78],[-76,-57],[-104,-32],[-25,-38],[77,-90],[-4,-25],[-64,-9],[-96,-67],[-125,-20],[2,-48],[75,-64],[85,-23],[36,6],[7,17],[123,-17],[18,17],[43,-19],[-48,-36],[-2,-9],[3,-13],[4,-8],[3,-4],[0,-4],[4,0],[-4,-7],[0,-10],[0,-17],[-7,-24],[16,-49],[0,-29],[-9,-32],[88,-21],[23,-38],[66,-7],[123,-87],[-32,-38],[-27,-19],[-5,2],[-9,-15],[-18,-6],[-5,-11],[-47,-30],[0,-67],[65,19],[-63,-157],[72,-13],[-6,-36],[-18,-34],[11,-94],[-66,-40],[-57,9],[-27,-7],[-9,26],[-19,25],[-29,4],[-12,-27],[-40,-15],[-30,40],[0,70],[104,51],[-175,32],[-80,87],[-4,30],[-23,4],[-13,-57],[7,-53],[20,-64],[-41,-15],[-70,-102],[15,-63],[84,50],[41,47],[48,-76],[5,-94],[23,-25],[6,-59],[25,-9],[-68,-15],[-32,-46],[-72,-37],[-64,64],[-103,-42],[-11,-56],[71,-116],[-37,-47],[-25,17],[-46,-40],[-72,-22],[-52,7],[-8,114],[-38,47],[-43,15],[-69,0],[-25,-45],[60,-59],[-25,-81],[-58,-2],[-24,-76],[75,-40],[-98,-85],[-21,-34],[-64,-9],[-2,58],[-27,44],[-55,13],[-32,-96],[-61,11],[-169,-199],[-77,-115],[-87,-168],[-74,-138],[-41,-119],[-50,-80],[-64,-193],[-53,-132],[-59,-163],[-50,-242],[-52,-70]],[[72934,74249],[-32,36],[-203,91],[-84,-10],[-11,-35],[45,-69],[-111,-3],[-144,75],[-48,63],[-9,172],[-88,-21],[-64,45],[-37,80],[-84,15],[-34,119],[-27,91],[-59,111],[-87,14],[-66,58],[-64,14],[-70,96],[25,96],[-27,63],[40,119],[-57,87],[-2,42],[46,60],[-9,45]],[[71673,75703],[36,-100],[39,-28],[64,17]],[[71812,75592],[24,94],[71,6],[36,-34],[55,13],[30,152],[-66,79],[-18,-123],[-55,55],[30,95],[-58,58],[0,68]],[[71861,76055],[108,-30],[32,62],[-35,72],[37,15],[89,-30]],[[72092,76144],[120,13],[-52,51],[13,65],[75,30],[12,64],[120,-19],[110,-49],[57,-58],[41,15],[48,111],[20,97],[-23,89],[19,62],[65,15],[50,-34],[46,-79],[132,119],[0,49],[-75,112],[0,58],[-57,59],[80,93],[-27,24]],[[72866,77031],[31,97],[62,47],[16,85],[50,30],[72,-45],[58,45],[98,-30],[38,17],[55,-28],[86,15],[77,-61],[28,12],[87,-61],[40,32],[28,12],[-55,172],[-46,34],[41,89],[-27,88],[21,121],[-3,72],[162,-45],[-111,138],[45,68],[-29,28],[2,80],[-39,60],[71,63],[-53,142],[35,24],[-5,83],[73,82],[-21,64],[-52,40],[27,132],[-104,25],[-23,77],[34,66],[146,82],[27,45],[-12,74],[-63,9],[9,51],[114,116],[47,15],[12,87],[-32,47],[-80,38],[10,49],[-48,127],[-128,98],[-23,123],[44,40],[91,-6],[147,108],[-59,91],[-107,36],[-56,66],[-1,60],[-45,72],[-11,99],[-37,26],[9,59],[-48,108],[-65,66],[-73,28],[-2,47],[49,40],[12,74],[113,98],[-13,123],[59,63],[127,5],[55,68],[109,23],[105,-40],[59,8],[55,70],[166,-34],[82,49],[146,-19],[25,180],[45,55],[5,81],[30,40],[77,37],[4,55],[-88,23],[-30,42],[43,139],[-81,129],[-133,-55],[-32,6],[-63,-70],[-121,32],[36,144],[-82,130],[-50,110],[-74,-38],[-57,34],[-171,-123],[-41,-2],[-25,99],[-30,-2],[-64,-4],[-129,32],[-9,29],[-89,54],[-91,16],[4,54],[-89,51],[17,125],[-44,72],[75,93],[55,96],[52,23],[39,113],[-71,171],[-118,7],[-54,76],[168,-80],[50,57],[59,10],[34,62],[32,110],[-30,24],[-58,182],[-124,19],[-41,32],[-6,30],[100,36],[38,47],[-25,89],[-102,142]],[[73291,84104],[-134,106],[-9,66],[-64,-4],[-7,87],[32,68],[2,74],[-89,29],[-4,88]],[[73018,84618],[52,-7],[103,76],[86,5],[28,29],[70,-4],[77,24],[144,80],[38,66],[-63,110],[61,94],[76,4],[33,119],[74,30],[74,59],[-34,104],[-73,-32],[-118,11],[-98,57],[21,59],[100,132],[86,57],[34,-95],[33,-7],[91,-80],[40,49],[99,-60],[150,57],[114,-21],[11,-74],[41,2],[89,-83],[245,-85],[60,3],[125,-36],[141,67],[9,32],[96,51],[25,-27],[45,-7],[130,55],[64,53],[2,60],[109,17],[107,66],[53,-7],[36,41],[128,59],[-7,74],[22,91],[50,17],[-16,105],[5,74],[123,106],[62,-13],[65,168],[103,114],[-5,38],[10,71],[40,74],[-36,112],[11,68],[46,111],[-41,2],[-20,72],[13,119],[55,72],[52,23],[87,72],[-53,153],[55,40],[-27,94],[27,51],[5,91],[-21,55],[66,70],[-102,66],[61,81],[25,106],[73,25],[-3,87],[-88,100],[-159,125],[-41,-19],[-89,43],[34,48],[29,130],[-9,119]],[[78344,86623],[-50,-2],[-45,-41],[129,-59],[-95,-140],[-127,42],[24,141],[89,72],[75,-13]],[[78838,82177],[0,-6],[10,-30],[-8,4],[-11,-8],[-7,15],[10,8],[6,17]],[[74964,77530],[19,-3],[9,-25],[-32,-4],[4,32]],[[74907,77646],[0,-2],[9,-10],[21,-17],[-11,-13],[-7,6],[0,5],[-5,4],[2,4],[-2,4],[-11,5],[-5,8],[9,6]],[[74878,77695],[-2,0],[-3,4],[3,2],[2,-6]],[[80191,82164],[29,-74],[0,-89],[-66,11],[-66,-68],[-68,-13],[-27,-41],[-57,3],[-76,-47],[-84,53],[87,60],[109,16],[30,98],[50,6],[89,60],[50,25]],[[80236,81820],[45,-35],[-41,-88],[-74,-65],[-101,-19],[-82,19],[43,102],[167,44],[43,42]],[[79872,81698],[32,-49],[-80,-13],[-18,42],[66,20]],[[80869,82296],[50,-26],[-37,-67],[-47,31],[34,62]],[[79747,81986],[-12,-32],[-50,9],[62,23]],[[80338,82220],[-25,-26],[-6,-11],[2,-4],[-3,-2],[-9,8],[-13,-4],[-19,28],[33,0],[40,11]],[[80184,81411],[-7,-23],[-27,-32],[-5,30],[39,25]],[[79856,81994],[7,0],[9,-4],[4,2],[19,0],[2,-4],[-19,-6],[-15,2],[-12,10],[-6,0],[-16,-18],[-12,4],[20,8],[3,7],[2,10],[5,4],[9,-15]],[[79692,81859],[5,-9],[-14,-17],[-3,-17],[-8,19],[6,7],[-4,12],[6,5],[12,0]],[[80111,81339],[7,0],[9,-7],[-7,-17],[-7,-2],[-11,11],[7,8],[2,7]],[[79549,79959],[18,-63],[-66,-2],[-9,44],[57,21]],[[80008,80505],[-22,-96],[-59,77],[34,17],[47,2]],[[79530,79781],[21,-47],[-19,5],[0,12],[-13,-8],[-34,-19],[-5,23],[50,34]],[[79567,79805],[20,-11],[14,-36],[-5,-21],[-27,27],[12,15],[-14,26]],[[79587,79851],[11,-10],[-11,-3],[0,-8],[9,-11],[-4,-6],[-11,-6],[-7,8],[-18,0],[-8,4],[16,13],[9,0],[0,7],[7,2],[7,10]],[[79410,79628],[15,-4],[1,-6],[22,-24],[-11,0],[-7,3],[-9,8],[-14,6],[-4,9],[7,8]],[[79692,79550],[18,-7],[14,-10],[-14,-9],[-13,2],[-5,24]],[[79537,79872],[14,-4],[2,-10],[11,-11],[-16,-6],[-6,10],[0,9],[-16,2],[4,8],[7,2]],[[79637,79764],[10,-6],[2,-17],[-9,4],[-14,-4],[-14,6],[2,9],[10,4],[13,-6],[0,10]],[[79592,79715],[11,-6],[-5,-15],[-6,9],[-9,0],[-10,14],[12,1],[7,-3]],[[75918,78835],[13,2],[7,-2],[7,-19],[-6,0],[-1,0],[-20,19]],[[75956,78722],[0,2],[5,0],[-5,-6],[-4,2],[4,2]],[[75956,78709],[3,0],[-3,-6],[-2,6],[2,0]],[[75956,78752],[-2,-2],[-2,4],[4,-2]],[[75916,78835],[-1,4],[3,-2],[-2,-2]],[[75956,78739],[1,-2],[-1,0],[0,2]],[[75947,78797],[0,-1],[-4,-2],[0,2],[4,1]],[[77343,79357],[38,-45],[-25,-6],[-24,-13],[11,64]],[[78716,80242],[9,-22],[-16,-34],[-34,-6],[15,40],[26,22]],[[78422,79853],[9,-10],[-7,-9],[7,-13],[-5,-6],[-6,-11],[-16,-2],[2,7],[-5,6],[9,13],[1,8],[4,3],[2,4],[5,10]],[[77566,79717],[-11,-4],[-21,-29],[-5,4],[1,6],[-3,0],[3,4],[6,9],[10,6],[20,4]],[[75324,78523],[0,-22],[13,-25],[-15,-4],[2,-4],[-11,-9],[-21,53],[32,11]],[[75807,78412],[15,-4],[10,-2],[0,-9],[-5,-10],[5,-11],[-25,3],[4,14],[-5,13],[1,6]],[[75451,78599],[0,-2],[2,-2],[5,-6],[7,-1],[-7,-27],[2,-6],[16,-11],[2,-8],[-25,12],[-2,11],[5,6],[2,9],[-2,10],[-9,7],[4,8]],[[73018,84618],[-89,42],[-9,38],[70,127],[71,20],[9,42],[-7,26],[-100,46],[-82,0],[-25,60],[23,101],[-86,-8],[-139,-38],[-52,0],[6,74],[-123,85],[-89,-28],[-43,115],[19,140],[-58,131],[-100,-65],[-93,-13],[-25,-64],[-80,-55],[-89,40],[0,56],[-61,25],[-121,81],[5,46],[-34,66],[66,60],[-18,101],[14,56],[75,82],[-32,85],[20,41],[-23,61],[-100,60],[-91,110],[37,85],[-117,97],[-122,11],[73,98],[-32,80],[-69,-6],[-32,40],[125,-6],[-8,95],[-66,15],[13,45],[-29,70],[-75,64],[4,51],[91,63],[64,17],[9,64],[-32,89],[52,74],[12,70],[-39,49],[64,110],[4,72],[53,102],[20,134],[-29,74],[32,41],[29,129],[-77,28],[-50,172],[11,95],[-89,200],[-2,120],[54,30],[1,113],[57,231],[65,74],[17,62],[50,74],[-73,28],[-18,-55],[-123,-60],[-41,26],[-78,140],[12,55],[-53,44],[-30,119],[-132,74],[-77,92],[-41,97],[-136,37],[38,112]],[[73291,84104],[-87,-11],[-25,-31],[-20,-136],[-82,-62],[-22,-74],[-105,17],[-10,61],[-61,30],[-45,-42],[-110,23],[-2,108],[-41,104],[-93,34],[-30,24],[-63,-22],[-28,72],[-112,-89],[-72,-14],[-75,67],[47,79],[-56,21],[-50,-11],[-35,-95],[-72,-108],[-46,-19],[-59,-208],[-41,40],[-73,4],[-105,-74],[-118,-4],[-82,57],[-100,19],[-57,-19],[-132,98],[-94,27],[-115,-15],[-185,43],[12,81],[-144,120],[-21,34],[-27,30],[-39,225]],[[70616,84488],[98,100],[48,125],[-127,208],[-64,36],[-37,53],[-54,79],[-16,65],[-64,49],[-54,-34],[-34,49],[-3,147],[-70,36],[-23,89],[23,65],[-66,119],[-60,39],[-43,-5],[-64,55],[-47,2],[0,160],[-43,36],[-83,47],[-40,-9],[-35,11],[-72,-70],[-114,21],[20,59],[59,38],[66,185],[-45,121],[-82,-2],[-116,-38],[-37,78],[-63,-12],[-50,-41],[4,-57],[57,-32],[2,-45],[-125,-21],[-11,-155],[23,-46],[59,59],[75,-21],[2,-142],[-68,-53],[-84,8],[-76,-21],[-143,53],[9,44],[-96,32],[-84,79],[-4,66],[-87,25],[-36,-49],[-75,5],[-48,55],[-21,172],[53,14],[-43,147],[81,57],[-91,74],[-88,-4],[-92,66],[-66,0],[-42,36],[-87,30],[-109,-62],[-39,11],[-68,81],[-53,-47],[-48,38],[-131,-2],[-30,98],[36,101],[-18,79],[-71,61]],[[67691,87083],[-22,92],[70,59],[-4,49],[86,64],[101,34],[9,173],[-75,41],[-32,10],[13,90],[34,21],[-59,99],[43,56],[-75,32],[-77,-9],[-105,32],[-43,44],[-94,-10],[-47,81],[29,55],[-116,-5],[-191,-63],[-80,-11],[-113,53],[100,140],[-23,108],[-37,-14],[-88,59],[-53,-15],[-143,23],[-103,-16],[-45,10],[-29,-114],[-28,-19],[-150,-30],[-109,112],[-50,-2],[23,110],[-28,68],[111,51],[-25,74],[-68,35],[-55,89],[-58,-13],[-33,55],[-65,-2],[-69,64],[59,44],[42,113],[-80,178],[-84,28],[-41,-17],[-59,27],[-48,-42],[-160,53],[-73,-62],[-47,2],[-76,-66],[-20,-67],[-68,-30],[-55,-57],[-29,89],[-51,82],[-9,92],[-61,-24],[-61,20],[-51,-15],[-207,70],[11,104],[-38,49],[-171,69],[-216,53],[-184,94],[-105,38],[-28,57],[39,41],[16,83],[-20,63],[-67,34],[12,96],[37,40],[-35,98],[64,127],[-4,81],[-28,51],[93,159],[96,57],[105,-40],[98,-100],[81,-6],[64,-52],[16,-70],[94,13],[27,36],[114,34],[86,109],[2,46],[153,-27],[12,61],[-26,98],[23,261],[-36,42],[-35,178],[-49,35],[41,46],[16,121],[-80,34],[73,59],[15,158],[-56,103],[7,64],[-82,28],[-157,-62],[-119,5],[-230,-139],[-14,-52],[-175,-3],[-98,-25],[-56,46],[-1,51],[-66,58],[34,102],[-36,67],[-96,43],[-18,64],[-163,78],[-44,96],[-79,68],[-26,57],[-72,23],[93,98],[16,89],[54,123],[-56,147],[-25,150],[29,62]],[[63569,93032],[2,-2],[12,6],[9,11],[48,-7],[11,11],[5,2],[4,6],[30,-23],[-3,-13],[30,-6],[-16,-96],[132,19],[28,-17],[49,-16],[115,10],[163,60],[162,95],[30,42],[-21,41],[0,19],[21,2],[-9,17],[6,6],[2,2],[1,0],[0,1],[-1,0],[51,6],[16,70],[57,11],[38,72],[105,-11],[30,28],[99,-36],[121,16],[12,30],[-12,24],[12,6],[15,13],[-2,10],[32,19],[44,-25],[91,44],[49,32],[55,51],[16,51],[50,2],[46,30],[47,44],[19,58],[-21,74],[78,34],[50,-15],[63,24],[130,17],[52,40],[23,11],[14,16],[95,-25],[16,15],[12,-2],[5,13],[2,-1],[2,1],[7,0],[9,-9],[91,32],[13,23],[48,0],[23,40],[71,-8],[22,38],[50,7],[32,21],[89,-34],[57,36],[52,27],[7,81],[35,-36],[43,-23],[20,-32],[85,-89],[56,-13],[19,-85],[38,-55],[46,-2],[31,4],[57,-47],[-6,-72],[41,-8],[29,-36],[21,6],[45,-96],[-25,-74],[9,-30],[92,-70],[63,-14],[18,-53],[-81,-143],[-3,-53],[41,-101],[-84,-26],[11,98],[-55,49],[-36,-49],[-73,-32],[-57,-6],[-120,-172],[-59,-179],[-7,-95],[-77,-41],[-14,-46],[-68,-81],[-91,-51],[-69,-144],[-132,-163],[-25,-90],[7,-97],[41,-70],[77,-24],[57,49],[16,51],[-55,72],[28,72],[159,68],[25,64],[-18,87],[80,-36],[152,165],[-11,-103],[-59,-5],[-5,-57],[32,-108],[95,-24],[101,-76],[-112,-62],[-153,62],[-49,-98],[32,-101],[42,-43],[194,-19],[20,-79],[139,-85],[180,-40],[105,130],[62,-85],[29,-110],[-21,-102],[-75,-83],[12,-45],[-39,-80],[-14,-100],[-57,-51],[19,-55],[116,74],[-3,38],[83,89],[84,20],[-7,70],[64,59],[79,-4],[89,36],[59,-57],[-72,-87],[99,18],[78,54],[45,101],[-52,49],[-25,87],[39,38],[-57,36],[-34,-46],[-9,-76],[-91,23],[-142,-38],[-91,127],[44,25],[-5,34],[-34,-4],[-45,24],[-21,139],[61,66],[64,-2],[44,49],[75,19],[91,74],[15,30],[89,-55],[112,51],[77,81],[19,-13],[20,-2],[39,-13],[32,-7],[2,85],[63,56],[5,72],[59,32],[9,-7],[5,-2],[48,40],[54,51],[-6,-150],[-53,-41],[-2,-15],[5,-14],[-5,-17],[7,-45],[15,-32],[46,26],[62,8],[29,-49],[-30,-25],[49,-28],[27,-38],[100,11]],[[68572,92518],[19,-36],[-7,-83],[-32,30],[20,89]],[[68133,93316],[20,-59],[-52,-11],[32,70]],[[67455,91472],[18,4],[25,-17],[-25,-15],[-25,0],[7,28]],[[67387,91251],[15,-13],[-16,-27],[-20,27],[21,13]],[[67864,92253],[23,-15],[-7,-13],[-2,-12],[-7,-1],[-4,7],[4,13],[-9,14],[2,7]],[[68561,92159],[7,-6],[7,4],[11,-2],[4,-13],[-9,0],[-6,-4],[-27,15],[13,6]],[[68227,93564],[9,-4],[8,-30],[-8,-6],[-9,23],[2,11],[-2,6]],[[68636,92060],[-2,2],[2,0],[2,-2]],[[66990,93106],[-11,0],[-9,-4],[-12,8],[5,5],[16,6],[12,-7],[-1,-8]],[[70616,84488],[-70,-32],[-68,64],[-43,-87],[29,-161],[-27,-70],[-73,8],[-9,-53],[48,-183],[-9,-33],[-151,-102],[-82,-90],[0,-17],[0,-97],[43,-68],[3,-53],[-62,-104],[0,-53],[-56,-112],[0,-66],[-8,-132],[-36,-63],[-2,-81],[-57,-77],[77,-48],[112,-2],[57,-164],[-91,-83],[20,-53],[-70,-30],[-55,-61],[-16,-119],[-21,-21],[3,-55],[54,-2],[21,-111],[37,11],[79,-51],[3,-155],[-17,-38],[30,-123],[48,-91],[-21,-179],[0,-2],[2,-87],[37,-44],[-43,-79],[-27,-106],[-108,-79],[33,-103],[50,0],[38,-52],[-38,-86],[-98,-28],[-71,-123],[-30,-7]],[[69981,80655],[-157,0],[-98,13],[-54,-78],[-143,27],[-7,-38],[-146,7],[-39,-41],[-73,-25],[-73,-96],[-107,-17],[-100,-61],[-141,-126],[-59,28],[-25,87],[-107,60],[-27,63],[-62,-91],[-166,-60],[-36,24],[-73,-21],[-82,6],[-77,-81],[-128,21],[-30,-80],[-205,-53],[-52,25],[-102,-15],[-21,36],[-105,-25],[-59,43],[1,-54],[-91,-51],[20,-72],[-52,22],[-91,-47],[-75,-4],[-10,-87],[-89,-51],[-75,178],[-95,-53],[-137,32],[-63,-24],[-91,-93],[-85,-27],[-27,29],[-112,41],[-45,-198],[-89,-11],[-18,-36],[-73,-29],[-73,8],[-116,-34],[-89,62],[-118,-110],[-50,50],[-41,-34],[-87,0],[-11,85],[-86,62],[-14,78],[79,85],[-31,49],[-46,-28],[-36,39]],[[65411,79964],[72,70],[239,68],[-4,-56],[91,-21],[55,49],[40,76],[89,3],[105,63],[50,-17],[85,19],[18,3],[61,40],[109,13],[78,53],[41,57],[36,57],[128,153],[52,45],[55,-5],[131,140],[74,79],[34,34],[4,68],[132,29],[82,54],[-48,38],[91,101],[34,-25],[28,6],[39,104],[52,43],[80,11],[50,84],[-44,28],[66,55],[12,-27],[16,23],[38,-4],[-52,97],[86,-17],[25,104],[-58,36],[4,98],[57,72],[-87,89],[92,145],[20,-17],[55,-153],[81,-5],[75,30],[32,57],[69,-33],[107,125],[47,85],[35,67],[22,90],[-116,34],[-164,0],[-70,379],[112,-59],[41,-233],[72,10],[-27,183],[125,-64],[32,-151],[66,-10],[-32,15],[18,89],[-18,95],[-104,21],[-92,41],[-16,112],[166,-70],[23,41],[-79,27],[4,34],[-38,47],[-12,85],[80,44],[14,-80],[38,-2],[9,84],[41,26],[-45,55],[-9,62],[27,46],[-52,-15],[-130,66],[-14,43],[-68,38],[-12,133],[46,62],[-16,30],[-107,140]],[[67985,83703],[46,47],[97,38],[41,53],[132,64],[19,36],[-21,72],[28,49],[93,-9],[-12,19],[3,164],[-75,78],[2,61],[-46,20],[12,66],[-41,161],[-98,95],[-45,4],[-64,153],[64,119],[4,79],[-46,110],[105,66],[-11,46],[61,157],[28,128],[34,49],[-114,17],[-45,93],[-53,28],[164,104],[143,-24],[71,17],[14,89],[-50,-25],[-67,34],[-91,93],[-25,-23],[-109,-6],[-55,-24],[-24,68],[-69,26],[-164,29],[3,43],[-46,51],[-148,0],[-153,103],[58,122],[59,31],[-57,75],[27,254],[-9,79],[-121,12],[-52,90],[36,72],[91,36],[3,45],[82,-7],[66,-61],[31,14]],[[67758,83351],[166,-37],[39,-33],[-96,-115],[-114,13],[-48,87],[53,85]],[[67947,83471],[56,-44],[3,-95],[-178,36],[0,50],[119,53]],[[67546,83073],[41,-43],[-105,-102],[-14,53],[78,92]],[[68065,83193],[59,-19],[66,13],[57,-27],[20,-117],[-159,-70],[-14,38],[-82,0],[-49,55],[-49,-2],[0,66],[26,15],[122,49],[3,-1]],[[67842,83034],[80,-72],[156,-12],[16,-64],[-147,-9],[-26,83],[-79,74]],[[68140,82247],[38,64],[83,4],[-37,-113],[-46,-84],[-77,-89],[-30,-5],[-108,58],[-44,61],[50,104],[34,70],[53,-44],[-30,-62],[66,-53],[48,89]],[[67555,81680],[2,-59],[-16,-25],[53,-62],[-37,-61],[-48,6],[12,76],[22,32],[-9,2],[21,32],[0,59]],[[67935,82056],[-5,-80],[-45,-18],[-53,64],[44,72],[30,2],[29,-40]],[[67427,81490],[67,-102],[-42,-75],[-74,-61],[-41,49],[104,167],[-14,22]],[[66530,81265],[99,89],[90,-81],[-104,-81],[14,-12],[84,67],[64,-6],[45,-55],[-107,-78],[-96,-68],[-104,-90],[-69,85],[92,73],[-12,10],[-61,24],[-125,-100],[-41,49],[138,101],[93,73]],[[67985,83703],[-23,-17],[-102,-149],[-128,-32],[-6,32],[139,79],[72,108],[-43,9],[-55,-81],[-68,-6],[-80,-102],[-22,23],[31,102],[-75,-51],[-77,81],[57,87],[-86,93],[-92,68],[-120,34],[-3,-76],[-147,-34],[-21,46],[-75,2],[-57,-46],[5,-104],[-274,-36],[-159,-17],[27,-51],[-118,-15],[-62,23],[16,-40],[-88,-55],[-141,-28],[-7,-89],[-52,-19],[24,-68],[-50,-7],[28,-125],[-134,-17],[-158,-21],[-66,-30],[-138,-2],[-133,-25],[-109,-51],[-155,-38],[1,-22],[-117,-29],[-72,13],[-46,-20],[-221,179],[-252,-15],[-124,21],[-127,81],[-102,93],[-123,91],[-180,53],[-100,121],[-205,134],[-34,45],[-132,84],[-23,-8],[-30,51],[-57,-129],[-82,-9],[-147,117],[34,119],[-34,14],[-94,3],[-79,74],[-153,100],[-46,-18],[-49,34],[32,100],[-123,64],[-44,-7],[-125,30],[-114,53],[-100,-6],[-54,-57],[-78,17],[-78,44],[-49,-57],[-66,30],[88,61],[-79,38],[-67,-129],[-56,-32],[-101,0],[-11,98],[98,29],[-14,34],[-163,-2],[13,-102],[-102,-51],[-23,68],[-43,-2],[-153,-59],[14,-66],[-135,-38],[-95,63],[9,49],[-95,36],[-67,-21],[-61,55],[-18,53],[-59,-29],[-30,-62],[-87,-68],[-31,-44],[-34,76],[-7,53],[-43,-27],[-108,-56],[0,-59],[-57,-45],[-31,102],[-7,179],[-41,36],[-61,-20],[-3,-68],[61,-142],[-111,-102],[-9,39],[46,91],[-46,17],[-136,-26],[-5,-53],[-52,-53],[68,-74],[-52,-23],[-41,-77],[-46,-32],[-9,-27],[-191,-23],[-62,-26],[-79,51],[-58,129],[-40,-38],[-153,-51],[-45,32],[-87,-80],[-59,-85]],[[59101,83943],[-7,131],[-64,30],[30,55],[14,117],[25,53],[95,40],[-29,83],[-51,0],[-61,66],[28,68],[-23,140],[-43,0],[-32,82],[-96,70],[-62,34],[3,51],[-41,28],[-139,-42],[-37,55],[23,59],[-31,94],[-51,23],[-6,74],[107,180],[20,132],[70,59],[92,24],[49,95],[-91,92],[3,40],[-78,32],[10,53],[-108,76],[-75,15],[3,66],[48,63],[139,105],[-23,25],[23,97],[-48,79],[56,30],[37,93],[-28,43],[-109,38],[-11,114],[27,47],[62,17],[52,100],[132,93],[62,-29],[20,52],[70,-23],[-15,172],[56,64],[-18,155],[142,51],[107,16],[45,88],[-23,114],[69,89],[-35,43],[57,104],[-7,46],[41,66],[128,53],[118,-4],[91,-40],[37,104],[-57,68],[52,116],[-13,91],[-92,7],[-41,36],[-97,30],[-12,116],[9,149],[119,57],[47,130]],[[59765,88983],[103,-19],[162,-96],[106,85],[128,-6],[-16,55],[119,59],[49,55],[10,55],[52,9],[43,53],[164,102],[-48,161],[19,111],[25,23],[-80,83],[-25,101],[41,115],[27,119],[27,32],[-74,53],[-14,63],[-134,32],[-30,37],[-66,16],[-27,51],[25,117],[57,180],[-39,39],[27,101],[-21,39],[-41,8],[-79,68],[-86,-4],[-51,53],[-48,10],[-15,177],[-32,93],[29,34],[-86,216],[29,58],[-147,146],[63,108],[27,130],[-24,29],[32,68],[-28,105],[-95,0],[-39,76],[25,161],[-53,76],[-70,32],[-48,53],[-46,-4],[-82,49],[-15,59]],[[59495,92609],[41,-12],[29,6],[18,-6],[7,-13],[14,11],[36,6],[64,59],[-2,-15],[7,0],[7,5],[18,-7],[16,-23],[13,9],[183,48],[42,-12],[32,6],[16,25],[-32,62],[14,25],[9,7],[96,-40],[54,-1],[28,58],[27,0],[23,49],[75,-13],[71,78],[77,62],[89,45],[39,35],[56,-31],[21,12],[5,17],[11,2],[11,-6],[5,6],[-12,47],[98,-4],[78,44],[13,-8],[10,-11],[17,-8],[0,-2],[1,-2],[2,-4],[2,-7],[5,-2],[7,-4],[40,-68],[50,-26],[10,-44],[43,6],[2,13],[-2,23],[29,0],[32,15],[19,-28],[23,-17],[9,0],[6,13],[-13,11],[2,10],[-2,13],[2,0],[-2,13],[73,4],[63,-36],[64,26],[66,-90],[39,0],[7,-80],[59,-9],[64,24],[4,76],[95,2],[8,15],[22,26],[-2,21],[18,36],[139,64],[23,-39],[-59,-117],[132,92],[91,-36],[43,31],[36,-55],[103,37],[18,76],[112,13],[66,-83],[97,34],[164,-11],[73,-17],[57,30],[27,-11],[-2,9],[-5,10],[1,5],[-7,14],[9,3],[6,14],[67,1],[24,29],[24,-23],[50,-32],[8,0],[17,6],[11,5],[45,-15],[14,-34],[27,2],[57,-47],[44,2],[36,9],[-21,-76],[71,-58],[59,115],[66,51],[30,-17],[52,0]],[[66956,83705],[55,-8],[20,-143],[-296,-40],[-18,151],[98,44],[141,-4]],[[67139,83828],[2,-42],[-85,-11],[1,127],[77,-8],[5,-66]],[[66945,83259],[-27,0],[-19,136],[48,6],[-2,-142]],[[66453,83563],[98,-91],[36,-79],[-88,-32],[20,-38],[89,32],[50,-102],[-228,-8],[-86,67],[-20,3],[-16,19],[-7,140],[152,89]],[[66588,83157],[18,-82],[-241,-22],[34,96],[189,8]],[[60457,83455],[42,-34],[-17,-68],[39,-17],[46,-134],[-68,-4],[-34,42],[-62,4],[-107,-93],[-55,59],[-6,43],[56,104],[109,-25],[48,23],[9,100]],[[60851,83599],[-29,-93],[50,17],[59,-43],[2,-95],[-31,-60],[-135,83],[-96,38],[-25,59],[48,47],[62,-2],[95,49]],[[61161,83505],[139,-84],[4,-58],[-45,-42],[-118,-53],[-69,112],[-4,53],[93,72]],[[60688,83338],[27,-49],[-5,-42],[-50,-30],[46,-30],[-26,-72],[-102,66],[2,59],[94,49],[14,49]],[[61423,84431],[7,-56],[-48,-12],[-60,42],[101,26]],[[62213,84418],[-34,-106],[-57,4],[15,77],[76,25]],[[61898,84365],[-50,-2],[37,70],[47,-21],[-34,-47]],[[60430,82759],[-14,-58],[-31,-10],[-18,2],[25,63],[38,3]],[[60078,83283],[2,-49],[-55,30],[53,19]],[[60569,83111],[-13,-15],[6,-36],[-32,0],[12,42],[27,9]],[[60836,83211],[6,-32],[-20,-4],[-12,-7],[0,36],[26,7]],[[61689,83609],[23,-21],[-5,-8],[-2,-11],[-9,0],[-5,4],[2,17],[-18,0],[0,13],[14,6]],[[61261,83179],[4,-9],[1,-13],[11,-8],[4,-13],[0,-6],[-9,-2],[-6,10],[2,11],[-5,9],[-9,6],[2,8],[-4,5],[-9,2],[-2,10],[9,5],[9,-3],[2,-12]],[[61443,83529],[5,-9],[9,5],[13,-11],[1,-8],[-5,-9],[-9,9],[-11,4],[-5,-4],[-9,0],[2,17],[9,6]],[[62319,83620],[5,-15],[-5,-15],[-11,0],[-5,19],[3,9],[13,2]],[[60334,82882],[5,-3],[2,-8],[10,-8],[-14,-7],[-5,-8],[-6,6],[6,15],[2,13]],[[60790,83314],[2,-10],[7,0],[2,-7],[-9,-6],[-13,0],[-3,4],[3,17],[11,2]],[[63560,83696],[14,26],[-35,15],[8,21],[40,-13],[116,-93],[-52,-72],[-121,53],[-45,21],[36,49],[39,-7]],[[67355,83945],[89,-60],[-19,-48],[-114,-5],[0,64],[44,49]],[[67464,83879],[79,-78],[-66,-24],[-13,102]],[[67566,83493],[-18,10]],[[67548,83503],[7,-2],[11,-8]],[[67548,83503],[-301,9],[0,2],[301,-11]],[[63790,80808],[29,-290],[-18,-117],[-18,-38],[43,-70],[37,-45],[68,-4],[25,-41],[27,-188],[23,-56],[62,-61],[125,-79],[43,-99],[-2,-121],[23,-77],[-226,-82],[-211,-56],[-153,-97],[-66,-22],[-207,-87],[-139,-91],[-116,-131],[-96,-43],[-23,-36],[-131,-8],[-76,12],[-337,-114],[-40,15],[27,84],[-14,75],[-98,80],[-125,19],[-30,52],[85,163],[86,57],[9,53],[-31,62],[-146,-119],[-43,32],[-109,6],[-58,-32],[-22,47],[32,61],[-26,35],[-8,86],[-83,81],[5,193],[48,85],[41,91],[4,15],[3,5],[0,4],[64,25],[68,91],[29,-48],[164,-20],[143,119],[78,172],[98,257],[4,23],[7,5],[5,19],[2,2],[0,2],[0,2],[2,4],[73,22],[96,237],[63,55],[37,98],[68,178],[64,47],[120,174],[142,-15],[91,98],[182,352],[38,23],[42,87],[70,56],[75,-13],[135,70],[52,80],[52,41],[75,10],[46,70],[52,39],[107,146],[48,102],[86,114],[60,54],[150,53],[66,-72],[14,-52],[73,-63],[38,-128],[-66,-118],[-180,-183],[-23,-223],[-107,-184],[-57,-66],[-116,-78],[-109,-170],[-18,-53],[-71,-107],[-271,-352],[-20,-91],[-7,-23],[-9,-36],[-9,-15],[-4,-9],[-5,-17]],[[64225,79828],[39,-51],[-44,4],[5,47]],[[67289,83849],[-10,-72],[-75,7],[-45,76],[129,30],[1,-41]],[[60362,84229],[-5,7],[1,8],[4,-6],[0,-9]],[[60066,84352],[-7,-6],[2,-11],[-7,-8],[-8,0],[-5,10],[-9,7],[2,12],[7,-6],[5,7],[11,10],[9,-15]],[[59593,83924],[-1,2]],[[59592,83926],[3,0],[-2,-2]],[[63191,78678],[75,-73],[0,-72],[-75,-76],[-84,4],[11,49],[-8,28],[63,25],[18,115]],[[63471,83830],[53,-27],[-73,-130],[-109,26],[49,112],[60,-25],[20,44]],[[61971,93110],[3,-8],[0,-13],[13,-6],[0,-5],[-18,-19],[-9,2],[-3,13],[8,11],[2,8],[-5,7],[9,10]],[[61677,93059],[8,-8],[8,0],[0,-15],[-8,-2],[-14,10],[0,3],[-2,2],[8,10]],[[60699,93114],[2,0],[0,-2],[-2,2]],[[71673,75703],[-46,87],[25,55],[-73,87],[-77,-13],[-169,100],[-63,8],[-43,-34],[-12,-70],[-77,-11],[-121,-63],[-95,27],[-83,-55],[-124,58],[-137,118],[-317,3],[-54,-53],[-64,21],[-84,-28],[13,-81],[-52,-74],[-64,-46],[-102,2],[-53,-38],[-91,-9],[73,123],[-61,142],[-109,-4],[-50,89],[84,45],[30,119],[-37,69],[61,45],[14,72],[-27,41],[23,59],[59,-42],[95,2],[-11,83],[39,82],[-23,89],[14,60],[-21,68],[-48,12],[-14,66],[-45,41],[-14,74],[-82,6],[-29,32],[-103,-19],[-34,76],[27,81],[39,42],[-41,115],[-54,27],[-60,92],[-45,25],[-66,-13],[-30,56],[-93,23],[-7,26],[-25,-1],[-70,70],[29,62],[53,32],[-9,114],[-19,11],[100,53],[-9,45],[69,46],[106,36],[48,153],[5,81],[46,81],[113,51],[141,40],[-11,76],[66,104],[73,23],[36,39],[-6,80],[-58,73],[3,53],[111,140],[59,-26],[55,21],[48,56],[80,-7],[132,-61],[34,-51],[96,-30],[147,115],[19,106],[-53,83],[-27,95],[-14,131],[-212,145],[-25,-64],[-68,0],[-68,94],[20,65],[-50,87],[-23,113],[23,64],[-9,101],[-63,11],[25,278],[-62,104],[-39,165]],[[72866,77031],[-23,-38],[-92,-36],[-40,-104],[-82,-55],[-112,-13],[-57,-41],[-111,-2],[-114,13],[-89,-85],[3,-47],[-112,-135],[-69,-37],[-8,-106],[43,-53],[2,-68],[93,-40],[-6,-40]],[[71861,76055],[8,51],[-117,57],[12,-59],[-84,-128],[22,-136],[84,15],[91,-97],[-65,-56],[0,-110]],[[72934,74249],[-112,-142],[-50,-87],[-30,-147],[-77,-46],[-48,-94],[26,-104],[68,11],[13,-53],[-20,-7],[-18,-27],[-10,-2],[-4,-2],[-41,53],[-41,-39],[-4,2],[-7,0],[-10,5],[-24,6],[-10,4],[-18,2],[-34,-51],[-4,1],[-3,-1],[-16,5],[-43,-4],[-80,-39],[-20,-49],[38,-63],[85,-4],[14,-22],[-7,-4],[-3,-10],[2,-9],[3,-6],[-7,-3],[-2,-8],[13,-8],[-68,16],[-68,-105],[-71,-75],[-23,-6],[8,-36],[36,-34],[-9,-17],[13,-43],[107,81],[32,-110],[19,-26],[86,38],[-55,-152],[-43,14],[-73,-12],[-45,-47],[-55,38],[-132,-78],[-48,-58],[25,-14],[59,-87],[-25,-3],[-2,-25],[-34,-2],[-55,-40],[-20,4],[-141,-100],[-64,-19],[-127,-72],[-17,-34],[-70,-17],[-50,-38],[4,-43],[-141,19],[-116,-125],[-41,9],[-73,-58],[-24,-104],[-98,-155],[86,-171],[5,-45],[-18,8],[-7,-8],[6,-13],[-20,-15],[2,-44],[-4,2],[-3,-2],[0,6],[-7,-8],[3,-3],[-5,-4],[-27,2],[-14,32],[-27,30],[-62,11],[-27,-32],[-25,-83],[-89,9],[18,78],[-49,49],[97,66],[112,44],[-11,102],[-55,96],[-66,31],[-59,-38],[-39,19],[-75,-55],[-12,64],[-27,-4],[-52,-52],[-91,43],[-25,36],[-19,-13],[3,-49],[-5,-4],[-2,0],[-2,-2],[-3,2],[0,-4],[-2,-4],[-5,0],[-6,49],[16,48],[-89,22],[-68,-22],[-69,20],[-57,-22],[-43,38],[-55,-10],[-27,51],[5,12],[-14,-2],[-7,-12],[-4,12],[-2,5],[-28,31],[-22,-4],[-64,15],[-28,32],[-36,13],[-61,17],[-17,-51],[-54,2],[-107,63],[-20,-6],[-19,-45],[-39,26],[-77,-8],[-70,8],[-32,83],[-44,17],[-81,-32],[-69,25],[-34,-6],[-20,42],[-18,3],[-7,-7],[-5,0],[-4,-6],[-28,13],[-13,-2],[-7,-7],[6,-13],[-9,-6],[-9,19],[2,7],[-8,0],[-1,-5],[-13,-6],[-11,21],[-42,17],[-50,-13],[-9,7],[-14,8],[-9,11],[-16,10],[14,62],[-41,32],[-36,2],[-28,-2],[-15,55],[-94,83],[-73,-34],[-36,47],[-55,-45],[-36,21],[-20,-4],[0,-4],[-3,2],[-2,-2],[2,-2],[-5,-1],[-2,-2],[2,-2],[-9,-8],[-102,29],[21,73],[-42,65],[-161,79],[-41,-17],[-21,106],[-54,-47],[-59,70],[-21,7],[-34,19],[-5,21],[-24,7],[-10,89],[-43,23],[59,138],[-25,30],[46,89],[-37,161],[-77,78],[-237,35],[-84,40],[-14,19],[-16,8],[1,15],[-21,4],[-11,22],[-26,4],[3,74],[86,40],[12,105],[41,55],[52,-22],[-5,-61],[42,-21],[93,23],[32,43],[57,6],[-42,38],[80,55],[64,17],[-46,127],[-90,56],[-42,80],[-82,30],[-54,-57],[-39,78],[44,49],[-51,66],[-120,-11],[-48,-13],[-46,94],[-2,57],[-61,77],[-43,17],[-89,-26],[-160,110],[-127,47],[-228,-25],[-39,36],[30,68],[-9,67],[-125,66],[-35,47],[-52,-6],[-88,40],[-108,62],[-9,74],[-86,53],[2,70],[-52,32],[-23,87],[-50,61],[-4,87],[-53,79],[-86,91],[-85,40],[-161,43],[-25,-15],[-19,-6],[-50,-22],[-132,-17],[-34,37],[-82,-73],[-102,-34],[-5,85],[60,30],[4,42],[-13,11],[-23,13],[-12,61],[66,13],[75,-30],[46,34],[9,106],[-27,66],[-44,32],[12,70],[77,4],[-14,62],[46,72],[57,-11],[55,62],[97,23],[-31,60],[-73,14],[-25,-46],[-153,-36],[-11,10],[-12,3],[-15,12],[-12,5],[80,23],[18,59],[-36,19],[-28,36],[-16,7],[-2,12],[-13,11],[-8,4],[-24,-10],[-23,12],[13,11],[25,-4],[130,17],[44,134],[93,-1],[23,-40],[41,21],[-5,41],[66,38],[48,-15],[25,28],[45,-5],[139,75],[-70,76],[72,42],[-9,47],[62,11],[102,57],[-68,117],[-39,34],[-95,-19],[2,104],[-46,12],[-15,-2],[-25,74],[-21,7],[-43,-4],[-2,4],[-5,0],[-11,-4],[-1,-3],[-29,26],[-25,2],[-21,7],[-18,-1],[-30,22],[-50,8],[-111,-25],[-11,66],[50,38],[7,114],[93,70],[43,107],[-9,35],[18,60],[69,-42],[181,-32],[-8,42],[-85,28],[9,70],[-104,44],[34,60],[52,15],[189,8],[93,-45],[32,15],[34,20],[26,27],[125,36],[-75,38],[20,72],[43,30],[-61,-17],[-19,144],[-36,68],[18,77],[-52,13],[-29,-56],[-58,53],[-34,-14],[-16,-19],[-132,76],[-29,83],[52,17],[-31,91],[42,27],[-43,102],[-148,-4],[-118,34],[-27,83],[120,-22],[80,-72],[37,24],[-80,114],[-55,47],[-43,-11],[-125,75],[-52,76],[-140,-2],[-79,17],[22,104],[55,23],[18,55],[-50,94],[50,142],[44,28],[64,-7],[43,43]],[[64823,79781],[-4,-64],[-71,-97],[-57,6],[3,74],[59,-10],[70,91]],[[65104,79839],[-53,-60],[-82,4],[-25,34],[160,22]],[[66157,78417],[-57,-5],[5,9],[2,19],[39,8],[11,-31]],[[66105,78480],[27,-2],[3,-21],[9,-9],[-18,0],[-10,-4],[0,24],[-22,0],[2,10],[9,2]],[[66080,78448],[13,0],[3,-8],[9,0],[-2,-15],[-5,-13],[-14,5],[3,14],[-10,3],[3,14]],[[64874,79787],[4,-8],[-2,-8],[-5,-3],[-2,-8],[-5,0],[-2,8],[-5,5],[-6,4],[11,8],[12,2]],[[65493,78081],[-5,-40],[25,-36],[-39,-21],[-25,40],[44,57]],[[65283,78054],[16,-7],[20,3],[7,-3],[12,-4],[-41,-40],[-14,51]],[[65825,75609],[25,-28],[73,17],[-2,-40],[-60,-13],[-36,64]],[[65645,77126],[32,-12],[-9,-30],[-45,30],[22,12]],[[65110,75772],[-6,1],[0,4],[8,-2],[-2,-3]],[[65258,76458],[11,-9],[7,-4],[-6,-15],[-9,-4],[-10,-2],[-2,9],[5,8],[-10,11],[14,6]],[[65420,77012],[9,-19],[57,-9],[-16,-21],[-55,0],[-14,23],[19,26]],[[65365,76855],[-2,-30],[-39,11],[41,19]],[[65388,76969],[7,0],[9,-4],[4,2],[7,-8],[-7,-7],[-6,-2],[-9,7],[-10,0],[5,12]],[[67223,74535],[11,-4],[5,-19],[-10,-4],[-15,23],[9,4]],[[67653,73913],[7,0],[0,-14],[-9,-9],[-10,0],[-6,6],[16,7],[2,10]],[[69490,72105],[14,-10],[6,-9],[-7,-17],[0,-10],[-16,12],[-6,9],[-7,2],[2,15],[11,9],[3,-1]],[[72396,73266],[7,-4],[3,-13],[9,0],[6,-10],[-15,-5],[-9,9],[-5,11],[-5,6],[9,6]],[[71295,71900],[20,-49],[117,12],[141,-27],[20,-30],[66,-10],[-23,-43],[5,-44],[-116,-19],[-9,-39],[-78,5],[-68,59],[-103,28],[-68,42],[96,115]],[[71352,71620],[-14,-47],[-38,19],[52,28]],[[59765,88983],[-9,46],[-66,58],[-100,-28],[-68,-28],[12,-86],[-46,-52],[-118,-52],[-33,-35],[-115,-33],[-14,-64],[-98,-98],[-73,-21],[-121,13],[-145,-51],[-105,70],[-5,44],[-58,20],[-55,-20],[-35,-74],[-45,-23],[-79,8],[-58,-21],[-49,-64],[-42,-10],[-31,13],[-162,-22],[-25,-123],[-100,-65],[-82,27],[11,79],[-32,76],[-91,66],[3,106],[65,106],[16,112],[-49,64],[-112,-32],[-57,77],[64,34],[-21,65],[64,83],[-107,111],[14,93],[-139,19],[-159,149],[-41,67],[-94,39],[-38,-49],[-91,-28],[-69,36],[-61,-48],[-53,4],[-34,42],[-114,24],[-182,31],[-70,60],[39,102],[91,83],[-37,65],[39,47],[-5,49],[-43,-7],[-98,32],[-146,-93],[-84,44],[-127,-70],[-71,-78],[-68,28],[-44,-22],[-31,-108],[34,-42],[-55,-106],[-152,-1],[-207,-125],[-158,-15],[25,-63],[-15,-85],[22,-47],[-86,-40],[-96,-142],[-97,-45],[-114,36],[-23,119],[-62,53],[14,64],[-66,78],[-11,75],[-53,2],[-145,65],[-110,111],[-43,-26],[-52,30],[-16,55],[-176,0],[-82,28],[-66,49],[-107,19],[-36,-60],[-118,-13],[-27,37],[-67,8],[-136,119],[-144,30],[-77,-26],[-34,28],[-100,13],[-77,38],[-58,-68],[26,-68],[-128,-161],[-9,-130],[14,-36],[-57,-98],[15,-53],[-29,-40],[25,-47],[-41,-67],[-2,-100],[-96,-132],[-73,17],[-91,-66],[-143,37],[-23,-51],[-52,-22],[-21,-48],[80,-73],[50,-99],[-7,-43],[69,-185],[-25,-40],[-55,0],[-25,74],[-68,26],[-62,-8],[-16,-39],[-105,-19],[-25,-38],[-63,-4],[-64,-66],[-59,25],[-27,-46],[-73,-17],[-78,17],[-141,78],[-43,36],[-66,11],[-105,-83],[-11,-80],[43,-54],[14,-101],[40,-100],[49,-40],[6,-172],[-70,-66],[-134,-11],[-67,15],[-98,-44],[-97,-90],[-62,47],[-75,9],[-82,-113],[-71,-11],[-168,96],[-66,-32],[-21,-44],[19,-111],[-14,-97],[16,-34],[-61,-49],[-53,2],[-64,-81]],[[50487,87204],[-68,55],[-57,115],[-41,32],[-73,4],[-56,-38],[-48,-66],[-101,55],[-127,-14],[-162,-51],[-91,2],[-59,65],[-157,-91],[-47,47],[0,45]],[[49400,87364],[36,14],[5,70],[-39,56],[27,110],[46,51],[-42,117],[51,61],[-10,79],[25,78],[74,89],[70,2],[39,43],[109,32],[64,57],[25,70],[-10,74],[-42,74],[-53,28],[21,70],[-32,72],[-73,58],[-155,-47],[-11,119],[59,63],[36,0],[116,75],[35,40],[202,74],[46,-4],[111,77],[21,-28],[125,36],[70,85],[55,21],[45,-28],[91,-6],[57,43],[78,-15],[87,23],[66,51],[-26,132],[-63,101],[59,107],[-116,169],[48,41],[-25,38],[6,199],[101,166],[61,-9],[18,66],[52,19],[-45,89],[-45,38],[61,79],[-3,144],[-97,198],[-66,53],[-235,95],[-100,75],[-269,227],[-40,42],[-48,136],[-142,297],[19,89],[143,108],[75,24],[139,2]],[[50287,91973],[43,-24],[69,36],[56,-14],[-54,-70],[-68,-43],[-34,-93],[79,6],[39,-81],[-62,-29],[3,-38],[77,-117],[139,-140],[112,-85],[243,-112],[207,-54],[48,0],[162,-42],[143,-25],[89,-5],[166,49],[41,45],[13,68],[42,86],[-10,32],[78,51],[30,66],[113,45],[101,2],[100,59],[88,72],[158,49],[41,32],[86,-13],[36,39],[57,-24],[123,32],[91,59],[85,-4],[100,19],[36,-53],[109,-42],[205,-26],[180,-66],[7,-27],[129,-34],[142,11],[230,-34],[309,-32],[367,2],[377,25],[78,9],[168,25],[171,5],[43,25],[144,-8],[111,27],[123,66],[36,-17],[101,55],[198,2],[93,30],[14,55],[50,59],[109,-176],[98,-12],[189,4],[162,21],[49,41],[130,-9],[439,64],[142,27],[138,47],[5,42],[82,-19],[87,7],[193,48],[216,77],[121,61],[45,115],[78,10],[48,86],[-16,35],[7,0],[2,11],[13,7],[9,12],[14,7],[19,4],[9,-7],[7,-2],[2,0],[0,2],[2,1],[4,-3],[5,3],[2,8],[-7,17],[44,-11],[7,3],[4,-1],[3,0],[-1,5],[9,-2],[1,17],[25,-3],[20,7],[66,-32],[107,27],[4,11],[0,6],[3,3],[2,2],[21,29],[57,26],[41,6],[2,-6],[2,-2],[3,-2],[2,4],[4,2],[3,-4],[11,-6],[30,0],[56,16],[37,39],[-9,82]],[[58741,92206],[-2,0],[2,2],[3,2],[2,-4],[-5,0]],[[49400,87364],[-80,25],[-35,70],[-90,15],[-37,-32],[-86,30],[-89,-70],[-114,40],[-95,-11],[-62,-106],[-73,-25],[-84,6],[-14,45],[-61,47],[-62,6],[-15,89],[-92,53],[-25,40],[-147,3],[-60,-139],[-75,-33],[-148,-39],[-116,79],[-57,-26],[-139,49],[-56,100],[-82,83],[-74,-2],[-182,-89],[-13,-32],[-12,-34],[-102,-79],[-54,-98],[-94,-91],[84,-101],[-11,-37],[-77,0],[-112,-63],[-39,-117],[-80,-70],[-49,-15],[-50,-62],[8,-82],[-88,-58],[-60,-14],[-24,-62],[15,-70],[-106,-64],[-87,-4],[50,-68],[-13,-95],[-74,8],[-106,-44],[-60,-81],[-48,51],[-66,15],[-175,-41],[-75,-174],[-73,-19],[-50,-72],[-81,-34],[-32,-91],[-48,-64],[-59,9],[27,-60],[114,20],[54,-34],[52,-71],[85,45],[57,-98],[150,-21],[18,-23],[36,-170],[30,-40],[3,-81],[-135,-63],[-36,67],[-46,9],[-72,-36],[-64,-147],[-62,0],[-100,75],[-37,-24],[-81,20],[-16,33],[-94,3],[-72,-54],[13,-42],[-100,-17],[-118,-85],[-46,-70],[-96,-49],[-4,-42],[-114,17],[-63,-55],[-23,-58],[-46,-15],[-88,37],[-55,48],[-126,-76],[-83,53],[-94,-42],[-95,49],[-50,-5],[-169,113],[-70,74],[-55,-64],[-71,-25],[27,-47],[1,-76],[-83,-19],[-129,-134],[-93,-6],[-48,31],[13,87],[-82,62],[-170,-30],[-44,-46],[-107,-32],[-73,25],[-74,85],[-82,-78],[-58,-158],[-75,13],[-82,58],[-8,127],[-155,91],[-137,-2],[-38,-47],[40,-36],[-16,-102],[14,-38],[-82,-102],[-63,-31],[13,-53],[-36,-143],[-101,-48],[-54,38],[-64,-41],[7,-57],[-96,-47],[-56,28],[-55,-68],[-126,-64],[-13,-31],[-91,-37],[-12,-59],[-88,-19],[9,-57],[84,-104],[20,25],[105,-13],[30,-44],[-46,-110],[-63,-90],[-62,-129],[-48,-89],[-63,-57],[34,-54],[-112,-216],[28,-104],[75,-51],[-44,-74],[10,-45],[-64,-47],[11,-55],[-45,-99],[-110,-72],[-41,-69],[-91,-101],[-64,-7],[-193,-65],[-39,-85],[-6,-87],[-87,-109],[128,-23],[63,-64],[-20,-55],[91,-184]],[[40661,81475],[-109,2],[-132,10],[-35,-53],[-95,-23],[-64,-87],[7,-142],[-153,-94],[-63,-135],[63,-66],[23,-94],[55,-63],[4,-49],[50,-38],[-13,-142],[-91,-11],[-53,-45],[-40,-89],[-49,-13],[-66,-133],[-11,-81],[-30,-51],[-81,-29],[23,-70],[-39,-70],[-69,80],[-66,104],[-59,26],[-59,65],[-104,7],[-14,-49],[-110,-110],[-77,51],[-54,-28],[20,-76],[-41,-49],[-70,0],[-26,-34],[-75,-4],[-157,36],[-59,27],[-21,-81],[-122,73],[-84,21],[-80,62],[-3,76],[-66,21],[-111,85],[41,68],[-12,85],[-59,29],[-38,83],[7,98],[-30,59],[75,60],[18,74],[82,49],[18,121],[51,97],[4,134],[-59,-17],[-112,6],[-93,-14],[-78,53],[-115,-102],[-67,40],[-70,-38],[-68,-2],[-89,72],[-37,-6],[-29,80],[43,77],[-43,138],[50,87],[-32,61],[-103,-25],[-9,95],[-56,125],[-62,30],[86,123],[137,68],[94,91],[-46,55],[32,32],[-34,87],[43,119],[57,-6],[57,93],[36,-4],[23,42],[-52,56],[-32,233],[11,72],[-96,-6],[-97,76],[-5,70],[34,38],[-11,98],[16,68],[-30,70],[-54,8],[9,60],[-42,40],[49,134]],[[37568,83546],[2,-38],[116,-43],[284,19],[187,43],[171,66],[54,6],[169,55],[148,72],[166,113],[57,89],[70,44],[55,89],[-16,111],[4,15],[-13,14],[-2,11],[-7,19],[-21,36],[92,43],[84,-30],[64,57],[-3,72],[7,11],[16,9],[-9,8],[16,28],[141,-15],[20,91],[69,-10],[57,50],[63,15],[55,38],[80,196],[132,97],[27,-19],[109,64],[12,15],[0,19],[8,8],[-4,13],[25,15],[-4,57],[29,13],[89,49],[59,114],[-61,62],[48,47],[63,2],[75,44],[43,68],[69,-97],[102,10],[-20,96],[27,59],[64,32],[-16,115],[39,36],[75,6],[-52,44],[4,17],[27,39],[14,-3],[4,0],[0,5],[3,10],[6,0],[1,3],[-1,0],[0,2],[3,0],[4,0],[1,4],[-1,15],[18,-5],[37,47],[-5,5],[0,2],[-2,2],[-2,2],[-5,4],[75,60],[51,-17],[75,69],[-28,54],[12,16],[11,1],[5,10],[11,-8],[11,21],[-2,4],[2,4],[-4,2],[139,47],[134,83],[30,21],[56,100],[116,57],[165,115],[52,74],[248,225],[87,93],[132,34],[138,11],[282,132],[58,48],[27,62],[18,15],[-5,29],[32,47],[55,15],[-7,142],[46,32],[47,81],[135,49],[82,61],[18,21],[-11,15],[-1,23],[7,5],[-6,15],[24,2],[25,27],[7,-6],[14,0],[5,-7],[2,7],[11,0],[2,-4],[1,4],[4,0],[-23,25],[100,17],[33,41],[8,138],[3,12],[7,11],[6,2],[1,4],[4,4],[5,5],[2,2],[-3,45],[91,52],[0,15],[-17,36],[17,22],[-11,19],[114,76],[-5,60],[41,53],[91,17],[149,82],[43,53],[75,43],[22,80],[124,32],[41,43],[-5,53],[38,-2],[17,-24],[34,-2],[80,87],[31,17],[44,22],[84,14],[0,66],[105,87],[72,28],[44,31],[20,3],[20,12],[17,-12],[9,8],[-5,9],[7,4],[2,8],[78,24],[20,25],[2,0],[2,-2],[48,-8],[35,38],[102,10],[143,47],[107,66],[119,136],[106,167],[53,115],[71,235],[29,166],[0,148],[-25,128],[-80,46],[-15,30],[-30,19],[-55,3],[-41,53],[-73,21],[-107,2],[10,17],[-1,47],[87,65],[23,7],[9,-15],[9,8],[12,-4],[-1,19],[37,-6],[2,49],[41,34],[39,-11],[25,25],[0,19],[43,0],[4,-4],[5,5],[5,-1],[2,-6],[9,-13],[12,19],[61,30],[29,-32],[64,5],[-18,65],[135,-31],[63,-70],[109,53],[35,-3],[27,1],[77,-1],[116,11],[30,83],[-210,129],[130,26],[52,44],[212,22],[169,46],[50,91],[52,37],[107,6],[43,74],[89,-17],[41,30],[77,36],[278,6],[105,13],[73,11],[70,49],[39,-22],[173,0],[68,22],[51,-28],[31,-6],[78,46],[-2,79],[-46,15],[7,93],[18,57],[64,-38],[32,55],[122,-27],[94,-56],[38,18],[80,10],[23,-17],[25,21],[5,38],[-14,51],[39,54],[88,-22],[37,7],[20,49],[77,76],[-4,42],[-93,36],[75,36],[64,-6],[22,55],[134,-38],[62,42],[34,143],[60,-13],[84,-36],[7,-66],[34,-59],[24,-28],[3,-4],[9,6],[9,2],[-2,-21],[16,6],[-2,15],[16,0],[2,13],[45,15],[-34,-43],[71,-91],[22,-66],[78,-14],[77,32],[125,18],[18,26],[110,-21],[-34,121],[47,23],[19,-51],[0,-66],[29,17],[101,-27],[40,29],[16,100],[64,-47],[-4,-42],[97,15],[64,-23],[60,51],[24,-54],[30,47],[32,0],[41,38],[96,-19],[24,13],[41,-36],[51,23],[81,-34],[10,-14],[7,29],[11,7],[4,6],[69,-62],[91,-17],[-64,-53],[-103,-40],[-74,4],[-265,-30],[-166,-65]],[[49318,92431],[-16,-30],[13,-34],[-52,3],[23,48],[32,13]],[[50255,92297],[34,-10],[-41,-15],[7,25]],[[48719,92159],[-5,-12],[-2,-22],[-14,1],[-4,10],[-12,13],[16,10],[0,-16],[7,-3],[5,7],[-3,8],[0,11],[12,-7]],[[40604,85719],[16,-32],[-41,-4],[-4,27],[29,9]],[[40517,85730],[7,-26],[-36,-17],[-23,21],[52,22]],[[40526,85670],[5,-13],[7,-4],[-14,-13],[-15,0],[-8,7],[5,8],[14,17],[6,-2]],[[45462,90954],[4,-11],[5,-4],[0,-12],[-5,-7],[-13,24],[2,6],[7,4]],[[38738,85065],[20,4],[9,-10],[14,-6],[23,-1],[-33,-25],[-33,38]],[[59101,83943],[-53,101],[-140,41],[-101,-24],[-18,-36],[-102,-40],[-21,-68],[-137,-8],[-63,-30],[-100,72],[-26,85],[-170,-13],[-28,-72],[-86,-25],[28,-47],[58,17],[21,-72],[107,-11],[75,60],[130,-132],[-61,-32],[-19,-61],[-63,-34],[-80,-119],[-93,-55],[-32,-62],[-80,13],[20,-66],[-56,-72],[-98,28],[-37,-39],[21,-152],[38,-22],[-50,-140],[-54,-42],[-35,34],[-68,-11],[-56,17],[0,-51],[-48,-40],[-57,0],[34,-79],[-85,-10],[-79,-85],[-50,-13],[-71,11],[-57,-66],[-98,-17],[-40,53],[-89,-27],[-119,27],[-9,93],[-48,15],[-43,104],[-79,7],[-28,-26],[-82,32],[-189,38],[-109,-59],[16,-45],[-59,-25],[-53,13],[-113,-45],[-39,53],[-52,-34],[18,-51],[100,-61],[111,68],[251,4],[175,40],[121,-112],[4,-107],[-57,-27],[-41,-91],[14,-60],[-64,-63],[-111,-9],[-69,-55],[-47,-111],[32,-46],[-12,-77],[-36,-25],[-53,121],[-79,21],[-69,-28],[-77,-70],[23,-40],[-18,-91],[-30,-32],[68,-108],[-29,-30],[-68,7],[-60,-90],[-61,-21],[-30,-76],[71,-85],[0,-91],[-77,-36],[-119,-17],[-96,21],[-74,51],[-149,-4],[-107,103],[-305,51],[-106,-55],[-23,-53],[-41,0],[-3,-27],[21,-128],[25,-72],[-59,-21],[-126,34],[-54,-32],[-37,89],[-77,96],[-30,70],[-8,97],[-57,-21],[-21,112],[21,39],[-92,36],[-45,114],[5,109],[-53,-38],[-16,-96],[-109,21],[-21,-44],[148,-56],[50,-193],[-197,24],[-124,46],[10,438],[-119,-1],[-4,-103],[-52,-51],[-114,4],[-1,100],[-93,25],[-86,-79],[-7,-82],[-75,-22],[-103,-4],[-50,-87],[-64,32],[-63,-2],[-78,-40],[-45,-83],[59,-64],[-36,-49],[-105,-2],[-45,-46],[-107,23],[-53,-38],[-109,-28],[-127,132],[-53,40],[-30,106],[-50,4],[80,-127],[7,-42],[71,-47],[-32,-166],[-78,-19],[-61,26],[-50,-2],[-48,-72],[-50,-32],[-91,23],[-39,42],[141,119],[-52,47],[-173,-100],[-53,2],[-9,221],[-68,28]],[[51942,81598],[16,80],[54,62],[-17,114],[-49,122],[53,106],[-37,121],[-27,135],[-89,90],[-70,33],[-28,92],[0,66],[-143,36],[-71,55],[-9,102],[-91,110],[1,83],[58,57],[-40,51],[11,68],[116,229],[-11,68],[-130,34],[7,76],[-100,98],[-9,123],[-19,36],[-13,113],[-62,36],[-6,72],[72,97],[-29,98],[9,64],[-21,57],[64,125],[-21,94],[64,72],[3,110],[-83,102],[-74,8],[-48,106],[-87,-4],[-80,102],[23,36],[-54,83],[15,28],[-61,33],[7,49],[-59,28],[-60,66],[-31,78],[-62,70],[-20,144],[59,87],[14,85],[-23,70],[63,77],[-100,185],[62,87],[-14,69],[62,24],[22,53],[67,78],[-19,100],[16,51],[-45,85],[-87,27],[-16,52],[-52,40],[-7,47],[-87,108],[-88,42],[-62,74],[18,51]],[[56365,82839],[5,-10],[-8,-18],[-9,-6],[-16,23],[1,5],[25,10],[2,-4]],[[57321,82447],[23,-43],[-82,-38],[-14,27],[32,24],[9,23],[36,-12],[-4,19]],[[57273,82423],[-2,-4],[-19,-4],[-9,6],[0,9],[5,17],[4,4],[16,-15],[5,-13]],[[57357,82411],[14,-13],[4,-11],[-2,-10],[-9,-1],[-4,5],[-9,0],[4,12],[-4,9],[6,9]],[[56379,82814],[4,-15],[9,-9],[3,-14],[-7,-7],[-9,4],[0,9],[-5,10],[-4,13],[9,9]],[[53886,81831],[-7,-146],[-121,-17],[3,140],[125,23]],[[54514,81122],[27,-38],[85,-8],[-39,-75],[-50,9],[-32,70],[9,42]],[[55133,81065],[-48,-76],[-29,49],[77,27]],[[54141,81439],[-11,-19],[-35,0],[12,33],[34,-14]],[[55268,81305],[16,-21],[-12,-19],[2,-5],[-9,-4],[-9,17],[2,9],[-8,6],[13,17],[5,0]],[[53941,81445],[15,-19],[-4,-9],[-11,-2],[-9,-10],[-16,10],[11,4],[14,26]],[[54972,81071],[11,-2],[0,-10],[-23,-4],[-4,10],[16,6]],[[56663,81855],[-39,-83],[-93,-2]],[[56531,81770],[86,87],[46,-2]],[[55857,81001],[-22,0],[-21,-2]],[[55814,80999],[-4,9],[9,13],[8,0],[10,8],[9,0],[7,-11],[4,-17]],[[52725,80838],[37,-15],[33,-83],[-50,-142],[101,-17],[9,-83],[-103,-4],[-147,117],[-96,53],[23,53],[70,-15],[123,136]],[[52579,80978],[-11,-102],[18,-68],[-45,-13],[-51,-76],[-72,134],[6,30],[105,17],[50,78]],[[53098,80465],[-59,-121],[-57,-24],[-57,23],[62,51],[50,3],[7,51],[54,17]],[[52475,81161],[34,-24],[-37,-66],[-98,2],[57,69],[44,19]],[[52363,80337],[91,-97],[-22,-51],[-78,50],[9,98]],[[52689,79942],[-37,-108],[-64,62],[101,46]],[[52516,80352],[47,-44],[-2,-41],[-43,43],[-2,42]],[[53103,80636],[-23,-42],[-25,38],[48,4]],[[52372,81167],[7,-23],[-20,-3],[0,26],[13,0]],[[53083,80549],[-5,-4],[-16,7],[-2,10],[18,21],[9,-8],[4,-17],[-8,-9]],[[52340,80672],[9,-6],[10,4],[4,-15],[16,-2],[-4,-10],[-14,4],[-11,-2],[-5,8],[-5,19]],[[52407,81211],[6,-4],[0,-17],[-4,-6],[-10,-4],[-6,8],[-2,19],[8,4],[8,0]],[[52514,81054],[-8,-12],[-13,-7],[-14,-4],[-16,4],[5,7],[16,0],[6,8],[24,4]],[[58910,84025],[104,-31],[60,-107],[38,-19],[71,87],[59,-32],[66,-114],[-162,40],[-47,-87],[-69,4],[-52,83],[-30,-40],[-173,-13],[-59,66],[46,85],[104,72],[44,6]],[[58587,83800],[81,-57],[-47,-40],[-16,-45],[-48,-23],[-46,53],[76,112]],[[58634,83866],[-27,-59],[-96,34],[123,25]],[[58812,83771],[29,-4],[9,-60],[-59,9],[21,55]],[[58855,83592],[52,-21],[-9,-34],[-43,55]],[[58211,83981],[50,-30],[-36,-25],[-14,55]],[[59099,83714],[23,-24],[-24,-28],[-15,26],[16,26]],[[59593,83924],[-1,0],[0,2]],[[58097,82928],[-36,-100],[-89,-8],[-130,-38],[0,78],[78,-15],[91,58],[86,25]],[[58571,83609],[72,-55],[-23,-66],[-54,45],[-98,11],[103,65]],[[58450,83520],[-39,-49],[-105,-53],[-50,77],[85,30],[109,-5]],[[58031,82782],[80,-34],[-43,-21],[-48,8],[11,47]],[[58184,82884],[7,-5],[-21,-14],[-5,-11],[-13,4],[-18,-12],[-1,-9],[-6,-4],[-12,0],[0,10],[5,2],[11,11],[28,13],[15,13],[10,2]],[[57772,82765],[11,0],[18,-7],[-5,-10],[-9,-4],[-6,-9],[-7,-4],[-16,4],[4,7],[10,17],[0,6]],[[58229,83412],[4,-10],[0,-15],[-15,2],[-12,-9],[0,15],[9,4],[0,9],[14,4]],[[51942,81598],[-14,-329],[-20,-13],[-232,138],[2,170],[-68,-161],[15,-30],[221,-138],[44,-64],[-76,-119],[-150,119],[-68,-10],[25,-66],[-93,-15],[-89,-62],[-29,-123],[-12,-157],[34,-72],[-146,-149],[-68,3],[-57,-32],[-36,95],[-100,51],[-87,-15],[-79,15],[-73,64],[-109,-47],[-57,51],[-39,72],[-78,-34],[-91,19],[-63,-55],[-66,30],[13,66],[117,55],[97,27],[9,68],[7,53],[-16,35],[-20,27],[7,70],[-107,32],[-14,-87],[-34,-42],[-36,133],[-41,-4],[20,-121],[-37,-11],[-63,-104],[-94,-25],[-54,21],[-12,-2],[-25,-4],[-106,-51],[-73,-41],[-149,-48],[-43,-4],[-82,-20],[-4,9],[-119,-55],[-97,-62],[-82,6],[-85,58],[-114,-2],[-77,-227],[-20,-157],[-64,-60],[-111,19],[-67,-29],[-52,-79],[-41,-23],[-80,10],[-163,-34],[-39,9],[-34,46],[-59,26],[-30,-23],[-7,-24],[-55,-15],[-152,56],[-162,-7],[-116,-97],[-88,-5],[-71,20],[-144,-13],[-54,-39],[-25,-67],[-80,-7],[-43,-29],[-5,-66],[-50,-72],[-63,-9],[-66,-38],[-98,136],[-7,51],[-50,42],[-62,6],[-148,-78],[-41,-43],[-15,-82],[-64,-96],[-16,-89],[-125,21],[-67,34],[-63,-6],[-3,-60],[90,-129],[59,-36],[4,-57],[-116,-62],[16,-55],[-223,17],[-39,-30],[-64,15],[-166,-55],[-88,-115],[-35,-12],[10,-79],[-50,-32],[-105,79],[-59,-15],[-21,-34],[32,-49],[-87,-42],[-104,-15],[-98,78],[-192,87],[25,62],[-79,27],[-70,-152],[-151,-126],[-116,-38],[-13,-23],[-124,13],[46,135],[-100,122],[54,63],[83,-2],[82,95],[-55,41],[-53,-23],[-131,40],[9,74],[-60,62],[-68,-13],[-2,106],[38,138],[-82,104],[-11,38],[-23,60],[-68,74],[-18,57],[88,172],[-50,36],[-57,-15],[35,115],[93,8],[21,45],[72,42],[48,15],[-20,34],[-34,-11],[-3,3],[-9,10],[9,7],[-2,12],[-95,-91],[-80,13],[-35,-34],[-77,0],[-34,30],[-77,-36],[-135,-1],[-25,-57],[3,-59],[-48,-4],[-50,50],[-11,73],[-131,59],[-47,6],[-12,-25],[-114,79],[-17,-22],[-156,-21],[-11,-83],[-100,-48],[-36,80],[-109,7],[25,-28],[18,8],[4,-10],[12,6],[20,-44],[-13,-5],[-60,-72],[-89,-36],[-29,62],[-53,0],[-57,-75],[10,-46],[-69,-138],[-59,-32],[-68,-104],[-80,-59],[-43,-111],[-146,-131],[-38,14],[-84,-89],[-85,-32],[-39,-25],[-41,-98],[-15,-129],[-55,-26],[123,-59],[27,4],[69,-118],[-16,-41]],[[42109,78981],[-191,-23],[-64,-47],[-64,0],[-43,42],[-64,-8],[71,155],[-178,66],[-75,-43],[-9,81],[-68,2],[-42,-44],[-54,76],[-43,-7],[22,136],[-9,60],[-43,32],[-62,119],[51,95],[-12,57],[-80,75],[-25,99],[-22,57],[9,69],[46,80],[-37,66],[-46,-32],[-113,-9],[-35,64],[0,89],[-125,85],[-6,36],[-114,-23],[-7,151],[52,123],[5,53],[-60,29],[37,96],[-46,138],[37,32],[29,176],[32,57],[-79,144],[-23,90]],[[43709,80099],[38,-78],[-27,-151],[-86,-42],[-64,47],[80,116],[-10,51],[69,57]],[[44041,80303],[34,-27],[7,-79],[-48,-45],[-32,141],[39,10]],[[43864,80350],[41,-91],[-51,12],[10,79]],[[43889,80012],[20,-42],[-29,-17],[-12,45],[21,14]],[[44342,80439],[-3,0],[3,4],[2,-2],[-2,-2]],[[44478,78881],[-14,-85],[19,-40],[98,19],[43,-29],[25,-79],[-119,-49],[-11,-87],[-71,9],[-79,-75],[70,-44],[21,-59],[127,44],[16,-102],[-52,-172],[-50,-21],[23,-62],[-12,-69],[110,84],[65,5],[110,99],[73,-42],[-18,-45],[54,-85],[-39,-25],[-54,89],[-43,0],[-23,-182],[-93,-138],[-57,-32],[-32,178],[-84,-19],[-55,45],[-28,-53],[-93,36],[-55,50],[-41,-8],[-29,-119],[-107,4],[-107,-33],[-82,-54],[-39,24],[-27,87],[-54,4],[-3,134],[61,49],[92,34],[241,156],[68,3],[35,108],[-89,30],[-34,67],[2,81],[79,223],[126,68],[72,76],[64,2]],[[45928,78913],[73,-64],[62,9],[95,-19],[34,-28],[73,11],[50,-23],[-41,-90],[84,-10],[5,-47],[-46,-85],[-43,-38],[-86,-2],[-39,89],[-114,-8],[-73,21],[-32,63],[-66,-17],[-81,30],[-73,4],[13,113],[50,68],[46,27],[109,-4]],[[47048,78841],[-14,-30],[130,-118],[39,-70],[-178,-136],[-214,-87],[-136,34],[22,70],[-22,106],[32,47],[134,95],[62,-15],[24,42],[121,62]],[[45607,78909],[16,-72],[62,-26],[16,-53],[-66,-123],[-67,-42],[-95,53],[-52,-55],[-46,21],[36,80],[-2,52],[64,97],[54,6],[80,62]],[[46540,78767],[103,-123],[-55,-104],[-88,-43],[-76,4],[-11,147],[82,108],[45,11]],[[44465,77655],[43,-57],[-37,-206],[-38,-5],[-80,49],[57,62],[38,150],[17,7]],[[44597,77706],[-16,-28],[23,-47],[-71,-29],[20,57],[44,47]],[[46807,78849],[14,-46],[-99,-36],[23,64],[62,18]],[[44831,78569],[9,-91],[-75,15],[66,76]],[[46572,78119],[19,-27],[50,-9],[-34,-36],[-33,11],[-24,51],[22,10]],[[46429,78466],[14,-30],[-123,-60],[-12,38],[121,52]],[[44143,77377],[-13,-47],[-28,-28],[-18,37],[59,38]],[[45594,78485],[22,-70],[-68,25],[46,45]],[[45805,79104],[30,-49],[-50,-10],[20,59]],[[45491,78468],[-27,-58],[-32,38],[59,20]],[[46511,79471],[38,-6],[-6,-47],[-52,19],[20,34]],[[44310,78869],[2,-39],[-23,-6],[3,30],[18,15]],[[47103,78828],[20,-2],[12,-19],[-1,-10],[-6,-7],[-12,2],[-9,4],[-6,7],[-3,17],[5,8]],[[43884,77530],[4,-2],[8,-17],[16,6],[4,8],[9,-19],[-2,-8],[4,-9],[-18,0],[-7,7],[-9,6],[-9,9],[0,19]],[[46438,79541],[0,-19],[5,-13],[-7,-4],[-7,4],[-9,-10],[-7,-4],[-4,10],[2,15],[13,17],[14,4]],[[47078,78830],[7,-6],[0,-17],[-7,-8],[-21,-2],[-4,12],[15,17],[10,4]],[[46447,79469],[9,-13],[7,3],[9,-5],[7,-15],[-7,-4],[-13,13],[-10,0],[-11,4],[-7,13],[5,4],[11,0]],[[47153,78771],[9,-4],[5,-11],[-1,-6],[-11,-2],[-13,6],[-5,11],[4,6],[12,0]],[[44364,77349],[7,-10],[2,-22],[-4,-4],[-11,11],[0,10],[-9,5],[4,6],[11,4]],[[44701,78465],[11,-14],[0,-11],[-11,-2],[-11,13],[11,14]],[[48195,80002],[80,-79],[-71,-10],[-9,89]],[[47770,80085],[47,-7],[48,-76],[-18,-53],[-77,136]],[[48113,79949],[3,-4],[15,-5],[7,-12],[-9,-9],[0,-10],[-4,-5],[-9,4],[-7,24],[-5,17],[9,0]],[[49202,80431],[84,-66],[34,-153],[-14,-64],[-73,-114],[-48,-19],[-90,104],[-1,104],[46,84],[0,96],[62,28]],[[49161,80509],[-5,-61],[-62,8],[67,53]],[[49538,80413],[166,-6],[32,-42],[-4,-96],[13,-15],[7,2],[41,-33],[14,-20],[23,-8],[56,4],[66,-127],[55,-43],[3,-46],[-99,-60],[-45,-78],[111,-62],[-86,-72],[25,-63],[-64,-43],[-90,55],[-55,115],[-146,64],[-57,150],[-64,113],[-56,25],[0,66],[56,55],[-27,23],[86,55],[-6,83],[45,4]],[[49383,80008],[53,-17],[68,-133],[-23,-134],[-173,-83],[-91,-64],[-15,-57],[-242,-100],[-80,37],[-45,74],[54,189],[64,114],[19,92],[75,57],[23,-68],[100,34],[81,0],[60,44],[72,15]],[[50048,80906],[162,-24],[13,-146],[-50,9],[-23,-68],[-75,-49],[-9,-98],[-34,-100],[-52,15],[-141,-40],[-128,87],[18,45],[-52,159],[62,81],[100,10],[77,74],[132,45]],[[48930,80169],[67,-193],[-75,-112],[-71,8],[-53,53],[-8,64],[36,110],[104,70]],[[50417,80668],[102,-59],[43,-57],[-68,-113],[-91,49],[12,57],[-25,77],[27,46]],[[49613,80734],[83,-115],[0,-53],[-76,19],[-59,-16],[-20,116],[72,49]],[[49482,80534],[-12,-72],[-57,41],[69,31]],[[50264,80621],[37,-46],[-18,-40],[-50,36],[31,50]],[[49424,80405],[14,-6],[14,-7],[-9,-6],[-10,-13],[1,-10],[9,-2],[2,-13],[-9,-2],[-2,10],[-10,9],[1,12],[-1,9],[-8,11],[8,8]],[[48700,79703],[-8,0]],[[48692,79703],[0,10],[8,-2],[0,-8]],[[50893,80554],[41,-111],[81,70],[73,11],[-63,-142],[-43,4],[-69,-17],[-157,-110],[-48,23],[-61,110],[105,115],[141,47]],[[50629,80407],[-12,-191],[-132,-40],[-43,132],[71,52],[116,47]],[[51855,80344],[101,-111],[-19,-38],[-79,30],[-52,2],[-21,53],[70,64]],[[51551,80708],[34,-69],[-44,-35],[-61,64],[71,40]],[[52108,80010],[27,-17],[-18,-44],[-47,38],[38,23]],[[52106,80403],[-4,-15],[11,-10],[-3,-5],[-18,5],[-2,19],[7,0],[9,6]],[[42527,78869],[39,-26],[86,19],[64,-83],[-34,-27],[-113,-8],[-76,27],[34,98]],[[42716,78884],[7,-39],[-29,-4],[0,25],[22,18]],[[42714,78090],[-9,19],[-12,2],[-17,-4],[-8,4],[-4,11]],[[42664,78122],[45,10],[5,-42]],[[42277,79225],[2,-2],[-2,-23],[-13,0],[-3,15],[7,8],[9,2]],[[46697,79667],[42,-54],[-66,-70],[-94,30],[7,47],[111,47]],[[46796,79745],[-12,-13],[0,-4],[-20,-6],[-3,17],[14,10],[13,13],[7,-6],[1,-11]],[[46691,79805],[-3,-9],[3,-11],[7,-8],[-5,-4],[-11,12],[-12,7],[12,23],[9,-10]],[[46640,79495],[-8,0],[-1,19],[1,12],[11,-14],[5,-13],[-8,-4]],[[42830,79957],[9,-61],[43,-68],[71,-60],[-4,-91],[-58,-72],[-88,-74],[-132,-94],[-82,-125],[-159,-95],[-98,-13],[-46,161],[-38,13],[120,108],[52,92],[0,55],[55,93],[96,62],[109,17],[150,152]],[[44027,79811],[21,-81],[93,-102],[39,-87],[-25,-155],[-23,-46],[25,-153],[-32,-32],[-16,-85],[-2,-172],[-127,-67],[-18,-122],[65,-78],[14,-57],[71,-138],[-37,-125],[-31,29],[-107,-51],[-69,-53],[-153,19],[-36,66],[57,83],[-9,55],[50,113],[-46,10],[32,142],[-41,107],[-50,-1],[-32,-176],[-84,36],[5,113],[-16,44],[-116,70],[-184,219],[41,43],[-7,101],[-28,68],[-105,94],[42,25],[54,-36],[48,36],[193,-13],[100,-49],[28,-86],[66,-109],[11,-83],[53,-29],[113,57],[30,-83],[98,-112],[39,233],[-84,136],[-140,83],[-4,-68],[-54,-25],[-74,17],[-24,63],[84,72],[20,75],[-70,53],[-12,101],[55,37],[32,-30],[118,21],[169,-8],[-10,91]],[[43254,78657],[102,-66],[118,-39],[39,-76],[-27,-78],[-112,-28],[-95,21],[-41,64],[6,85],[-20,59],[30,58]],[[43697,78493],[21,-83],[-89,-40],[-29,30],[97,93]],[[43133,79652],[57,-17],[-3,-45],[-54,19],[0,43]],[[43005,79282],[30,-34],[-11,-23],[-34,36],[15,21]],[[43554,78247],[-32,-59],[-16,14],[11,28],[37,17]],[[43065,79768],[7,-8],[8,-17],[-15,6],[-3,-6],[-9,-4],[-2,10],[7,19],[7,0]],[[47719,79698],[64,-42],[-2,-74],[-48,-177],[-27,-69],[-78,-100],[-22,-2],[-3,-28],[10,-165],[-32,-53],[-62,27],[-109,-17],[-109,-63],[-128,4],[-68,17],[-114,146],[37,113],[-50,51],[56,40],[82,-40],[62,80],[61,-4],[117,132],[99,-132],[41,21],[35,142],[148,168],[40,25]],[[47594,79849],[-13,-57],[31,-36],[69,40],[-9,-89],[-82,-51],[-64,70],[0,70],[68,53]],[[47217,79569],[36,-47],[-50,-27],[14,74]],[[47332,79751],[35,-95],[-12,-36],[-29,27],[14,32],[-23,56],[15,16]],[[47815,79728],[16,-36],[-36,-9],[-25,37],[45,8]],[[47549,79639],[4,-51],[-36,-21],[4,64],[28,8]],[[46668,79170],[16,-15],[-9,-8],[-2,-7],[-9,-12],[-7,-1],[-3,9],[-6,0],[6,15],[9,10],[5,9]],[[47494,79832],[-2,-19],[-7,-23],[-7,4],[-4,19],[2,13],[11,15],[12,2],[-5,-11]],[[46977,79416],[7,-8],[-2,-5],[-14,-8],[-24,0],[0,10],[6,5],[16,0],[11,6]],[[47365,79573],[13,-12],[9,6],[5,-4],[-3,-9],[-24,0],[-7,11],[7,8]],[[47160,79410],[0,-7],[-9,-6],[4,-17],[-4,-8],[-5,4],[-2,17],[11,17],[5,0]],[[47383,79698],[-5,5],[-2,14],[7,18],[4,-17],[0,-13],[-4,-7]],[[42109,78981],[11,-57],[-75,-85],[-41,-4],[-5,-81],[130,-149],[37,-135],[-39,-240],[-96,-15],[-36,-47],[-73,39],[-21,-39],[-138,-15],[-23,-95],[27,-159],[59,-155],[5,-113],[-16,-120],[34,-68],[27,-43],[18,-87],[-25,-259],[-27,-99],[-102,-134],[-11,-72],[-94,-170],[-70,-2],[-155,-57],[-60,-11],[-204,10],[14,-40],[-41,-57],[4,-206],[55,-208],[-41,-49],[40,-46],[-25,-64],[67,-89],[95,-41],[-16,-74],[98,-72],[9,-87],[-55,-74],[-104,-109],[-127,32],[-74,-15],[23,128],[-20,121],[41,114],[-7,43],[-23,25],[-16,5],[-27,-5],[-16,26],[-93,21],[-89,74],[-84,24],[-28,121],[-47,4],[-10,19],[-77,23],[-13,104],[-26,-49],[-61,-17],[-14,-21],[-111,-49],[-41,-50],[-46,48],[-29,4],[-30,18],[-38,16],[-67,47],[-157,140],[-47,-12],[-41,-66],[-55,-5],[5,41],[-3,27],[48,43],[-52,121],[-46,42],[-73,6],[-29,-31],[-66,2],[-62,42],[-13,56],[-71,93],[-169,100],[-52,14],[-73,24],[-118,110],[4,59],[-77,79],[-66,25],[-111,3],[-94,-72],[-64,-87],[-120,-45],[34,-42],[68,-18],[3,-123],[-51,-17],[-74,77],[-66,8],[-32,-29],[-142,40],[39,72],[87,24],[-37,74],[137,140],[39,63],[61,-2],[23,66],[56,49],[-25,74],[-115,74],[-135,-142],[-14,58],[64,120],[-18,69],[-218,-1],[-58,-50],[-66,-15],[-91,80],[105,100],[-86,0],[-19,-40],[-79,6],[-75,-45],[-85,30],[-77,-49],[-18,-85],[-80,7],[2,49],[-45,-5],[-36,24],[-41,-102],[-39,11],[-137,-58],[-70,74],[-71,0],[-95,-69],[-42,-111],[-56,-46],[-75,40],[-23,106],[-94,-62],[-20,-65],[-82,-75],[-103,-49],[-8,-55],[-176,-91],[-111,17],[-41,81],[-39,-43],[-61,4],[0,58],[50,44],[-57,85],[-55,5],[-79,31],[-39,39],[-27,-24],[-69,91],[-73,-44],[25,-140],[69,-11],[9,-40],[-141,-94],[-62,-14],[73,-87],[-20,-51],[-50,2],[-46,70],[-61,-38],[-1,-85],[-43,6],[-4,43],[-101,34],[66,150],[-38,74],[-146,-89],[-29,-78],[-35,10],[42,151],[47,64],[-82,55],[-66,2],[2,89],[34,72],[-34,79],[-68,-41],[-18,-99],[20,-43],[-120,-34],[4,-29],[91,-36],[-43,-132],[-61,-79],[-62,-31],[-22,-60],[-69,-44],[-34,-58],[30,-34],[-23,-103],[-125,-124],[-46,-14],[-52,25],[-36,0],[-87,-49],[-52,-85],[-39,9],[-21,-72],[-214,-111],[-36,28],[-71,-6],[-40,-43],[-53,-10],[37,114],[-116,-42],[13,91],[75,21],[9,57],[-43,68],[-39,-38],[-25,-95],[-72,-39],[-48,60],[86,47],[-129,103],[-7,-104],[-92,-17],[-118,-38],[5,-72],[-57,-2],[-59,104],[-50,36],[-62,93],[21,119],[23,28],[-19,153],[-118,89],[36,78],[-132,-2],[-18,-66],[-89,68],[-50,106],[-41,34],[-61,124],[-57,48],[-93,22],[-10,-41],[-127,51],[-166,32],[2,78],[-48,58],[-41,8],[-70,-110],[16,-64],[-73,-44],[-55,-77],[53,-63],[-76,-102],[-61,47],[-32,-54],[48,-57],[-62,-32],[-31,-104],[-110,-74],[-16,-26],[-18,-18],[-155,-100],[-38,-49],[-160,-134],[-79,-4],[-9,-45],[-75,-17],[50,98],[-83,77],[28,44],[-7,70],[32,76],[-66,136],[4,47],[5,6],[0,28],[52,97],[2,85],[-40,47],[-64,6],[91,202],[-32,153],[-125,87],[-110,38],[5,9],[-5,23],[-4,11],[-30,17],[28,38],[-73,57],[4,2],[3,-2],[4,-2],[2,6],[-4,5],[5,19],[-12,51],[-34,35],[-55,18],[-9,61],[37,40],[14,217],[59,15],[52,32],[32,-49],[59,-21],[89,59],[-19,76],[73,102],[53,6],[82,98],[45,130],[11,70],[-4,80],[-11,109],[-16,31],[-101,22],[46,93],[-4,142],[-48,47],[-125,100],[-35,114],[-54,62],[-34,10],[-18,19],[-17,3],[-56,50],[-10,24],[-15,6],[-35,36],[57,75],[60,-7],[29,38],[-9,68],[62,64],[6,76],[30,-2],[-27,55],[0,39],[-21,142],[77,65],[5,94],[50,17],[46,-79],[61,-8],[100,-106],[30,89],[118,8],[118,56],[26,-7],[111,57],[53,43],[115,59],[37,-34],[128,41],[104,-41],[23,81],[-62,102],[-66,17],[-11,57],[-73,47],[-73,-30],[-179,7],[-62,57],[-112,25],[-56,-25],[-12,-49],[51,-34],[-12,-76],[-64,-15],[-59,19],[-30,51],[26,95],[54,-12],[64,42],[45,64],[-20,57],[32,74],[75,7],[84,70],[50,-7],[137,-68],[14,-125],[123,-38],[191,-8],[118,52],[54,51],[28,-21],[7,30],[47,28],[5,-5],[9,-2],[5,-10],[11,-7],[105,-29],[16,16],[63,-21],[3,-12],[25,-9],[7,-13],[32,-14],[25,-41],[50,17],[66,0],[23,13],[56,-55],[34,-73],[-20,-65],[46,-81],[88,-110],[126,-2],[156,76],[94,165],[36,-120],[28,-26],[-19,-74],[84,-40],[67,78],[9,129],[75,-12],[104,-66],[126,0],[11,4],[27,19],[26,11],[18,25],[56,-8],[14,-57],[39,25],[48,-15],[16,-42],[95,21],[101,85],[66,15],[25,40],[8,38],[-11,51],[32,70],[41,30],[96,8],[2,-8],[7,-7],[11,-19],[14,-23],[73,0],[118,42],[25,64],[43,2],[59,-49],[98,111],[148,102],[-59,68],[-86,-13],[-62,34],[-14,49],[53,59],[50,-66],[64,-38],[77,49],[107,163],[73,56],[-46,65],[57,19],[46,-48],[16,4],[54,51],[44,114],[-73,49],[9,21],[-11,26],[-51,85],[50,97],[55,58],[107,17],[123,-24],[93,24],[25,74],[108,121],[9,19],[16,-2],[52,42],[75,28],[20,61],[66,37],[44,67],[9,81],[-41,45],[55,101],[-23,41],[54,106],[148,70],[94,-40],[59,0],[34,61],[-9,32],[-84,-19],[50,229],[18,47],[22,27],[83,55],[27,-17],[43,-8],[68,19],[87,-38],[30,-51],[-41,-91],[77,-43],[7,106],[82,28],[52,2],[53,74],[-26,73],[135,31],[6,7],[1,21],[15,-4],[9,6],[17,30]],[[31198,76490],[37,-57],[-32,-54],[14,-42],[64,-11],[49,-106],[-40,-116],[-82,-28],[-89,30],[-25,131],[-93,98],[-89,61],[54,81],[93,-83],[53,55],[86,41]],[[30830,80564],[31,-49],[78,-50],[-25,-98],[-43,19],[-53,-34],[-68,6],[-80,-110],[-59,40],[-20,55],[50,26],[104,9],[73,46],[37,64],[-25,76]],[[30106,78054],[34,-81],[9,-8],[32,4],[4,19],[23,-9],[-4,-12],[7,-5],[9,3],[13,-3],[23,-46],[25,-9],[-46,-63],[-41,68],[-111,38],[-5,85],[28,19]],[[30807,76749],[36,-28],[-22,-76],[-53,21],[39,83]],[[31080,76848],[3,-59],[-71,15],[41,70],[27,-26]],[[31108,78650],[38,-40],[-45,-22],[-12,20],[19,42]],[[31704,80467],[-12,-26],[-65,-17],[18,36],[59,7]],[[30914,76498],[13,-6],[0,-28],[-22,-27],[9,61]],[[31335,76320],[0,-6],[14,-5],[9,-12],[-3,-17],[-6,-17],[-9,10],[-9,21],[2,9],[2,17]],[[31112,78684],[0,-15],[-5,-10],[-7,0],[-20,-11],[-7,4],[5,23],[14,-4],[9,2],[6,11],[5,0]],[[32136,76899],[9,0],[5,-8],[-16,-7],[-9,1],[-7,8],[7,6],[11,0]],[[35371,76651],[16,-8],[-9,-9],[-12,-6],[-6,6],[11,17]],[[32987,84688],[30,-54],[94,-46],[6,-83],[128,-76],[-12,-81],[-57,-2],[-15,-28],[-30,-21],[-89,-2],[-55,106],[-6,134],[-3,12],[-13,22],[22,119]],[[35293,81916],[51,-183],[-92,-48],[-49,59],[13,108],[77,64]],[[34189,81963],[1,-19],[66,-30],[66,-15],[-17,-61],[-93,-28],[-73,27],[50,126]],[[35104,82020],[5,-102],[-50,24],[45,78]],[[34729,81825],[11,-51],[-32,-4],[-13,40],[34,15]],[[35032,81672],[11,-26],[-21,-31],[-31,0],[13,40],[28,17]],[[34528,81137],[26,-49],[-43,2],[17,47]],[[34993,81466],[36,-27],[-29,-20],[-25,24],[18,23]],[[36714,77163],[123,-87],[-46,-32],[-34,-115],[-207,-121],[-9,62],[-77,17],[102,84],[5,94],[143,98]],[[37620,76449],[27,-110],[-39,-28],[-47,51],[40,20],[19,67]],[[37642,76498],[3,-4],[-5,-17],[3,-6],[-3,-9],[-13,0],[0,11],[-3,10],[18,15]],[[37656,76539],[-2,-11],[-21,-13],[-9,5],[10,16],[9,0],[13,3]],[[38938,76838],[39,-96],[59,-12],[27,-43],[-32,-49],[-91,-55],[20,-40],[-45,-108],[-25,-3],[-48,-23],[-75,-85],[-11,-32],[-46,-4],[-21,-13],[-9,-10],[-6,2],[-7,0],[2,2],[-2,2],[-9,0],[-11,-10],[-17,16],[-15,35],[-30,6],[-12,11],[-8,0],[-1,0],[0,2],[-2,-2],[-2,0],[-2,0],[-1,2],[-4,0],[0,2],[0,2],[-2,-2],[-16,15],[-16,-5],[-12,30],[1,42],[13,30],[2,11],[3,13],[34,27],[77,-51],[25,-44],[35,38],[31,-15],[-6,32],[15,53],[59,6],[49,-47],[33,34],[-13,117],[50,85],[23,134]],[[38469,76575],[7,-7],[7,0],[-7,-25],[4,-6],[-6,-7],[-5,-2],[-2,-6],[-5,0],[-7,10],[7,4],[-4,19],[9,5],[2,15]],[[43497,77230],[55,-95],[50,-49],[-60,-44],[-131,52],[-14,105],[100,31]],[[43306,77351],[-69,-148],[-18,102],[87,46]],[[42810,76971],[36,-89],[-45,-6],[9,95]],[[43536,77298],[59,-38],[-37,-13],[-33,15],[11,36]],[[43336,77519],[36,-30],[-11,-29],[-55,27],[30,32]],[[42714,78090],[-14,10],[-11,-4],[-18,-2],[-9,-6],[-9,13],[2,14],[9,7]],[[42989,76836],[14,-9],[-7,-13],[-11,-2],[-16,-12],[-9,4],[0,19],[13,0],[12,13],[4,0]],[[43632,77027],[8,-5],[-11,-10],[-9,-19],[2,-21],[14,-15],[-11,-3],[0,11],[-9,6],[-3,11],[3,7],[-1,14],[7,13],[3,9],[7,2]],[[43636,76840],[5,-15],[-5,-6],[-20,19],[0,13],[4,17],[5,-1],[7,-14],[4,-13]],[[43326,77634],[1,-7],[8,-10],[-9,-5],[-16,0],[-9,-15],[-4,11],[9,11],[0,6],[20,9]],[[43629,76768],[2,-11],[9,-10],[-9,-7],[-7,2],[-11,17],[14,19],[2,-10]],[[42764,77156],[5,-13],[-7,-4],[-11,15],[2,15],[6,4],[5,-17]],[[40240,75686],[45,-164],[-32,-25],[-16,17],[-52,0],[-30,-7],[-75,43],[42,32],[79,-22],[39,51],[0,75]],[[39507,76382],[29,-41],[-29,9],[0,32]],[[39967,75683],[16,-15],[-5,-2],[0,-2],[-7,2],[-4,-4],[-7,2],[-7,0],[-7,-4],[-2,2],[7,7],[2,6],[14,8]],[[33932,81190],[66,-17],[5,-42],[52,-57],[-52,-45],[-64,36],[-38,-32],[-76,11],[-52,-57],[-37,65],[-123,-129],[48,-68],[-138,-55],[-192,100],[-2,25],[4,11],[1,23],[0,32],[-19,78],[80,19],[45,-42],[114,21],[141,0],[28,30],[118,34],[91,59]],[[34107,80997],[21,-38],[29,-26],[-45,-17],[-5,81]],[[34003,80762],[11,-3],[11,0],[-4,-10],[-13,-4],[-14,-9],[-3,-6],[-9,8],[5,15],[9,7],[7,2]],[[34171,80917],[9,-5],[7,-17],[-14,-10],[-6,8],[-2,11],[6,13]],[[33572,80787],[1,-4],[15,-4],[1,-24],[-16,-2],[0,11],[-1,23]],[[41813,75161],[116,-38],[52,-53],[48,-95],[96,-15],[65,-73],[33,-91],[54,-57],[-77,-26],[-53,28],[-70,74],[-69,20],[-143,-17],[-21,51],[-91,59],[-2,64],[-39,42],[-56,0],[-110,-74],[-36,70],[109,68],[19,-30],[175,93]],[[42218,75151],[-41,-94],[-36,73],[77,21]],[[38243,77424],[58,-18],[-140,-101],[-24,-41],[-119,-104],[-61,-27],[-76,21],[-9,108],[44,38],[130,-10],[31,-38],[82,150],[84,22]],[[37720,77277],[52,-40],[-50,-55],[32,-49],[-20,-195],[73,-96],[77,-28],[-11,-67],[-32,8],[-42,-17],[3,15],[-9,8],[13,70],[-65,22],[-119,174],[64,-15],[-5,187],[39,78]],[[38136,76776],[51,-34],[-46,-32],[-5,66]],[[38446,77169],[9,-9],[-27,-34],[-14,30],[32,13]],[[37943,76761],[5,0],[9,-15],[-9,-16],[-14,-3],[0,9],[-12,2],[-9,6],[0,7],[14,6],[16,4]],[[37834,77111],[13,-4],[9,-12],[-9,-9],[-7,11],[-11,6],[5,8]],[[42015,76621],[87,-48],[34,-83],[157,-58],[146,70],[13,-131],[117,-115],[-3,-97],[48,-45],[134,17],[-55,-108],[96,-13],[53,-30],[91,26],[95,64],[19,67],[79,104],[73,-36],[66,20],[68,-9],[87,68],[-32,78],[59,30],[62,87],[61,9],[68,-37],[52,15],[3,-76],[45,-17],[108,15],[-32,-85],[-87,-36],[-73,6],[-13,-49],[-80,-10],[-37,-74],[-109,-24],[-91,21],[-63,-29],[-85,-7],[-38,-46],[6,-51],[-75,-58],[7,-40],[25,-19],[-29,-70],[50,-78],[-7,-92],[-59,-65],[-50,63],[-89,-15],[-137,-78],[-20,66],[36,82],[68,51],[-38,79],[-110,68],[-193,32],[-61,55],[-21,-4],[-18,-13],[-121,-98],[-7,-195],[-79,72],[-80,-8],[-53,-24],[-38,30],[-123,-34],[-66,-36],[13,-36],[-56,-68],[-80,114],[37,71],[-114,70],[-5,36],[-20,36],[-59,31],[-5,32],[-18,-2],[-14,32],[13,164],[-31,42],[27,64],[41,-17],[53,57],[2,68],[-39,85],[66,48],[93,-61],[75,30],[-7,80],[149,-8],[38,78]],[[42946,76539],[64,-66],[-57,-60],[-91,5],[0,80],[84,41]],[[42259,77031],[52,-47],[-5,-44],[-91,32],[44,59]],[[43954,76611],[69,-75],[-11,-44],[-103,80],[45,39]],[[43040,75564],[111,-103],[-59,-13],[-68,66],[16,50]],[[41462,76424],[-25,-78],[-73,2],[19,61],[79,15]],[[43383,75134],[-27,-34],[14,-68],[-41,-21],[-23,51],[77,72]],[[43822,76227],[53,-30],[-46,-40],[-7,70]],[[42955,76681],[55,-66],[-37,-55],[-18,121]],[[41578,75477],[37,-14],[-30,-38],[-25,18],[18,34]],[[44121,76532],[-21,-53],[-23,32],[44,21]],[[43276,74828],[35,-19],[4,-36],[-41,28],[2,27]],[[42676,75649],[-17,-14],[7,-37],[-36,20],[16,29],[30,2]],[[41742,75484],[21,-13],[-7,-21],[-27,2],[13,32]],[[43319,76012],[14,-8],[-13,-15],[2,-6],[-9,-13],[-7,6],[-2,24],[2,12],[13,0]],[[42844,76070],[-7,4],[-9,23],[4,15],[7,-2],[7,-13],[3,-17],[-5,-10]],[[42637,76241],[11,-8],[9,-2],[2,-11],[-13,2],[-12,-4],[-4,6],[2,15],[5,2]],[[40684,75560],[100,-131],[154,-11],[16,-68],[58,-49],[-58,-67],[-129,10],[-23,-83],[-84,-34],[-23,-102],[-100,-8],[-37,-66],[14,-64],[-68,-44],[-50,53],[-53,-30],[-25,53],[46,37],[121,21],[45,82],[-9,75],[20,10],[3,41],[47,-9],[92,83],[24,85],[-91,68],[-20,53],[30,95]],[[39860,74974],[52,-16],[118,-100],[18,-60],[-157,-55],[-16,-17],[-68,-38],[-113,40],[-26,79],[96,0],[30,38],[0,98],[66,31]],[[41335,74643],[-37,-91],[23,-40],[-25,-98],[57,-125],[-32,-63],[-128,-77],[-56,62],[31,23],[10,19],[9,28],[100,40],[-37,78],[17,104],[68,140]],[[39562,74945],[41,-26],[-10,-51],[-52,15],[21,62]],[[41077,75225],[10,-9],[15,-65],[-18,8],[-14,40],[7,26]],[[40529,74796],[20,-42],[-31,-34],[-25,19],[31,26],[5,31]],[[40349,74412],[-5,-38],[-36,9],[20,21],[21,8]],[[40333,74862],[0,-10],[-29,-17],[-16,4],[-1,8],[8,4],[13,1],[25,10]],[[40460,75972],[41,-17],[42,-91],[-103,59],[20,49]],[[40558,75849],[10,-2],[13,-4],[-2,-11],[-11,-19],[-3,-2],[-6,12],[0,9],[-16,21],[4,4],[11,-8]],[[40611,75813],[61,-132],[-68,-38],[-30,127],[37,43]],[[36131,82438],[5,-2],[7,-15],[0,-10],[-10,0],[-13,4],[-9,8],[7,9],[13,6]],[[35822,82519],[7,-4],[9,4],[13,0],[2,-7],[-6,-6],[-3,-13],[-9,-4],[-7,8],[-6,22]],[[35607,81929],[7,-9],[-9,-6],[-11,4],[-5,0],[-2,13],[14,2],[6,-4]],[[61439,77914],[-35,-166],[-50,-153],[-93,-152],[45,-75],[-34,-91],[16,-70],[37,-36],[39,-11],[-5,-17],[2,-15],[21,-12],[-71,-26],[0,-78],[62,-41],[6,-46],[98,-70],[126,-4],[33,82],[-54,41],[11,48],[53,17],[68,-42],[80,-151],[11,-49],[105,-201],[48,-40],[125,-36],[80,-54],[81,-250],[-50,-76],[9,-47],[-40,-94],[-60,-25],[-41,-70],[5,-15],[-18,-21],[-25,-15],[-9,-8],[-17,-17],[-52,-7],[-16,-59],[-141,-81],[-118,-21],[-50,-76],[73,-17],[63,-87],[-27,-70],[164,42],[225,43],[16,-34],[127,23],[57,-60],[-220,-51],[-71,-46],[3,-38],[150,29],[23,26],[166,-38],[75,61],[63,13],[14,6],[18,17],[51,-97],[-89,-26],[-67,-57],[-275,-108],[-54,-68],[-51,6],[-31,-15],[-75,-25],[-92,-68],[-43,-28],[-5,-6],[-4,-13],[-32,-10],[-7,4],[-11,6],[-9,0],[-21,-8],[-54,-26],[-126,0],[-31,-51],[-62,-17],[-31,-66],[-76,-78],[-18,53],[-109,-2],[9,-66],[-94,-15],[41,-82],[-33,-94],[-37,-46],[-161,-9],[-41,-34],[-3,-57],[11,-28],[-8,-15],[2,-15],[9,-23],[-100,-85],[-137,-87],[-77,-30],[-30,-51],[-14,13],[-11,-13],[-23,-4],[-70,-59],[-116,-57],[-57,-19],[-16,-22],[-11,-2],[-14,-17],[-27,-2],[-8,-8],[-9,-13],[-9,4],[-9,-6],[-6,-9],[-12,-2],[-16,-13],[-29,-14],[-9,-26],[-121,-27],[-87,16],[-11,-46],[0,-41],[-46,-21],[-59,55],[-22,-2],[-10,-19],[-4,-13],[0,-10],[-9,8],[0,5],[-7,4],[-20,-9],[-48,-53],[-26,-44],[-15,-45],[-117,-66],[-49,-101],[193,0],[2,-47],[-32,-2],[-11,-3],[-7,-35],[5,-11],[-94,-45],[-81,-131],[22,-51],[-82,-72],[9,-49],[-34,4],[-47,-2],[-53,-4],[-78,38],[-95,-2],[-14,-53],[-38,2],[-21,-45],[-2,-80],[68,-58],[-23,-118],[-68,27]],[[58971,72551],[-18,53],[-134,58],[-110,8],[-31,-57],[-58,15],[-38,-30],[-75,-4],[-48,31],[-39,-31],[-163,142],[-57,-5],[-130,-59],[-3,76],[-63,70],[7,51],[-32,73],[-48,53],[-66,27],[14,123],[-133,21],[-32,62],[23,47],[-40,74],[113,47],[53,63],[113,70],[-106,83],[33,38],[-52,89],[53,51],[-5,77],[-89,40],[-127,-23],[-182,99],[-216,-12],[-151,-41],[-123,-17],[-68,22],[45,89],[25,91],[30,17],[-43,79],[29,87],[-102,229],[23,87],[0,153],[-28,78],[-79,51],[7,89],[-109,98],[29,108],[-34,78],[-168,-65],[-133,2],[-48,64],[-24,80],[-66,7],[-158,-26],[-72,-59],[15,-128],[-43,-114],[-52,-45],[-134,15],[-98,-91],[-39,38],[-57,-8],[-43,78],[-184,34],[-57,129],[-78,85],[-27,64],[-78,34],[-43,68],[-84,-4],[-87,-71],[-72,7],[-167,-17],[-16,44],[-90,15],[-160,-57],[-64,2],[-61,60],[-5,48],[-93,32],[-77,-17],[-98,22],[-48,-18],[-55,62],[-141,23],[-48,62],[-74,53],[-17,112]],[[53692,75789],[9,37],[132,70],[-29,99],[25,62],[86,64],[-20,93],[-80,6],[5,64],[45,49],[87,59],[-45,110],[43,70],[-98,73],[30,61],[-28,75],[-45,-5],[11,87],[77,108],[-52,87]],[[53845,77058],[75,-2],[94,53],[70,-25],[103,68],[15,136],[48,76],[94,59],[131,88],[57,103],[96,41],[23,46],[61,9],[85,-93],[34,-7],[166,43],[-14,55],[37,51],[-7,70],[98,55],[66,-26],[104,88],[66,12],[34,-51],[55,9],[155,70],[84,-79],[69,41],[88,99],[80,15],[63,-12],[-17,-64],[56,-62],[-6,-72],[104,-63],[21,-53],[82,-13],[65,-53],[185,-9],[21,58],[68,59],[93,-23],[77,125],[73,34],[18,93],[62,68],[70,-21],[23,-41],[78,17],[88,83],[105,-66],[228,41],[73,65],[66,85],[-34,168],[72,70],[16,57],[78,20],[145,89],[180,-37],[112,26],[97,51],[133,6],[86,-17],[105,47],[109,-25],[30,-45],[81,36],[42,-9],[66,-87],[63,5],[53,63],[113,-40],[48,23],[82,-31],[32,112],[82,7],[87,-62],[57,-62],[61,3],[20,-68],[66,-15],[53,40],[93,-61],[12,-43],[54,9],[46,76],[72,36],[-2,91],[-36,43],[79,74],[10,165]],[[60071,78953],[106,-23],[153,32],[55,34],[43,62],[103,55],[175,19],[193,0],[148,-45],[37,30],[16,78],[40,45],[125,23],[1,-72],[34,-80],[-66,-134],[34,-87],[73,-59],[129,-43],[108,-98],[109,7],[34,-15],[-34,-89],[-64,-108],[-111,-147],[20,-32],[55,-46],[-17,-81],[-116,-34],[-38,-62],[-25,-108],[48,-61]],[[61379,77598],[53,-60],[-27,-61],[-46,-22],[-53,21],[73,122]],[[61298,77430],[49,-17],[-20,-45],[-29,62]],[[61735,79261],[-51,-99],[-7,-34],[12,-11],[-55,-72],[-31,-92],[-14,-150],[0,-40],[0,-9],[-85,68],[-40,2],[-158,66],[-18,93],[98,0],[59,41],[116,-36],[-8,59],[-55,19],[25,104],[154,34],[58,57]],[[61438,79378],[53,-11],[34,-63],[-4,-94],[-51,-46],[-49,2],[-57,-83],[-85,93],[44,111],[115,91]],[[61842,75649],[40,-42],[-57,-93],[-72,50],[20,51],[69,34]],[[63176,75554],[2,-72],[-66,-96],[-26,70],[90,98]],[[62031,75669],[-12,-34],[-7,-43],[-41,9],[60,68]],[[62991,75465],[36,-43],[-20,-15],[-16,58]],[[62527,75507],[9,-25],[-37,-19],[-36,2],[4,10],[1,9],[29,-6],[25,19],[5,10]],[[62281,75554],[36,-19],[-41,-28],[-7,24],[12,23]],[[63036,75418],[16,-2],[1,-15],[4,-19],[-16,-8],[-7,6],[3,8],[0,7],[-7,8],[6,15]],[[60444,73493],[127,-87],[-34,-49],[-57,7],[-52,78],[16,51]],[[59923,73413],[36,-17],[2,-17],[-4,-26],[0,-4],[-2,-4],[0,-2],[-33,2],[1,68]],[[60152,73440],[-2,-23],[-11,-4],[-9,12],[-14,0],[-5,3],[1,10],[16,-10],[9,0],[9,10],[6,2]],[[61322,74639],[0,-17],[7,-8],[-4,-7],[2,-8],[-9,-8],[-18,6],[4,12],[-4,11],[13,17],[9,2]],[[59074,72549],[34,-40],[-32,-38],[-19,48],[17,30]],[[59042,72470],[-3,3]],[[59039,72473],[5,0],[0,-3],[-2,0]],[[53845,77058],[-11,54],[-51,25],[-52,61],[-79,20],[-135,-32],[-102,116],[-112,-53],[-73,36],[-48,73]],[[53182,77358],[105,12],[134,81],[49,166],[-17,97],[53,117],[-19,27],[10,183],[-59,13],[77,93],[29,234],[-22,50],[45,47],[3,53],[15,64],[-22,93],[32,49],[-94,147],[-20,89],[-103,48],[-43,60],[-63,23],[-8,70],[-38,38],[-30,-8],[-27,21],[-14,2],[-23,17],[-15,2],[-57,53],[-69,7],[34,63],[-81,90],[-9,50],[122,-46],[67,-49],[145,-28],[66,-80],[-7,-41],[53,-42],[91,32],[123,-60],[56,24],[30,44],[59,7],[12,-74],[59,38],[52,-28],[53,30],[82,-26],[88,64],[91,119],[128,80],[11,37],[-50,61],[3,70],[127,64],[41,-64],[102,55],[32,32],[-52,119],[34,17],[20,21],[57,-72],[28,38],[-55,55],[87,45],[57,-117],[58,30],[1,42],[77,45],[9,27],[96,73],[84,25],[-14,24],[-41,-5],[-14,121],[10,77],[-12,53],[162,91],[2,-45],[-93,-82],[55,-19],[102,103],[77,11],[-4,-114],[-151,-107],[-70,-14],[30,-81],[100,30],[93,-13],[36,51],[133,125],[31,-8],[105,103],[-32,43],[14,53],[-39,104],[48,70],[54,-45],[85,34],[82,-34],[55,115],[127,-136],[36,51],[96,-30],[36,-123],[64,32],[73,-13],[86,-61],[16,-40],[216,-36],[48,19],[128,-26],[161,-13],[34,136],[49,-4],[-8,-121],[74,-19],[54,30],[45,93],[12,212],[128,-121],[61,-127],[43,4],[-34,125],[54,66],[16,58],[32,10],[-24,55],[18,43],[66,40],[191,-110],[32,-107],[-51,-135],[23,-94],[-43,-150],[89,-125],[68,-17],[36,78],[55,13],[14,121],[146,-28],[72,64],[-75,165],[23,28],[34,-6],[0,-19],[3,-15],[31,-7],[0,-8],[2,-7],[3,-8],[0,-2],[5,-2],[8,-62],[8,-23],[-1,-34],[48,-30],[62,-72],[73,10],[77,109],[59,-60],[9,-85],[44,-150],[-39,-66],[-64,-28],[-37,-74],[73,-163],[55,-41],[77,62],[71,-100],[62,-36],[65,-11],[82,43],[57,-38],[85,-89],[139,-102],[52,-24],[82,11],[45,-36],[50,0],[69,38],[6,66],[103,-57],[70,-128],[110,-65],[-43,-36],[25,-79],[38,-13],[5,-23],[107,-79],[98,-32]],[[56909,80908],[25,-113],[-23,-70],[-43,-8],[-52,-83],[-57,21],[150,253]],[[56980,81141],[27,-40],[-9,-66],[-78,-49],[-7,68],[26,73],[41,14]],[[57330,80961],[52,-98],[-32,-33],[-20,131]],[[56467,80414],[-55,-3],[12,51],[43,-48]],[[57904,80777],[6,-52],[-31,24],[25,28]],[[57501,81023],[6,-45],[-36,-2],[4,27],[26,20]],[[55834,80785],[16,-13],[0,-32],[-23,9],[7,36]],[[55857,81001],[-4,-14],[-12,-7],[-9,2],[-11,4],[-7,13]],[[57458,80940],[6,0],[11,-15],[-6,-8],[-11,2],[-10,-3],[0,7],[10,17]],[[54098,80810],[70,-27],[-9,-38],[57,-77],[46,-138],[-64,-76],[-87,8],[-25,-97],[-82,-13],[-118,91],[36,43],[12,116],[57,9],[18,80],[79,3],[10,116]],[[54649,80829],[106,-57],[-18,-83],[-54,-59],[-80,-32],[-18,-49],[-55,-34],[-45,11],[20,89],[-59,87],[121,41],[82,86]],[[53783,80923],[28,-36],[-28,-60],[46,-19],[-5,-59],[-72,-60],[-55,43],[5,64],[-26,86],[107,41]],[[54665,80482],[59,-52],[-55,-36],[-41,54],[37,34]],[[53599,80656],[28,-71],[-48,13],[20,58]],[[54701,80889],[43,-38],[-50,-4],[7,42]],[[54669,80965],[7,-2],[2,-8],[-14,-7],[-4,-8],[-7,-2],[-11,8],[-7,2],[11,13],[12,-4],[11,8]],[[54999,80774],[34,-51],[-18,-72],[-61,17],[-21,72],[66,34]],[[54869,81084],[37,-64],[-39,-55],[-34,66],[36,53]],[[55072,80770],[29,-57],[-40,12],[11,45]],[[54929,80902],[-5,-43],[-30,11],[10,29],[25,3]],[[55261,80564],[14,-6],[2,-6],[4,-3],[0,-15],[-7,3],[-6,12],[-26,5],[16,12],[3,-2]],[[54929,80791],[0,-14],[6,-5],[-4,-8],[-9,-5],[-3,32],[5,5],[5,-5]],[[52598,78260],[122,-73],[-72,-29],[-50,102]],[[52003,78446],[3,0],[14,-10],[-1,-11],[-9,-6],[-16,4],[-9,11],[7,14],[11,-2]],[[51954,78005],[4,-9],[9,-10],[2,-9],[-11,-6],[-9,6],[-11,2],[9,22],[7,4]],[[53412,79722],[44,-49],[-27,-40],[86,-55],[43,52],[98,35],[-46,-130],[-70,38],[-80,-29],[-31,-73],[-48,-49],[-46,28],[3,66],[77,53],[6,64],[-50,29],[41,60]],[[53806,79601],[57,-17],[-6,-53],[-89,46],[38,24]],[[53401,78911],[23,-27],[-2,-26],[-42,17],[21,36]],[[53274,79081],[4,-6],[2,-22],[-4,-12],[-4,-5],[-14,5],[2,16],[-4,13],[18,11]],[[53465,78826],[4,-12],[18,0],[-4,-11],[-11,-2],[-7,-5],[-18,9],[0,4],[-2,4],[4,7],[5,0],[11,6]],[[58104,81621],[-144,42],[-138,126],[-1,182],[42,74],[68,-84],[55,-19],[52,48],[91,-6],[89,28],[84,63],[48,-25],[79,31],[19,49],[118,79],[66,97],[57,-53],[196,-10],[77,23],[82,96],[118,48],[26,-8],[102,13],[25,-130],[-21,-100],[80,-19],[41,-95],[-37,-47],[7,-121],[-75,-110],[34,-74],[-70,-47],[41,-85],[46,-15],[-33,-159],[-115,-136],[41,-91],[-58,-26],[-27,104],[-84,117],[-62,-23],[-63,21],[-37,-49],[-15,-23],[-17,-6],[-4,-7],[-7,-2],[-14,-11],[-6,-8],[-62,53],[-14,66],[57,32],[89,-26],[53,32],[77,-32],[-5,109],[-48,63],[-75,-8],[-38,31],[-30,-38],[-137,-66],[-68,-12],[-22,-74],[-44,-56],[25,-46],[-93,-104],[-37,-115],[37,-27],[-98,-86],[-68,1],[-53,91],[116,72],[-20,57],[-77,-17],[7,58],[56,14],[60,140],[-69,175],[-41,42],[-84,-62],[-50,70],[-100,11]],[[57168,81784],[66,-87],[75,-8],[0,-102],[-75,-61],[-34,-70],[-66,-64],[-129,112],[-114,15],[-66,62],[-14,95],[139,-2],[88,87],[130,23]],[[57833,81729],[50,-46],[141,-43],[-70,-87],[-85,-21],[-24,-85],[-135,-34],[-66,112],[9,58],[96,129],[84,17]],[[57508,81617],[-12,-60],[-64,-31],[-79,21],[20,44],[135,26]],[[57706,81990],[-14,-44],[-39,12],[0,28],[53,4]],[[57817,82003],[-20,-30],[-19,9],[39,21]],[[58018,81525],[8,-19],[-40,-31],[-7,25],[39,25]],[[57797,82086],[-9,-2],[-7,-9],[2,-13],[-11,0],[-5,5],[2,17],[3,2],[25,0]],[[59310,81212],[21,-17],[4,-13],[-7,-5],[-15,3],[-21,25],[18,7]],[[58932,81538],[-29,11],[13,25],[16,-14],[12,-5],[-5,-12],[-7,-5]],[[59131,81277],[-10,-4],[-6,-8],[-14,-5],[-12,5],[14,4],[0,12],[7,0],[12,-6],[9,2]],[[56221,81576],[18,-48],[90,-11],[132,-106],[6,-60],[23,-40],[25,23],[27,-53],[-52,-25],[-150,11],[-66,27],[-14,81],[-63,89],[-8,102],[32,10]],[[56663,81855],[-37,-259],[-66,68],[-29,106]],[[56504,81528],[36,-17],[-36,-91],[-37,4],[-9,74],[46,30]],[[56185,81419],[12,-61],[-67,-11],[18,41],[37,31]],[[56579,81229],[-52,-66],[-28,46],[80,20]],[[56089,81574],[39,-61],[-62,19],[23,42]],[[56253,81910],[16,-70],[-41,4],[25,66]],[[56297,81742],[36,-61],[-28,-7],[-8,68]],[[56435,81574],[5,-51],[-32,30],[27,21]],[[56420,81661],[-1,-38],[-36,15],[37,23]],[[56242,81600],[30,-53],[-35,-4],[5,57]],[[56288,81829],[9,-28],[-16,-17],[-25,9],[22,17],[10,19]],[[56239,81810],[3,-7],[-2,-8],[7,-4],[0,-26],[-8,-4],[0,-10],[-9,0],[1,8],[-5,15],[2,11],[0,14],[-4,5],[15,6]],[[53722,80095],[128,-82],[22,-66],[-22,-43],[-78,21],[-50,85],[0,85]],[[53369,80375],[85,-150],[-35,-73],[-61,20],[7,84],[-28,87],[32,32]],[[53576,80180],[-47,-8],[-7,40],[43,-8],[11,-24]],[[54027,79454],[11,-14],[-6,-13],[-10,-4],[-6,6],[-7,13],[7,10],[11,2]],[[53692,75789],[-136,11],[-73,-28],[-64,-80],[-134,85],[-121,-9],[-107,-117],[-98,24],[-74,49],[-41,66],[-58,-1],[-116,-101],[3,-53],[-80,-39],[-2,-82],[-66,-60],[-69,7],[-27,-81],[12,-38],[-69,-64],[-50,28],[-55,-24],[-29,32],[-153,15],[-77,23],[-57,-29],[-127,10],[-62,41],[-105,0],[-93,-28],[-75,-115],[-186,47],[-107,49],[-83,-93],[-100,-34],[-57,-64],[-132,11],[-136,125],[-78,31],[-56,-10],[-67,-51],[-68,-140],[12,-62],[-42,-106],[-91,-47],[-75,-61],[-43,11],[-96,-34],[-132,140],[-90,-9],[-19,-99],[-66,-119],[10,-32],[-105,-102],[-50,-11],[-57,-61],[13,-159],[16,-22],[-175,-154],[39,-107],[-85,-46],[-74,-15],[-49,-94],[19,-142],[-41,-135],[-80,-34],[-130,12],[-109,-42],[-22,-28],[-62,-273],[102,-134],[-81,-74],[-101,-47],[-20,-62],[-48,-48],[-20,-94],[59,-47],[68,-87],[-16,-72],[20,-83],[-29,-67],[-175,-119],[4,-68],[-34,-74],[-66,-64],[-45,-87],[-58,-55],[16,-92],[-214,-70],[-86,-8],[-157,-64],[-66,2],[-61,53],[-124,-34],[-113,-8],[-119,25],[-136,26],[-25,-19],[-134,13],[-139,67],[-59,-44],[-142,-17],[-34,-62],[-64,-6],[-32,-51],[8,-66],[150,-82],[11,-70],[-36,-81],[13,-68],[75,-26],[-20,-110],[30,-80],[47,-26],[110,4],[-12,-99],[28,-54],[29,-139],[55,-1],[61,-42],[78,-15],[52,-47],[84,-133],[25,-125],[-14,-36],[-25,-122],[-113,-74],[-101,-21],[-122,-114],[-273,-105],[-55,15],[-139,-82],[-61,-5],[-50,-76],[-1,-47],[-75,-104],[0,-51],[-47,-51],[24,-68],[-31,-74],[39,-174],[-66,-49],[-69,-17],[-89,19],[-64,-23],[-18,-53],[28,-59],[-34,-73],[-98,-135],[-51,-15],[-20,-66],[-54,-66],[-98,-65],[-23,-87],[-73,-26],[-54,91],[-55,56],[-91,44],[-23,53],[-105,115],[-66,17],[-34,51],[21,57],[-12,17],[-132,-53],[0,-74],[-38,-39],[81,-97],[62,-98],[-34,-140],[77,-23],[75,-164],[59,-49],[76,-14],[50,-162],[6,-67],[-27,-49],[23,-90],[-98,-137],[112,-107],[54,-78],[7,-83],[-27,-68],[13,-110],[57,-68],[23,-66],[-45,-34],[84,-197],[-66,-100],[-12,-72],[19,-61],[-50,-64],[-144,-4],[-68,-32],[32,-66],[-5,-70]],[[45466,66501],[-68,28],[-19,-1],[-22,-12],[-94,-26],[-24,0],[-14,-19],[-19,0],[-8,0],[-5,-8],[-12,-9],[-4,0],[-7,-4],[-5,-4],[-8,2],[-5,-4],[-21,4],[-4,-13],[-45,-27],[-21,2],[-59,-32],[-23,44],[23,28],[-2,28],[-51,12],[-52,102],[11,13],[-2,28],[78,44],[-30,25],[-50,-35],[-37,2],[-22,-7],[-64,43],[-78,-17],[-91,25],[-25,-21],[12,-117],[-30,19],[-50,13],[-16,108],[-207,28],[-64,-30],[-4,-38],[39,-28],[49,13],[55,-97],[-54,0],[-148,-119],[29,-43],[216,47],[-9,-59],[-88,-102],[-132,23],[-82,-32],[-103,24],[7,48],[-20,55],[22,68],[-34,11],[-39,159],[107,-15],[85,15],[63,85],[25,72],[-107,34],[-57,47],[-33,72],[65,17],[-15,70],[66,40],[70,-27],[-43,-66],[43,-21],[-16,-77],[69,24],[116,-28],[123,-6],[107,-70],[17,61],[-124,53],[-39,41],[-167,34],[-22,65],[-71,104],[44,108],[-82,70],[-91,-14],[-5,133],[-23,34],[36,140],[-45,70],[-46,-31],[-72,33],[-48,-35],[-85,18],[8,-65],[-64,6],[0,60],[-84,31],[-119,66],[-86,-30],[18,-87],[-46,-110],[5,-55],[-91,-89],[-123,29],[143,54],[19,76],[38,34],[16,74],[-64,96],[66,34],[5,85],[62,27],[-5,-89],[98,40],[27,-102],[77,-17],[53,22],[102,-4],[46,57],[84,-24],[96,70],[-16,87],[-32,24],[-68,-28],[-12,134],[94,57],[-74,36],[35,75],[-59,31],[-5,73],[-68,69],[179,-52],[23,50],[66,-44],[60,2],[-12,112],[21,51],[-148,13],[-71,-28],[-50,54],[-127,-92],[-80,60],[7,104],[-144,65],[71,30],[21,109],[45,-17],[68,38],[53,-34],[59,21],[-53,83],[-56,44],[-30,11],[7,70],[-75,13],[-62,97],[-91,51],[-45,-44],[-91,14],[11,-53],[84,-93],[-63,-8],[-51,-47],[-27,13],[-11,8],[-7,4],[9,15],[2,4],[0,11],[7,11],[-2,8],[11,13],[-2,13],[-37,72],[9,38],[41,-8],[10,10],[43,-2],[13,6],[28,-4],[89,43],[113,-49],[119,-34],[52,-53],[7,-123],[98,-75],[75,58],[34,-15],[-52,-108],[79,-53],[82,67],[107,45],[7,93],[-59,168],[68,102],[126,6],[54,34],[96,153],[-59,32],[-33,40],[-9,36],[-20,13],[-64,-6],[3,76],[111,30],[34,29],[16,100],[-68,-42],[-230,-51],[-23,82],[-82,30],[-39,-17],[-50,53],[-57,-49],[66,-34],[-116,-89],[44,106],[-16,24],[-3,15],[91,99],[-8,71],[52,48],[187,94],[98,-2],[18,85],[-117,59],[-113,-68]],[[44178,70255],[-21,98],[-161,-37],[-73,5],[-37,-77],[-88,-17],[-92,22],[-90,78],[-39,-57],[-14,-89],[-52,-5],[-44,34],[-88,19],[-14,71],[-134,46],[-64,-13],[-34,-12],[0,15],[-9,23],[41,68],[16,74],[129,24],[1,36],[65,36],[92,-7],[-19,66],[84,11],[-29,74],[-46,21],[39,172],[-102,-70],[-103,-91],[-7,65],[-57,113],[-27,11],[3,31],[141,90],[-1,23],[-56,47],[36,85],[-63,65],[75,92],[40,-36],[66,108],[64,61],[-72,13],[11,61],[73,51],[-5,56],[-71,-39],[-49,19],[-121,-2],[23,87],[79,-27],[16,53],[-95,57],[-62,-25],[-43,-121],[-37,12],[10,39],[-19,27],[-64,98],[-93,38],[-55,-4],[58,-94],[-128,15],[-29,-29],[-51,15],[-32,-17],[-4,-64],[-48,-83],[-27,34],[-21,17],[-39,104],[-58,17],[-41,-98],[-69,-25],[-47,-145],[-12,1],[-32,-1],[-9,-6],[-27,4],[-12,-6],[-100,-42],[-73,-56],[-22,-38],[-51,-34],[-6,-23],[-116,-9],[-78,-27],[-96,-76],[-168,-28],[-57,-53],[-36,-47],[-27,-17],[-14,-29],[-75,-41],[-16,-15],[-14,-19],[-7,-70],[-2,-61],[-9,-13],[-27,15],[-25,-4],[-89,-54],[-39,-63],[-41,21],[-178,-30],[12,106],[86,-8],[-18,64],[43,23],[10,89],[-203,-32],[-84,-70],[-50,0],[-37,-46],[-13,6],[-10,2],[-15,2],[-14,-6],[-23,-41],[-80,-34],[-22,-76],[-94,-79],[-45,-19],[-27,-33],[-25,0],[32,112],[59,79],[48,14],[65,68],[217,132],[41,93],[193,100],[61,85],[71,29],[32,-38],[-4,-95],[77,10],[0,17],[-7,37],[7,61],[88,-32],[48,-87],[96,38],[36,73],[-41,51],[-136,84],[68,51],[109,-104],[59,15],[-4,64],[-36,89],[70,44],[110,-65],[4,85],[41,49],[89,-98],[111,57],[16,70],[121,26],[52,34],[57,-132],[39,-13],[52,66],[5,102],[55,97],[27,-42],[111,79],[55,59],[91,-2],[7,51],[89,10],[29,51],[164,81],[87,32],[36,53],[36,0],[41,23],[32,32],[50,17],[11,28],[103,31],[37,66],[102,53],[11,13],[19,4],[8,11],[48,2],[57,68],[69,78],[-1,87],[71,47],[52,93],[60,52],[7,65],[147,113],[42,99],[41,-12],[189,142],[63,-13],[127,83],[347,129],[100,26],[170,125],[98,108],[69,21],[91,96],[77,28],[96,106],[32,101],[91,160],[45,150],[107,64],[59,83],[-13,150],[-34,94],[-35,23],[19,62],[-55,99],[32,41],[27,74],[-7,125],[-39,43],[103,116],[-30,58],[116,19],[17,46],[-41,153],[-62,21],[11,39],[1,15],[-7,36],[34,31],[50,170],[173,-36],[125,26],[66,55],[13,121],[35,63],[9,62],[50,113],[27,159],[-14,112],[33,100],[-26,98],[53,69],[72,51],[121,15],[25,24],[37,55],[130,78],[50,66],[57,0],[24,64],[80,59],[44,-2],[17,85],[62,44],[30,-27],[139,21],[107,77],[143,-28],[20,27],[28,79],[-16,121],[61,2],[21,11],[11,57],[-43,147],[-48,25],[-34,-9],[-23,17],[-30,-8],[-54,13],[-70,48],[45,28],[79,-21],[53,15],[25,-38],[36,-5],[37,70],[20,-2],[16,24],[21,-1],[32,119],[59,2],[55,-137],[129,-65],[-2,12],[2,12],[7,-6],[9,-6],[0,-7],[-16,-6],[34,-17],[35,12],[61,-184],[59,-64],[28,-91],[93,-151],[50,11],[82,-43],[20,-123],[98,-116],[121,-302],[64,-102],[-7,-17],[23,-53],[40,-65],[10,-70],[49,-77],[91,-97],[10,-89],[63,0],[58,-73],[56,68],[94,-64],[6,-42],[105,-93],[59,6],[228,100],[102,36],[-18,55],[62,19],[23,-51],[373,75],[122,84],[-6,140],[61,54],[66,-104],[107,104],[71,-3],[198,36],[88,100],[103,-36],[105,-2],[84,-110],[121,15],[145,51],[37,44],[68,-19],[32,2],[41,19],[32,-46],[127,10],[192,-27],[107,-92],[156,-21],[41,-32],[208,60],[136,112],[59,-6],[59,27],[41,64],[-90,74],[88,94],[112,2],[50,65],[68,39],[52,102],[35,-9],[65,98]],[[44178,70255],[-2,-2],[0,2],[2,0]],[[45384,77112],[52,-49],[-91,-98],[-2,-95],[34,-113],[-20,-27],[-89,-19],[25,-60],[52,-2],[7,-136],[-72,-27],[-69,38],[-63,0],[-98,-68],[-34,-77],[-83,92],[14,32],[-46,69],[5,70],[143,138],[46,90],[41,-13],[59,11],[87,99],[-2,24],[100,44],[4,77]],[[45757,76222],[35,-12],[-3,-75],[-38,-42],[25,-76],[-160,-43],[-11,-80],[77,-126],[-23,-40],[-138,-17],[54,218],[-61,68],[-14,68],[114,-12],[55,44],[-9,72],[68,4],[29,49]],[[44697,76878],[11,-40],[-52,-43],[-9,-68],[-94,-95],[-23,-76],[-63,76],[57,51],[-51,121],[85,53],[139,21]],[[45516,76681],[87,-36],[6,-117],[-75,-21],[-59,-49],[-59,62],[23,99],[77,62]],[[44294,76842],[86,-9],[-23,-67],[-59,-11],[3,-57],[-64,-15],[-77,51],[63,87],[71,21]],[[44599,76335],[27,-49],[-80,-8],[-61,-53],[-73,-5],[-7,75],[100,-7],[94,47]],[[45744,76715],[25,-13],[41,-100],[-93,-2],[27,115]],[[44471,75505],[-15,-80],[-53,72],[68,8]],[[45329,75913],[58,-37],[-46,-36],[-12,73]],[[44977,77241],[-14,-49],[-32,24],[46,25]],[[45914,77638],[-20,-23],[-45,-18],[24,41],[41,0]],[[46365,76706],[12,-34],[-39,0],[27,34]],[[44341,76891],[19,-13],[0,-15],[7,-8],[-23,-2],[-3,8],[0,11],[-8,10],[8,9]],[[44674,76237],[7,-4],[22,-11],[1,-4],[-16,-6],[-35,25],[9,4],[12,-4]],[[46053,77441],[2,-20],[-6,-12],[-5,-2],[-13,6],[4,11],[11,16],[7,1]],[[45025,77303],[9,-9],[-7,-9],[-19,-4],[-2,13],[19,9]],[[45286,76462],[12,-4],[4,-11],[11,-6],[-2,-8],[-9,-1],[-5,3],[-8,12],[-5,7],[2,8]],[[44715,76643],[9,-3],[0,-6],[-9,-11],[-3,-10],[-11,19],[5,10],[9,1]],[[44897,76080],[11,-2],[5,-11],[-2,-6],[-7,0],[-16,9],[4,10],[5,0]],[[48378,79845],[118,-45],[77,-99],[7,-77],[98,-174],[75,-8],[-45,-179],[6,-121],[50,-65],[-70,-62],[-144,-55],[-100,25],[-162,-17],[-63,-72],[-86,-19],[-107,-61],[-87,-15],[-59,53],[-39,114],[53,113],[97,59],[139,-29],[71,8],[39,216],[-51,52],[28,46],[-46,59],[-125,-52],[-55,59],[46,61],[116,-6],[14,49],[-46,115],[43,44],[75,-21],[133,104]],[[48587,78831],[145,-34],[114,-1],[59,-53],[3,-89],[20,-44],[37,-30],[59,8],[70,45],[91,-23],[-18,-64],[-52,-66],[-121,-17],[-63,-118],[-87,-83],[-61,-22],[-59,-110],[-67,-25],[-23,-72],[-63,-53],[-182,31],[22,60],[50,34],[-33,63],[9,119],[-28,24],[73,72],[18,85],[59,-66],[50,21],[3,62],[-34,48],[-18,70],[-60,7],[-45,55],[55,68],[22,80],[55,18]],[[49167,79282],[25,-76],[-18,-112],[78,-56],[79,-2],[28,-36],[-94,-61],[48,-70],[-16,-49],[-153,4],[-31,79],[-48,17],[-100,-106],[-46,19],[-61,129],[-85,-23],[-47,57],[97,44],[-54,96],[20,59],[60,30],[81,-57],[71,30],[48,50],[66,-27],[52,61]],[[47246,78850],[75,-60],[96,-6],[-16,-64],[-62,9],[-43,-75],[-125,128],[75,68]],[[47661,78898],[42,-67],[7,-122],[-66,13],[-22,142],[39,34]],[[48266,78476],[48,-45],[-59,-40],[-53,41],[64,44]],[[49008,78828],[41,-70],[-66,-61],[-23,40],[48,91]],[[49768,78022],[50,-38],[-39,-45],[-33,34],[22,49]],[[47508,78820],[16,-51],[-71,-34],[-20,38],[75,47]],[[47874,79357],[62,-51],[-68,-23],[6,74]],[[49850,78132],[-13,-17],[-10,0],[-20,-17],[0,-38],[-11,0],[-10,6],[-20,-6],[20,59],[64,13]],[[48136,78187],[12,-34],[-48,-25],[-12,42],[48,17]],[[48232,78120],[18,-36],[-7,-43],[-29,-9],[-10,54],[28,34]],[[49094,77171],[-22,-42],[-43,23],[65,19]],[[47765,78932],[5,-51],[-39,-14],[34,65]],[[49076,77530],[44,-26],[-46,-8],[2,34]],[[49589,78141],[-7,-49],[-25,21],[32,28]],[[47815,78788],[-5,-23],[-29,-5],[-9,17],[43,11]],[[48353,78359],[9,-8],[18,-13],[-7,-6],[-5,-17],[-9,4],[-2,8],[-5,7],[-2,21],[3,4]],[[48905,78841],[5,-11],[5,-6],[-3,-11],[-9,7],[-9,-2],[-13,12],[4,5],[20,6]],[[48339,78134],[6,-8],[17,0],[15,-7],[-4,-12],[-9,-4],[-11,17],[-14,0],[-3,8],[3,6]],[[49177,77540],[13,-8],[2,-9],[-18,0],[-5,7],[1,8],[7,2]],[[47895,79386],[5,1],[8,-9],[-9,-4],[-7,-11],[-9,11],[-2,13],[5,4],[9,-5]],[[49138,77165],[7,-3],[-3,-14],[-13,-3],[-7,1],[-5,8],[11,9],[10,2]],[[49709,77990],[9,-8],[2,-15],[-11,0],[-11,13],[11,10]],[[48700,79703],[0,-11],[-9,2],[1,9]],[[44337,69569],[70,-27],[67,-104],[-5,-32],[-93,-28],[-93,58],[54,133]],[[43171,69379],[-2,-1],[5,-2],[2,-6],[11,-4],[25,-21],[21,-64],[-20,-32],[-19,-2],[-22,2],[-59,-38],[-37,-6],[-16,-7],[-5,-8],[60,112],[72,34],[5,15],[-13,13],[-5,0],[-2,6],[-1,4],[-4,4],[4,1]],[[42256,69020],[30,-45],[37,-27],[45,-58],[103,45],[27,-61],[-30,-32],[-57,29],[-27,7],[-11,-5],[-12,3],[-18,0],[-64,-15],[-2,8],[-4,2],[0,3],[-1,8],[-4,2],[2,6],[-6,13],[-10,7],[2,110]],[[42628,68818],[-32,-70],[-51,-25],[-13,59],[62,-6],[13,19],[5,2],[7,8],[9,13]],[[42821,68292],[-13,-42],[-105,-32],[6,48],[41,3],[71,23]],[[43556,68332],[-45,-23],[-3,-59],[-24,-26],[-44,36],[28,40],[88,32]],[[42874,68795],[-62,-60],[-16,17],[29,7],[1,10],[48,26]],[[43062,69480],[19,-80],[-28,13],[9,67]],[[43115,69047],[34,-14],[-27,-26],[-7,40]],[[44123,69364],[-27,-24],[2,-23],[-25,-2],[-30,15],[16,29],[12,-29],[52,34]],[[43351,68854],[-9,-46],[-32,12],[41,34]],[[43401,69009],[7,-19],[-32,-13],[-11,20],[36,12]],[[42241,69079],[22,-10],[16,-9],[7,2],[2,3],[5,2],[5,2],[11,-4],[-5,-7],[-36,-4],[-5,10],[-18,0],[-11,-2],[-7,5],[2,4],[0,4],[12,4]],[[44025,69540],[9,-11],[19,-2],[8,2],[12,-17],[-9,-2],[-16,6],[-14,3],[-4,4],[-7,6],[-4,2],[6,9]],[[44187,69249],[7,-19],[0,-9],[-12,7],[-6,17],[11,4]],[[42914,70925],[53,-31],[61,6],[-4,-59],[-71,4],[-39,80]],[[42901,71072],[-3,-85],[-52,40],[55,45]],[[43119,71501],[-32,-24],[-13,15],[45,9]],[[51289,77010],[22,-26],[-8,-106],[-67,-42],[-18,48],[-64,17],[1,53],[79,17],[55,39]],[[44064,74402],[-14,-43],[-50,23],[64,20]],[[43261,70813],[4,-10],[-5,-7],[-7,-4],[-22,-15],[-16,-8],[0,8],[20,13],[5,0],[9,12],[4,7],[8,4]],[[43229,70603],[-12,-23],[-4,-9],[-14,-11],[-7,13],[11,7],[16,4],[10,19]],[[49532,79658],[107,-193],[0,-51],[-107,-91],[-99,-17],[-54,-30],[-25,149],[14,84],[88,124],[76,25]],[[50158,79768],[65,-142],[-49,-36],[-32,-66],[-53,-8],[-98,-81],[44,-131],[-51,-45],[-59,7],[-4,87],[34,87],[-37,16],[-6,88],[41,25],[48,49],[20,74],[38,2],[99,74]],[[49691,79707],[114,-159],[2,-104],[-62,-26],[-47,22],[-10,116],[-45,108],[48,43]],[[49866,79433],[30,-28],[-7,-86],[-37,-13],[1,-92],[-71,-25],[-7,89],[20,85],[71,70]],[[49625,79327],[68,-47],[-41,-72],[-125,-10],[-12,65],[26,39],[84,25]],[[50817,78720],[28,-30],[123,-15],[2,-55],[-89,-19],[-52,66],[-12,53]],[[50513,78877],[34,-153],[-68,-17],[-21,34],[4,109],[51,27]],[[49577,79174],[-12,-59],[-24,-11],[-7,-47],[-39,30],[41,32],[11,45],[30,10]],[[50410,79223],[32,-19],[-30,-43],[-25,20],[23,42]],[[51227,78625],[55,-68],[-46,-15],[-9,83]],[[49629,79726],[9,-4],[-7,-13],[-2,-9],[-13,11],[-9,15],[4,11],[-2,4],[9,10],[5,-17],[6,-8]],[[49686,79764],[5,-15],[9,-6],[5,-25],[-12,0],[-14,36],[7,10]],[[50908,78561],[-17,-17],[0,-9],[-10,3],[-2,10],[4,5],[25,8]],[[50529,79864],[11,-2],[18,-11],[-4,-6],[-14,2],[-11,6],[0,11]],[[42985,71675],[-4,-30],[-60,-19],[-2,40],[66,9]],[[43825,66762],[2,-89],[-68,4],[0,47],[66,38]],[[43418,66705],[2,-51],[-7,-24],[2,-12],[16,-15],[-36,-13],[11,36],[-4,60],[16,19]],[[44683,66378],[14,-6],[6,-3],[14,-2],[0,-8],[-14,-2],[-15,8],[-10,-2],[-11,2],[-9,6],[9,7],[16,0]],[[43641,66567],[0,-9],[-5,-8],[4,-9],[-18,-2],[-7,11],[9,10],[17,7]],[[43228,67399],[10,-2],[0,-5],[2,-4],[-18,-9],[-3,11],[9,9]],[[58971,72551],[-41,-17],[-7,-87],[-18,-2],[-27,44],[-9,-42],[-64,-64],[-14,-95],[50,-9],[-4,-6],[-5,-6],[-14,-2],[5,-9],[-11,-13],[-11,2],[-16,-10],[-5,-21],[-28,-19],[-72,-87],[-19,-68],[-56,-56],[-73,-108],[-82,-146],[-12,-43],[0,-61],[7,-23],[-50,-85],[-6,-41],[-90,-152],[-97,-209],[-9,-76],[27,-42],[-7,-34],[2,-26],[-11,-17],[-2,-31],[-53,-90],[-56,-239],[6,-54],[-9,-19],[3,-61],[-37,-89],[-13,-77],[0,-51],[-48,-144],[7,-100],[-16,-76],[-3,-51],[0,-47],[-31,-146],[-71,-28],[0,5],[-3,8],[0,6],[-2,2],[-4,9],[-7,15],[-12,40],[-13,53],[-143,229],[-46,30],[0,13],[-9,21],[-16,13],[-14,-7],[-13,17],[-17,39],[-127,19],[-73,-49],[-23,17],[1,13],[-7,-2],[-7,4],[5,4],[-1,8],[-4,1],[7,10],[9,38],[2,7],[2,12],[1,2],[-1,0],[1,1],[-1,0],[0,2],[0,2],[-4,32],[-5,15],[-11,19],[-14,97],[-50,66],[-132,68],[-61,57],[-19,51],[-56,94],[-107,104],[-100,36],[-62,61],[29,55],[3,83],[-14,38],[3,32],[-14,17],[-23,66],[-27,59],[-142,77],[-148,55],[-163,106],[-119,36],[-23,34],[-9,11],[-41,31],[-24,56],[-21,42],[-14,21],[-7,7],[21,116],[-62,100],[-116,60],[-254,70],[-89,34],[-194,33],[-109,2],[-64,62],[-129,26],[-328,17],[-82,-11],[-93,44],[-33,1],[12,106],[-57,46],[-89,19],[-202,-2],[-258,-38],[-198,-32],[-460,-108],[-198,-91],[-56,-81],[-64,23],[9,5],[2,6],[12,17],[13,19],[-16,28],[34,-2],[-36,29],[3,160],[50,76],[-16,36],[-73,-6],[4,-115],[-104,-49],[-5,-74],[12,-28],[36,-46],[50,-15],[-21,-32],[50,-83],[78,-11],[-230,-82],[-248,-111],[-78,-74],[-164,-64],[-43,-33],[-102,-41],[-64,-49],[-98,30],[-48,-25],[-33,-96],[-41,-21],[-117,64],[-64,-3],[-36,41],[-64,-23],[67,-83],[-74,-70],[-81,-19],[-30,25],[-112,4],[-75,-91],[46,-136],[29,41],[-9,76],[78,28],[0,-70],[48,-37],[22,96],[41,-36],[64,21],[137,191],[41,-27],[23,-69],[83,-10],[60,108],[109,-76],[27,-38],[-13,-43],[2,-32],[-116,-2],[-57,-38],[-119,-26],[-38,-21],[-43,-4],[6,-42],[-93,-13],[-30,-7],[-20,-29],[-30,47],[-50,-28],[-41,8],[-27,-19],[-5,-21],[1,-32],[-28,51],[-13,6],[-44,-16],[-13,6],[-7,0],[-36,13],[-41,-26],[-66,9],[-58,-83],[-58,-19],[-16,-30],[20,-151],[-18,2],[-16,-4],[-9,-32],[9,-29],[-52,32],[24,102],[-125,10],[-80,-11],[-77,41],[85,70],[-51,125],[-48,-8],[60,-90],[-27,-57],[-107,-36],[15,-68],[-7,-2],[-2,4],[-9,-2],[-13,-10],[-3,4],[-4,-2],[0,-2],[-3,-1],[-6,0],[-1,0],[-2,0],[-9,-2],[-18,-27],[-82,-32],[-23,-57],[48,-39],[-5,-14],[0,-9],[-18,-40],[14,-19],[-29,-30],[31,-70],[-32,9],[-25,-39],[-7,-44],[-107,6],[-88,-51],[39,-55],[15,-21],[19,-17],[25,-2],[18,-30],[22,6],[7,-8],[10,-5],[13,0],[14,-16],[23,2],[25,-32],[-59,-19],[-119,-106],[36,-72],[-8,-128],[63,-12],[16,46],[69,-25],[-39,-68],[25,-89],[18,-20],[30,-17],[-44,-19],[-22,-19],[-7,-36],[-62,0],[0,-57],[68,-59],[-54,-47],[54,-76],[-68,-34],[-70,-49],[-3,-72],[-15,-9],[2,-4],[-19,-26],[7,-68],[-20,1],[-16,-3],[-36,-23],[-62,-13],[-34,-19],[-39,-83],[43,-74],[48,-21],[-22,-68],[2,-64],[9,-36],[-46,-51],[-75,77],[12,55],[-123,23],[-7,-2],[-14,-15],[-9,-19],[-13,6],[-17,-8],[-15,-30],[-62,-57],[-38,-40],[-17,-24],[-9,-19],[-27,-102],[-16,-14],[-23,-36],[-9,-39],[-27,-8],[-9,-66],[-44,-100],[-70,-106],[-13,-32],[-80,-27],[-85,-47],[-59,-106],[-47,-25],[24,-34],[0,-17],[8,-22],[-12,-8],[11,-19],[-79,-45],[-51,-233],[33,-49],[-21,-53],[-109,40],[-71,94],[-100,-3],[-34,20],[-96,-1],[-79,-25],[-132,-129],[-85,-134],[-22,-77],[11,-59],[-32,-25],[-13,-64],[-17,-57],[37,-38],[-71,-136],[-18,-98],[57,-61],[-34,-62],[-9,-76],[25,-90],[39,-17],[38,-72],[14,-14],[-7,-11],[-9,-4],[-2,-7],[9,-8],[-12,-32],[0,-93],[25,-143],[-61,-14],[-68,-111],[-96,-36],[-123,13],[-130,-57],[21,-64],[25,-132],[-25,-34],[48,-84],[-55,-17],[-20,-52],[13,-74],[50,-78],[62,-58],[80,-10],[29,-40],[103,-34],[82,-73],[74,-150],[57,-57],[-29,-71],[39,-97],[-1,-51],[30,-96],[-22,-53],[-92,3],[-25,-22],[-75,53],[-18,39],[-39,2],[-11,19],[-23,2],[-155,-41],[0,17],[-11,3],[11,17],[3,0],[-2,6],[2,6],[-5,0],[-2,11],[5,8],[0,9],[-5,8],[48,70],[-18,60],[-42,63],[-86,-6],[9,144],[-54,-57],[-69,74],[32,90],[-68,36],[-35,-53],[-61,12],[-87,53],[-209,26],[-100,-32],[43,-42],[-64,-141],[-54,47],[46,34],[-1,87],[-81,47],[-75,-38],[-60,-56],[-48,-2],[-16,-42],[-31,-9],[22,-23],[-6,-42],[-71,-36],[-25,-43],[-37,2],[-27,9],[-11,-7],[9,-76],[-28,6],[-68,-12],[0,-19],[-16,-28],[-34,11],[-29,-7],[-41,13],[-23,72],[-57,-28],[-14,22],[-57,53],[-41,-56],[-45,-10],[-21,-19],[-66,74],[-15,62],[-44,61],[-32,-6],[-22,25],[-3,11],[-20,6],[0,13],[-5,8],[-25,-4],[-23,68],[-29,28],[-2,23],[-5,19],[-11,21],[-19,24],[-255,-60],[-29,-78],[-130,8],[-39,-38],[-40,13],[-30,-6],[-5,-5],[-2,-15],[-7,-14],[-6,4],[-12,4],[-13,-11],[-10,-34],[-61,-42],[-28,66],[58,110],[-69,15],[-57,106],[76,-11],[77,13],[41,58],[-64,74],[127,125],[5,53],[18,30],[48,59],[-57,77],[7,67],[153,145],[75,36],[2,72],[50,45],[66,12],[50,-82],[41,0],[-39,133],[48,147],[-73,169],[-52,-36],[-30,-38],[-32,30],[21,49],[-61,0],[-89,-64],[-96,-8],[-23,29],[-68,30]],[[51956,71579],[-9,-8],[-16,-3],[-16,-8],[-10,-15],[-9,-4],[7,19],[5,8],[13,7],[16,6],[19,-2]],[[50754,70764],[16,-19],[-32,-34],[-14,32],[30,21]],[[50808,70709],[16,-2],[3,-23],[-12,4],[-4,0],[-7,-4],[-20,6],[-5,11],[13,2],[16,6]],[[50902,70650],[13,-11],[7,-10],[16,-1],[2,-6],[-8,-6],[-8,-15],[-13,6],[4,15],[-4,11],[-7,4],[-2,13]],[[44565,64850],[104,-121],[76,-23],[22,-39],[-27,-108],[41,-74],[-14,-38],[-134,-58],[-87,-50],[-25,33],[85,104],[-73,70],[-14,62],[61,161],[-15,81]],[[44089,65361],[9,-10],[80,-13],[-35,-74],[-20,2],[-21,-7],[-8,3],[-58,-9],[53,108]],[[45796,66439],[68,-46],[-75,-36],[-48,23],[-11,57],[66,2]],[[44109,64738],[25,-60],[-54,0],[29,60]],[[45486,66435],[8,-32],[-28,-14],[-9,36],[29,10]],[[45532,66461],[7,-5],[0,-6],[14,-25],[-21,0],[-7,6],[2,8],[5,3],[-7,19],[7,0]],[[45774,66512],[6,-3],[0,-27],[-11,-6],[-3,8],[0,15],[8,13]],[[45862,66475],[5,-16],[6,-9],[-8,-6],[-3,8],[-11,21],[11,2]],[[59014,72464],[10,-8],[2,-9],[-16,4],[-2,0],[-1,0],[-2,2],[-4,-2],[-9,11],[15,8],[7,-6]],[[59042,72470],[-3,1],[0,2]],[[45250,65018],[-32,-51],[-39,42],[71,9]],[[45024,64786],[19,-34],[-41,-4],[22,38]],[[49217,67935],[5,0],[11,-10],[-2,-4],[-12,0],[-13,2],[-2,10],[7,5],[6,-3]],[[31221,75923],[137,117],[63,144],[55,153],[132,91],[5,140],[95,-31],[144,27],[82,79],[146,-73],[33,-46],[-47,-64],[23,-89],[-85,0],[-23,-74],[23,-38],[-16,-71],[35,-70],[-64,-6],[-27,-55],[20,-55],[-128,-34],[18,-45],[107,-61],[-34,-153],[-49,13],[11,97],[-71,-34],[18,-125],[78,-4],[-39,-166],[-45,-2],[-87,-63],[-9,-98],[-130,46],[-29,-95],[79,-193],[121,11],[32,-3],[218,90],[60,-143],[-82,30],[-69,-59],[-105,-51],[85,-49],[45,-79],[-77,-82],[41,-55],[100,80],[50,-93],[-137,-104],[26,-70],[34,-58],[64,66],[25,-53],[-35,-104],[51,-36],[34,-134],[43,-114],[34,-30],[37,-98],[54,-31],[46,-28],[65,-127],[21,-7],[45,-131],[44,-22],[63,-82],[49,-132],[63,-64],[48,-95],[73,0],[50,121],[73,-42],[170,-7],[139,-89],[35,6],[104,41],[55,-43]],[[33434,73215],[-62,-116],[3,-77],[-46,-82],[4,-100],[107,-100],[35,-96],[-30,-135],[-82,-94],[-82,-55],[25,-74],[-14,-47],[49,-36],[15,-59],[-72,-9],[-32,28],[-176,-38],[-66,12],[-29,-32],[-91,-4],[-110,55],[-41,-29],[-56,25],[-116,-19],[-98,36],[-117,-11],[-143,109],[-170,-98],[-112,30],[-93,-28],[-69,-15],[-75,-25],[-87,-112],[-97,-58],[-60,-19],[-104,-183],[-28,-89],[-88,-27],[-43,-49],[-83,-6],[-43,-30],[21,-74],[-48,-83],[7,-96],[-25,-48],[20,-85],[-36,-19],[-25,-145],[11,-99],[-191,-24],[-23,-36],[18,-102],[-97,-85],[-64,-34],[-57,-65],[55,-68],[70,0],[34,-72],[12,-104],[56,-130],[28,-125],[-77,-70],[-41,-74],[36,-21],[61,-136],[-70,14],[-82,-50],[-135,0],[-33,-39],[22,-84],[-9,-79],[53,-25],[161,-18],[59,-31],[-171,-117],[-18,-62],[87,-72],[95,-49],[39,-50],[48,8],[45,-44],[101,-30],[-14,-96],[-64,-21],[-36,-61],[27,-32],[25,-113],[-70,-53],[-41,-201],[-37,-90],[-68,-82],[-75,-15],[-35,-34]],[[30606,68237],[-109,25],[-122,98],[-35,-7],[-150,79],[-148,2],[-102,70],[-39,58],[-134,86],[-23,70],[-94,-16],[-88,33],[-66,-35],[-109,31],[18,49],[-66,89],[-144,-117],[-9,-133],[21,-43],[-48,-42],[-27,-96],[4,-65],[-46,-26],[8,-64],[-126,45],[-155,-21],[-47,-26],[-69,19],[-50,41],[-93,-7],[-77,20],[-59,-41],[-19,-49],[-73,-25],[-6,-81],[38,-83],[-80,-12],[-77,-53],[-34,12],[-57,-36],[-27,-123],[-125,2],[-105,-74],[-73,-91],[77,-115],[9,-104],[44,-29],[39,-107],[-71,-80],[-66,27],[-123,-50],[-273,23],[-46,-13],[-72,24],[-94,2],[-86,-28]],[[27122,67250],[-142,-23],[-2,48],[103,43],[82,-13],[-41,85],[-53,6],[126,119],[-32,62],[25,148],[25,17],[-62,183],[-45,91],[-5,53],[-180,68],[-16,28],[82,110],[-79,34],[-121,79],[30,84],[-30,126],[-54,-20],[-89,13]],[[26644,68591],[0,130],[-30,165],[9,92],[-50,16],[-54,62],[-7,161],[25,32],[100,9],[59,59],[114,45],[23,89],[-67,68],[26,80],[93,-38],[41,47],[-11,116],[91,19],[16,-103],[106,40],[37,87],[-16,66],[71,21],[40,97],[-34,92],[57,23],[37,-30],[-27,-131],[9,-58],[50,-57],[61,11],[-9,129],[36,43],[96,19],[13,53],[-83,34],[-5,68],[91,38],[95,-4],[53,19],[38,95],[-102,96],[23,47],[59,19],[102,-70],[50,53],[8,99],[45,28],[61,-34],[135,25],[34,215],[14,12],[-1,270],[-6,261],[-48,129],[11,43],[-23,25],[-184,73],[-125,-41],[-39,-49],[-137,-42],[-99,-72],[-8,2],[-25,-79],[-95,-14],[-37,-28],[-41,-106],[8,-40],[-76,-37],[-52,15],[-29,26],[-65,-58],[-27,34],[60,104],[-83,68],[-72,107],[-71,8],[-75,-32],[-25,51],[-96,45],[-63,-15],[-85,114],[-47,-4],[-39,57],[-194,111],[-125,17],[-157,148],[-38,5],[-119,-32],[-43,-49],[-116,28],[-39,48],[-82,-6],[-145,30],[-139,-64],[-48,-79],[-114,11],[-98,87],[-68,6],[-80,-67],[-73,50],[-220,3],[-37,-58],[-203,-8],[-45,32],[-191,-49],[-48,27]],[[24051,71791],[27,83],[53,85],[-3,76],[55,7],[64,19],[63,45],[198,44],[69,47],[132,-39],[30,9],[18,13],[13,-2],[51,72],[13,110],[70,60],[87,21],[93,174],[-9,59],[-70,-10],[-71,-85],[-45,-13],[-75,85],[24,74],[-127,81],[-93,-45],[-62,-63],[-27,104],[-75,34],[32,72],[50,6],[11,4],[25,13],[50,4],[-6,81],[79,-45],[85,-17],[79,17],[91,49],[98,113],[9,42],[-63,81],[13,12],[9,56],[30,19],[16,2],[41,23],[63,-27],[75,27],[110,70],[29,30],[-9,21],[52,15],[21,68],[-23,98],[30,36],[95,-79],[9,-4],[16,-4],[0,-3],[12,-6],[5,-2],[34,-17],[13,-40],[37,-26],[-66,-64],[-34,-97],[41,-59],[16,-88],[122,-51],[126,-10],[32,19],[74,-28],[-34,-133],[-68,65],[-96,-27],[9,-32],[173,-136],[57,-17],[53,21],[50,-29],[91,32],[66,44],[14,98],[81,4],[162,-27],[109,10],[141,81],[62,-22],[36,-84],[60,31],[-69,98],[44,23],[57,-63],[-9,66],[31,34],[48,148],[-13,55],[27,77],[109,-11],[11,53],[-70,11],[-68,42],[168,81],[57,-15],[16,30],[-73,125],[52,34],[-11,80],[-102,-4],[-119,-51],[12,-63],[-53,-36],[-246,-56],[-66,-66],[-11,-95],[-73,0],[-89,34],[-45,-26],[-73,105],[175,17],[57,38],[116,32],[160,93],[104,83],[135,152],[15,94],[26,57],[90,-23],[123,87],[91,108],[74,170],[29,199],[-43,111],[-37,27],[-88,-34],[-39,96],[46,66],[6,89],[114,10],[62,68],[38,89],[32,149],[-18,72],[130,13],[129,48],[82,60],[55,98],[9,142],[93,-2],[19,14],[0,-2],[6,-2],[5,-8],[21,2],[25,13],[43,14],[18,-4],[25,-2],[7,-4],[11,2],[57,-95],[175,-24],[123,9],[192,44],[50,21],[129,66],[98,87],[-14,62],[26,19],[-23,36],[4,36],[25,-23],[62,40],[75,55],[25,51],[2,25],[-25,24],[9,25],[9,-12],[10,0],[11,-15],[118,40],[128,-10],[96,-32],[74,-70],[41,114],[78,4],[0,58],[130,21],[2,-66],[-71,-10],[0,-54],[71,0],[0,-48],[-141,-56],[45,-27],[150,64],[17,70],[245,-26],[91,-83],[-34,-203],[-57,-22],[-95,-91],[-85,4],[-13,-48],[-246,-75],[-77,92],[45,-134],[266,79],[0,-37],[21,43],[102,29],[51,49],[27,-57],[-11,66],[86,55],[54,62],[-9,68],[26,95],[166,72],[82,15],[20,-49],[-75,-49],[18,-42],[132,53],[20,-28],[-140,-72],[-7,-34],[170,91],[239,-244],[35,32],[79,15]],[[30352,76437],[45,-51],[146,63],[105,-104],[-187,-86],[-62,38],[-40,-15],[-208,23],[-56,53],[-1,53],[183,2],[75,24]],[[29669,77120],[50,-28],[-23,-72],[-54,77],[27,23]],[[29557,76988],[25,-25],[-31,0],[6,25]],[[30388,76946],[57,-62],[-23,-53],[-31,66],[-3,49]],[[30707,76657],[34,-59],[-32,8],[-23,39],[21,12]],[[32155,75325],[-37,218],[78,13],[40,-218],[23,-138],[-79,-13],[-25,138]],[[31731,75286],[2,-12],[-4,-11],[-21,15],[2,2],[16,7],[5,-1]],[[26184,73920],[0,-4],[13,-9],[17,-4],[25,-32],[4,-23],[4,-4],[1,0],[2,-7],[7,-13],[6,-6],[7,-4],[14,-34],[2,-21],[12,-15],[-2,-24],[22,-27],[0,-43],[-30,7],[-2,-15],[-34,-15],[-77,11],[-7,21],[-64,83],[-9,31],[5,22],[-3,14],[9,66],[0,28],[37,-2],[23,13],[16,4],[2,2]],[[27179,73784],[57,-98],[-87,-68],[-29,30],[-130,-57],[-32,64],[177,127],[44,2]],[[26202,73425],[50,-33],[-2,-51],[48,-66],[-3,-32],[7,-36],[-52,-72],[-80,0],[-23,91],[35,87],[-7,87],[27,25]],[[25606,73969],[72,-45],[-41,-70],[-70,85],[39,30]],[[24030,75713],[19,-91],[-46,21],[27,70]],[[27322,76114],[75,-28],[-125,-161],[-14,-76],[-36,-11],[-36,19],[-19,-4],[-9,15],[-45,19],[-12,-4],[-7,8],[-2,2],[-4,1],[-25,36],[22,137],[14,3],[29,4],[35,12],[73,-31],[22,10],[-2,30],[66,19]],[[27734,76095],[62,-13],[20,-55],[61,-53],[-43,-55],[-45,38],[-7,53],[-48,85]],[[24650,79361],[2,-36],[-12,-9],[-16,-23],[-33,-32],[-57,22],[45,69],[71,9]],[[27579,75626],[21,-10],[7,-49],[-25,10],[-3,49]],[[24122,72818],[52,-48],[-30,-51],[-45,30],[23,69]],[[26707,74675],[75,-23],[-81,-95],[-28,69],[34,49]],[[32015,74934],[10,-4],[-19,-11],[-4,-8],[-25,-15],[-4,9],[13,8],[16,17],[13,2],[0,2]],[[26644,68591],[-123,9],[-282,46],[-146,5],[-37,91],[14,55],[-57,21],[0,49],[-153,108],[-72,98],[36,68],[-13,53],[-62,4],[2,-110],[-109,25],[-18,-21],[9,-85],[-82,-178],[-262,-183],[16,-44],[-191,-115],[-155,-167],[-168,51],[-14,-138],[36,6],[30,-85],[39,-10],[43,-81],[-23,-28],[0,-36],[57,-119],[75,-65],[19,-54],[68,-38],[14,-152],[61,-56],[32,-163],[105,-236],[41,30],[77,-53],[104,-121],[14,-112],[-171,-49]],[[25398,66811],[-20,19],[-112,-2],[-118,32],[-93,-9],[-98,15],[-46,87],[-107,-34],[-229,62],[-132,2],[-9,42],[-80,81],[-121,-17],[-59,57],[-78,121],[-15,-2],[-39,47],[-80,36],[-6,76],[-101,-27],[-114,80],[-54,111],[-3,105],[-90,86],[-42,6],[-115,66],[-74,17],[-132,80],[-47,138],[-87,21],[35,109],[-12,38],[62,51],[65,17],[87,-28],[43,81],[-2,100],[-62,53],[-61,252],[-23,53],[-86,-13],[-84,-38],[-51,19],[-45,-38],[-164,32],[-109,36],[-27,38],[-94,17],[-36,53],[-87,5],[-45,-26],[-166,100],[-1,76],[-57,98],[-25,85],[49,99],[-24,89],[33,56],[-32,63],[-96,102],[-61,40],[-107,122],[-44,101],[-70,92],[-41,10],[84,274],[61,134],[116,72]],[[22020,70531],[28,-30],[80,11],[-10,-62],[85,-146],[38,-19],[110,-179],[0,-27],[91,-70],[15,64],[78,4],[-59,72],[-62,34],[-64,-2],[-24,80],[122,68],[30,81],[-46,44],[-59,-36],[-29,70],[143,75],[-32,49],[59,104],[-15,55],[81,46],[62,60],[-14,167],[30,75],[-39,95],[-32,-40],[-106,-7],[-114,79],[-91,4],[24,94],[-79,29],[-30,79],[-73,10],[-7,41],[-86,19],[-66,80],[9,52],[50,31],[57,-15],[50,-25],[21,66],[-62,17],[-39,83],[49,23],[54,108],[166,-62],[-25,-55],[19,-49],[93,-42],[13,-57],[-32,-74],[67,-56],[68,22],[-7,53],[50,57],[4,61],[-75,104],[-41,-44],[-70,49],[82,48],[-64,60],[30,72],[-89,102],[29,66],[-18,76],[100,-23],[60,-49],[52,-9],[-66,41],[62,170],[-67,46],[-8,92],[34,59],[56,-19],[3,-75],[122,-74],[76,-2],[68,98],[55,30],[27,-35],[150,-33],[93,31],[-9,-82],[133,-83],[56,13],[64,-147],[71,-30],[-37,-55],[-52,2],[-118,-125],[20,-53],[-73,-59],[41,-68],[43,-21],[73,36],[25,68],[46,0],[48,-73],[-34,-55],[-58,-12],[64,-124],[89,-8],[105,-64],[91,-21],[111,-2],[85,15],[122,83],[-49,93],[29,42]],[[21773,72884],[66,-6],[36,-98],[-59,-29],[-25,-51],[-60,2],[-41,49],[-84,38],[60,95],[52,-48],[55,48]],[[22610,73224],[16,-28],[-45,-112],[45,-149],[-107,70],[-30,41],[35,74],[86,104]],[[22765,72738],[30,-43],[33,-33],[8,-73],[-78,-76],[-43,61],[-16,85],[66,79]],[[23518,72504],[34,-50],[-32,-94],[-77,4],[75,140]],[[22901,73092],[39,-19],[-2,-28],[-14,-19],[16,-16],[-84,21],[45,61]],[[23664,71891],[21,-74],[-64,6],[43,68]],[[22469,72975],[-12,-70],[-59,47],[71,23]],[[21889,72035],[27,-16],[-12,-39],[-27,32],[12,23]],[[22638,71138],[2,-4],[-23,-17],[-14,2],[-4,-11],[-9,2],[18,17],[9,-2],[13,21],[8,-8]],[[22560,71157],[20,-9],[-6,-17],[-14,2],[-9,11],[2,11],[7,2]],[[22473,71643],[7,-11],[12,-2],[-11,-15],[-8,2],[-6,9],[7,6],[-1,11]],[[22490,71817],[6,0],[12,-9],[2,-8],[-4,-19],[-12,0],[12,12],[-10,13],[-6,2],[0,9]],[[25565,66823],[-10,-42],[-65,-15],[16,64],[59,-7]],[[25398,66811],[-20,-74],[18,-70],[-29,-39],[16,-89],[-76,-6],[-45,-38],[14,-58],[-43,-49],[-82,26],[-73,-91],[-66,-13],[-28,-62],[19,-53],[156,-229],[80,-121],[91,-93],[119,74],[122,45],[87,104],[70,44],[140,-38],[120,30],[53,36],[56,-15],[68,44],[58,-19],[57,-87],[66,-36],[109,-55],[68,-57],[41,-149],[71,-155],[56,-82],[35,-115],[57,-110],[38,-34],[11,-98],[-38,-53],[-27,-108],[52,-145],[-36,-93],[-66,-98],[-155,-188],[25,-64],[72,-62],[-27,-121],[-48,-82],[-100,-38],[-70,-66],[-44,17],[-27,-58],[-152,-78],[-121,6],[-100,21],[-114,-116],[0,-75],[-34,-55],[-62,-31],[-79,10],[-98,-157],[-66,-49],[-55,9],[-130,-21],[-118,-111],[-93,-17],[-32,70],[68,45],[9,44],[-45,117],[-66,76],[-36,-34],[-67,92],[-88,25],[-71,49],[-5,59],[-13,34],[13,51],[-4,79],[32,172],[180,13],[31,25],[16,85],[39,-2],[61,85],[115,50],[15,52],[26,29],[24,2],[35,21],[20,18],[59,125],[14,99],[-18,90],[-48,40],[-57,-13],[-73,191],[57,76],[-114,111],[-196,-7],[-91,22],[-73,-60],[-88,-19],[-164,53],[-171,11],[-45,-45],[-87,-23],[-104,-72],[-114,-123],[-73,-19],[-64,-68],[-36,15],[-119,-20],[-50,39],[-66,-79],[-25,51],[-50,38],[-61,-6],[-130,28],[-91,-62],[-2,-34],[79,-119],[-39,-63],[-91,-45],[19,-59],[-92,-43],[-45,-42],[-5,-87],[-79,12],[-25,30],[-12,-95],[35,-37],[-44,-116],[-70,-70],[-11,-79],[-7,-4],[-3,-2],[-4,-11],[-16,-8],[-12,-21],[5,-39],[-102,-101],[-42,12],[-52,-30],[-52,-67],[-9,8],[-14,7],[-5,-3],[-8,-19],[-1,0],[-6,0],[-1,-2],[-6,2],[-3,7],[-15,-5],[-5,-10],[-2,-9],[-27,-6],[-5,-7],[0,-6],[-2,-4],[0,-2],[-5,6],[-5,2],[-6,0],[-18,-6],[-16,-9],[-41,37],[-51,-87],[0,-70],[-38,-122],[-16,-8],[-3,-4],[-17,-9],[-5,-2],[0,-2],[-5,-4],[-4,-4],[-3,-2],[-9,-26],[-54,-40],[-12,-11],[-2,-4],[-2,-2],[-3,-2],[1,-3],[-12,-4],[-13,-19],[-53,-70],[-30,-11],[-33,-16],[-16,-15],[-32,-5],[-23,-12],[-19,-15],[-6,0],[-3,-4],[-88,-19],[-27,16],[-19,5],[-39,2],[-65,-23],[-25,-60],[-46,4],[-9,0],[-9,-6],[-25,-30],[-35,32],[0,17],[1,4],[0,9],[-16,29],[56,28],[28,30],[2,8],[0,5],[2,2],[-4,0],[0,2],[4,2],[5,0],[11,21],[9,0],[1,11],[68,-24],[-2,38],[79,17],[105,85],[-2,71],[88,35],[10,155],[38,32],[7,5],[2,8],[-9,9],[20,16],[30,37],[9,27],[7,47],[23,15],[20,49],[62,-3],[6,119],[-6,28],[-5,17],[25,127],[-111,-44],[-89,34],[-9,86],[87,-25],[50,21],[56,128],[92,10],[-26,-112],[21,-75],[73,15],[-34,77],[120,83],[36,146],[48,34],[85,129],[-26,111],[-52,-72],[-20,-102],[-75,-49],[-116,-13],[-53,-76],[-59,59],[98,140],[-45,23],[-21,58],[-59,-45],[-59,9],[-26,53],[16,66],[-40,70],[-51,33],[41,66],[-13,26],[9,27],[-82,19],[-2,43],[-9,34],[-57,8],[-17,36],[-33,30],[-17,34],[-68,19],[75,162],[-72,-11],[-53,38],[-73,-2],[-13,28],[-32,-3],[-53,-148],[-47,10],[-16,75],[-35,27],[-36,39],[-27,0],[-11,106],[-149,2],[3,10],[2,11],[0,53],[-64,21],[-7,32],[-16,21],[-40,34],[-9,58],[-57,84],[24,123],[-11,26],[-11,19],[-25,2],[-48,106],[-20,77],[-50,72],[8,46],[-49,52],[-21,93],[-71,15],[-20,-108],[-61,84],[41,77],[-14,82],[-94,60],[32,36],[-2,98],[-18,51],[4,78],[21,23],[23,58],[106,36],[3,-41],[46,0],[11,43],[2,76],[43,43],[-36,13],[-4,61],[-53,115],[14,53],[-18,82],[25,47],[75,-21],[38,146],[-13,62],[86,102],[2,85],[26,49],[-25,74],[36,61],[105,-49],[52,-44],[118,-30],[57,-46],[43,-100],[51,38],[52,-106],[-50,-64],[-21,-70],[34,-51],[41,74],[94,66],[16,-42],[84,-38],[13,-56],[-82,-74],[-40,0],[-50,-102],[-35,-102],[-20,-82],[55,-162],[32,2],[40,22],[25,57],[59,38],[-11,55],[43,104],[57,-76],[60,8],[32,-61],[122,15],[119,-93],[32,-54],[9,-84],[45,-15],[-30,-98],[-52,-38],[-39,-76],[69,-60],[7,-53],[18,-28],[-43,-258],[-34,-22],[6,-15],[-22,-6],[-21,15],[-20,2],[-5,17],[-25,21],[-5,41],[5,40],[21,15],[-3,6],[14,26],[-86,163],[-49,-42],[-20,-64],[3,-76],[17,-13],[-9,-34],[34,-49],[-11,-81],[-32,-68],[62,-14],[64,33],[50,-23],[2,-136],[34,-44],[-77,-74],[-75,38],[-19,-134],[69,-6],[23,-70],[97,10],[264,-216],[87,21],[-30,61],[12,94],[50,-138],[72,0],[48,117],[51,48],[33,107],[57,-32],[55,68],[55,-2],[13,-56],[57,-57],[46,23],[79,-76],[51,-32],[59,43],[54,0],[85,-66],[-1,-83],[103,28],[84,-89],[185,34],[-75,46],[-39,104],[-53,23],[-25,54],[-141,84],[18,85],[-95,138],[5,60],[-155,150],[-39,58],[-11,178],[25,119],[2,87],[-32,25],[62,68],[52,-8],[22,34],[7,42],[35,26],[-7,51],[-39,80],[11,159],[-79,64],[-30,47],[-29,10],[-39,53],[-53,-6],[-52,53],[-57,13],[-39,108],[-54,61],[-132,73],[-62,-26],[-120,7],[-53,-83],[-72,27],[-51,-150],[-86,-43],[-21,60],[8,97],[111,34],[-53,60],[-115,14],[-21,43],[-66,-6],[14,74],[-85,81],[12,80],[-68,106],[66,81],[6,32],[-25,102],[35,63],[-32,66],[-73,49],[-269,19],[-100,-127],[-37,40],[-115,11],[-3,161],[64,12],[-41,87],[-39,-31],[-45,55],[-98,-34],[29,-72],[10,-140],[25,-30],[18,-200],[-114,-46],[-64,23],[-129,-38],[-62,-98],[-13,89],[-30,18],[-27,89],[27,36],[146,49],[107,97],[-58,40],[-58,107],[8,34],[-29,48],[-39,32],[-68,-23],[-7,63],[-89,24],[-91,-40],[0,55],[28,40],[79,19],[-9,138],[-52,2],[-7,68],[45,49],[-43,8],[-61,155],[20,-189],[-41,-89],[-68,-61],[-62,49],[26,97],[-137,-10],[-43,84],[-139,5],[7,31],[-157,18],[-46,-35],[-52,32],[29,66],[87,51],[-36,96],[-51,17],[12,57],[66,12],[-5,77],[30,32],[5,82],[163,35],[-25,84],[27,41],[-52,55],[21,36],[79,36],[12,49],[95,119],[-81,-28],[-55,-76],[-59,25],[-76,19],[-22,53],[-87,104],[12,79],[70,-17],[-4,142],[24,32],[24,131],[-69,81],[75,87],[84,-19],[55,-79],[32,39],[54,-53],[53,51],[127,-104],[44,-9],[23,57],[83,-31],[3,63],[61,-8],[35,72],[57,32],[24,51],[-20,78],[61,47],[42,-89],[-19,-49],[-20,-168],[6,-100],[30,-44],[75,15],[0,68],[84,-2],[-4,-71],[54,-67],[157,34],[74,101],[115,58],[74,-9],[70,-114],[66,2],[32,61],[13,108],[98,-4],[25,-40],[-22,-93],[34,-49],[-19,-121]],[[21995,63044],[25,-49],[-6,-53],[9,-15],[-12,-10],[-136,-22],[7,9],[2,8],[4,3],[3,8],[-3,4],[-4,5],[0,2],[0,2],[-2,0],[9,29],[2,45],[36,32],[66,2]],[[23450,64918],[125,-21],[-23,-72],[-84,6],[-18,87]],[[21779,64462],[57,-30],[30,-36],[27,13],[39,-43],[-57,-34],[-94,74],[-2,56]],[[21697,63995],[68,-30],[-34,-51],[-75,30],[41,51]],[[20486,66166],[18,-55],[-50,-47],[-57,47],[89,55]],[[21939,64339],[38,-94],[-47,-25],[-66,101],[75,18]],[[22118,66416],[17,4],[15,-6],[14,4],[-11,-36],[-28,-2],[-7,36]],[[20095,65966],[18,-11],[45,0],[-2,-18],[-29,-7],[-35,17],[3,19]],[[22068,66068],[9,0],[10,-9],[6,1],[21,-9],[-9,-13],[-9,-2],[-2,7],[-8,6],[-11,0],[-7,19]],[[21779,65217],[9,-2],[-18,-26],[-4,9],[-7,0],[-5,-8],[-20,-3],[16,15],[0,6],[13,1],[16,8]],[[21597,63632],[7,-6],[-14,-28],[-11,-4],[-5,6],[19,32],[4,0]],[[22355,64474],[3,-8],[-8,-9],[-13,2],[5,15],[9,4],[4,-4]],[[20718,65951],[-6,-10],[-16,6],[2,2],[0,2],[2,4],[0,1],[9,8],[7,-4],[2,-9]],[[21836,68619],[98,-15],[111,-42],[16,-51],[-27,-53],[18,-77],[-9,-78],[-57,-64],[69,-127],[-14,-83],[-57,6],[-22,-47],[-89,-6],[-84,55],[-39,-29],[57,-60],[59,-15],[-7,-67],[61,2],[18,-47],[-97,-6],[-32,-70],[-80,17],[2,74],[-104,-9],[6,113],[-79,163],[0,38],[-12,22],[-29,36],[20,32],[124,-49],[50,36],[0,23],[-10,42],[-70,60],[34,102],[86,-53],[35,21],[-34,32],[9,29],[56,30],[-61,32],[84,83]],[[16601,70162],[59,-15],[13,-75],[39,-95],[-18,-43],[80,-87],[-98,-76],[-64,-8],[23,-83],[-78,-62],[-111,5],[-78,19],[-47,31],[-16,70],[-62,47],[-57,2],[-66,66],[48,21],[32,39],[32,6],[11,32],[10,8],[4,2],[-9,13],[13,0],[3,-4],[7,15],[159,53],[52,-24],[91,68],[28,75]],[[19999,68700],[57,-73],[-7,-76],[-84,13],[-29,-66],[-91,53],[-101,21],[89,68],[166,60]],[[20382,69109],[27,-21],[-18,-111],[16,-48],[-19,-117],[-66,-25],[5,74],[45,44],[-82,94],[12,46],[4,51],[76,13]],[[16093,69778],[-34,-35],[36,-50],[48,10],[21,-68],[-110,-10],[-29,99],[68,54]],[[21939,67974],[45,-83],[-30,-15],[-36,74],[21,24]],[[20106,69495],[35,-4],[8,-55],[-40,12],[-3,47]],[[20320,69245],[25,-13],[39,-45],[-77,30],[13,28]],[[21072,68617],[45,-19],[-9,-47],[-48,42],[12,24]],[[20457,69236],[20,-27],[-14,-21],[-36,29],[30,19]],[[20459,69168],[-14,-59],[-18,36],[32,23]],[[21019,68755],[21,-11],[20,-45],[-36,3],[-5,53]],[[20548,69149],[16,-84],[-35,4],[19,80]],[[19810,68910],[32,-22],[-7,-40],[-38,40],[13,22]],[[20158,69843],[1,-63],[-21,38],[20,25]],[[20199,69913],[23,-23],[-38,-32],[-1,43],[16,12]],[[21040,68842],[32,-34],[-19,-3],[-18,15],[5,22]],[[20277,69298],[16,-42],[-25,-13],[-3,34],[12,21]],[[20562,69062],[15,-8],[-9,-19],[2,-15],[-15,-4],[-7,17],[-12,8],[5,11],[11,0],[10,10]],[[20145,69784],[21,-19],[2,-9],[-14,0],[-18,-12],[-14,0],[0,8],[11,0],[5,6],[-11,9],[-2,13],[9,-2],[11,6]],[[20027,69442],[7,-12],[-1,-5],[16,-6],[-2,-9],[2,-10],[9,8],[3,-19],[-12,2],[-16,7],[0,14],[-11,15],[5,15]],[[20172,69695],[-2,-15],[-11,-7],[-3,-10],[-6,-6],[-9,4],[-8,0],[-2,10],[9,9],[5,2],[4,8],[12,9],[11,-4]],[[21709,68536],[16,-6],[6,-9],[-2,-8],[-20,-11],[-12,6],[-2,13],[4,9],[10,6]],[[20179,69336],[11,-17],[9,-6],[3,-17],[5,-5],[-1,-6],[-15,9],[-16,4],[0,15],[-5,15],[9,8]],[[20769,68812],[4,-11],[5,-12],[9,0],[-9,-13],[11,-7],[-9,-2],[-2,-10],[-9,4],[0,15],[-9,0],[4,11],[-4,19],[9,6]],[[20093,69442],[15,4],[7,-14],[0,-5],[-13,-8],[-2,10],[-21,-6],[-5,7],[5,8],[-11,6],[2,13],[7,-2],[6,-9],[10,-4]],[[20992,68538],[16,-2],[-16,-6],[2,-7],[-4,-8],[-10,-9],[-9,0],[-13,7],[7,6],[9,-4],[6,13],[2,8],[10,2]],[[20313,69183],[18,-2],[1,-10],[9,-3],[2,-10],[-9,-9],[-9,5],[-2,14],[-5,-2],[-7,11],[2,6]],[[20188,70053],[-5,-4],[-2,-21],[-15,-11],[-5,7],[22,27],[5,2]],[[20097,69807],[7,-6],[-9,-6],[2,-5],[-5,-15],[-15,5],[-14,-11],[-5,8],[14,11],[9,-4],[5,4],[11,19]],[[21003,68708],[9,-2],[-2,-11],[-14,0],[-14,-8],[-2,8],[12,7],[2,8],[9,-2]],[[20241,69941],[6,2],[-2,-28],[-5,-4],[-13,4],[-3,5],[14,12],[3,9]],[[20293,69154],[5,-2],[0,-20],[-7,-2],[0,-4],[-9,-8],[-12,16],[14,0],[11,7],[-2,13]],[[20841,69090],[9,-6],[3,-11],[5,0],[-1,-13],[-9,2],[0,11],[-13,4],[-3,7],[9,6]],[[21998,67819],[-9,-7],[-3,5],[-11,-5],[0,11],[7,9],[7,2],[9,-15]],[[20878,68805],[9,-25],[-11,-6],[-7,10],[4,15],[5,6]],[[20584,69111],[2,-15],[-6,-12],[-12,16],[10,11],[6,0]],[[23140,66002],[12,-38],[-32,17],[20,21]],[[24069,64892],[-7,-2],[-11,4],[2,15],[-11,9],[0,12],[18,3],[7,-11],[-5,-10],[1,-7],[8,-8],[-2,-5]],[[23762,64858],[9,-4],[12,-13],[6,-12],[2,-9],[-9,-2],[-13,19],[-19,13],[12,8]],[[22929,66539],[104,-97],[23,17],[69,-75],[7,-51],[-69,-42],[-96,121],[5,46],[-43,81]],[[23259,66297],[9,-8],[-5,-19],[-13,-15],[-11,29],[4,9],[16,4]],[[20086,71203],[34,-78],[-23,-45],[50,-48],[-29,-39],[38,-57],[-47,-78],[27,-96],[52,-53],[-118,-78],[-53,-17],[5,-70],[-82,-83],[-132,-34],[-39,-51],[53,-38],[29,-60],[48,-38],[-64,-76],[-48,17],[-113,-39],[14,-69],[52,-32],[-142,-72],[80,-128],[-27,-97],[-61,-66],[-50,-13],[-23,-95],[-103,-109],[-73,-157],[-54,9],[-41,-15],[-9,-34],[-53,-60],[-6,-46],[-78,-77],[-91,-31],[-62,-51],[-84,-17],[-61,-56],[-184,-61],[-194,136],[62,91],[-60,96],[44,50],[131,-218],[115,-2],[74,-28],[55,32],[27,123],[-49,17],[-58,-23],[-104,108],[-2,153],[82,65],[6,5],[-4,13],[7,16],[27,37],[112,23],[107,-64],[70,7],[16,46],[-37,62],[-107,19],[-34,49],[16,78],[-66,49],[3,59],[41,49],[95,17],[37,58],[-32,-5],[13,49],[114,34],[50,-32],[30,77],[-118,169],[36,32],[0,60],[50,10],[5,62],[-51,153],[51,29],[18,0],[16,-8],[6,8],[30,-2],[12,-12],[31,10],[98,43],[69,-26],[50,43],[88,2],[60,12],[36,89],[-12,45],[23,79],[87,-3],[0,-138],[-36,-65],[70,-41],[21,85],[56,62],[-15,70],[138,4],[41,40],[-16,71],[-43,18],[-186,-29],[36,53],[-53,85],[76,34],[47,-28],[64,68],[96,8]],[[19105,71505],[-3,-113],[-52,-67],[45,-32],[-41,-92],[57,-53],[12,-72],[-46,-108],[-4,-104],[54,-85],[-47,-46],[29,-62],[-123,-34],[-157,74],[62,157],[39,159],[-7,64],[75,102],[16,121],[-25,106],[116,85]],[[20102,72186],[-21,-112],[0,-96],[60,-15],[31,66],[44,30],[81,-5],[-43,-131],[-105,-102],[-68,-36],[-157,51],[-59,97],[-73,-12],[0,-115],[-91,24],[-32,57],[48,27],[143,130],[7,32],[235,110]],[[19890,71637],[18,-56],[57,-27],[-20,-85],[-41,12],[-224,-101],[16,72],[119,51],[75,134]],[[20090,73154],[28,-9],[-1,-36],[-31,11],[4,34]],[[18321,69073],[24,-17],[-33,-25],[-9,27],[18,15]],[[18374,69003],[-23,-9],[-2,28],[18,6],[7,-25]],[[18340,69678],[-3,-26],[-20,-13],[-21,5],[44,34]],[[18435,69292],[3,-11],[-5,-7],[-9,1],[-7,-7],[9,-19],[-6,-8],[-9,15],[-10,4],[-6,8],[2,9],[14,10],[11,4],[13,1]],[[20429,70962],[1,-3],[22,-2],[0,-14],[16,-9],[12,4],[15,-6],[3,-11],[-14,5],[-14,0],[-15,10],[-5,6],[-14,3],[-9,8],[-11,2],[0,5],[13,2]],[[18365,69128],[0,-10],[-9,-7],[2,-8],[-7,-7],[-16,21],[5,9],[5,4],[8,-2],[12,0]],[[19911,71363],[11,-11],[5,-36],[-10,2],[-6,9],[9,4],[0,11],[-16,2],[0,14],[7,5]],[[19785,70068],[7,-10],[-7,-9],[-16,-4],[-11,-2],[-5,8],[32,17]],[[18337,69555],[16,-2],[5,-11],[-9,-4],[-4,-7],[-10,11],[-7,2],[-2,9],[11,2]],[[19740,69985],[23,-19],[-1,-6],[-11,-4],[-7,10],[-2,5],[-9,10],[7,4]],[[20295,70202],[14,-7],[7,-6],[-9,-8],[-10,0],[-7,-7],[1,22],[4,6]],[[19687,69249],[-13,-44],[-9,-1],[6,28],[7,13],[9,4]],[[18925,70081],[5,-2],[8,-11],[-13,-6],[-7,2],[-5,13],[12,4]],[[22071,71252],[32,-32],[154,-4],[85,-38],[29,-68],[-39,-83],[41,-74],[141,21],[58,-44],[4,-57],[-64,-53],[-52,12],[-18,-46],[-57,-39],[-55,13],[-52,-28],[-85,-123],[-15,77],[-53,57],[60,72],[2,72],[-30,160],[50,55],[-145,127],[9,23]],[[21727,71794],[25,-54],[34,13],[48,-44],[27,-13],[19,-55],[-28,-32],[-11,-28],[18,-53],[2,-6],[7,-6],[5,-1],[11,3],[2,-15],[-6,-15],[25,2],[16,-47],[41,7],[54,-49],[-2,-38],[-214,31],[-55,-91],[-86,2],[34,-68],[-46,-53],[-114,-12],[-40,78],[-62,41],[41,40],[59,8],[19,39],[77,8],[11,62],[-41,29],[89,58],[-4,65],[27,-8],[-3,25],[17,24],[-33,123],[37,30]],[[21171,71335],[26,-98],[-42,-69],[-45,46],[52,57],[9,64]],[[21433,71730],[51,-30],[8,-64],[-56,1],[-34,48],[31,45]],[[21911,71123],[59,-47],[-56,-27],[-3,74]],[[21361,71344],[11,-11],[11,-19],[-9,-11],[-9,-2],[-9,13],[-2,15],[-7,6],[-9,9],[6,10],[17,-10]],[[21879,71034],[14,-4],[18,6],[9,-4],[9,-9],[-2,-10],[-14,0],[-6,8],[-27,4],[-1,9]],[[22316,70669],[5,-2],[2,-17],[7,-5],[0,-21],[-9,2],[2,7],[-7,19],[-8,0],[8,17]],[[21229,71407],[8,-2],[-16,-13],[-6,-2],[-11,2],[6,9],[19,6]],[[21099,71165],[22,-2],[-2,-12],[-14,-1],[-9,3],[3,12]],[[20530,67861],[18,-34],[118,-17],[34,38],[57,-17],[-52,-86],[36,-24],[-79,-172],[-98,-19],[-50,-74],[-69,0],[-91,42],[-2,77],[39,106],[80,42],[33,115],[26,23]],[[20482,66745],[-25,-72],[45,-40],[62,40],[89,-55],[-9,-121],[-51,-73],[-91,9],[-50,43],[-27,89],[-36,31],[24,58],[-8,25],[29,13],[11,19],[1,9],[36,25]],[[17571,67452],[-7,-60],[56,-89],[12,-78],[-71,-60],[-109,70],[3,100],[116,117]],[[20147,67522],[102,-26],[74,0],[56,-57],[-56,-87],[-98,-32],[-73,-85],[-62,24],[18,53],[85,57],[-62,115],[16,38]],[[18438,67432],[34,-163],[-48,-13],[-86,43],[27,30],[-12,53],[85,50]],[[20766,67664],[-2,-72],[9,-22],[-79,-74],[2,92],[70,76]],[[20869,67320],[-11,-87],[33,-95],[-8,-34],[-42,2],[12,163],[16,51]],[[20008,67309],[68,-14],[-83,-39],[15,53]],[[19095,67439],[39,-28],[-43,-15],[4,43]],[[21636,67229],[5,-26],[9,-10]],[[21650,67193],[6,-5],[-52,-4],[32,45]],[[22198,66876],[21,-14],[-16,-34],[-19,40],[14,8]],[[19938,67328],[11,-10],[11,10],[5,0],[20,-12],[0,-9],[-9,-4],[-15,-2],[-28,9],[-2,10],[7,8]],[[21661,67269],[9,-6],[7,-17],[-2,-11],[-14,-6],[-11,10],[-7,15],[2,5],[9,10],[7,0]],[[22239,67193],[23,-7],[-2,-15],[-5,-4],[0,-12],[-16,6],[-5,10],[5,7],[-4,8],[4,7]],[[20809,67842],[12,-10],[-4,-15],[-7,6],[-18,-4],[0,19],[17,4]],[[22210,67297],[8,-2],[5,-9],[-2,-8],[2,-9],[-9,-6],[-5,12],[-6,3],[7,19]],[[21665,67222],[7,-14],[-9,-13],[-6,6],[-7,-8]],[[21650,67193],[-3,19],[16,2],[2,8]],[[20190,67861],[1,-6],[9,6],[7,-6],[9,2],[6,-9],[-9,-6],[-29,6],[-3,5],[9,8]],[[20709,66722],[9,-5],[-2,-12],[-9,-2],[-7,6],[-11,-4],[-12,8],[12,6],[9,-4],[9,2],[2,5]],[[22581,66215],[0,-5],[-14,-10],[-9,-15],[-7,6],[0,11],[20,2],[1,8],[9,3]],[[22137,65998],[66,-43],[-44,-33],[-22,76]],[[22305,65958],[12,-15],[8,-11],[-4,-6],[-23,13],[-9,-5],[0,-12],[-14,-5],[0,9],[1,13],[6,6],[7,0],[7,10],[9,3]],[[22408,66176],[6,-2],[3,-13],[-3,-8],[-13,0],[-5,13],[12,10]],[[22250,67740],[-2,-10],[11,-2],[-13,-11],[-3,-11],[-11,-8],[-4,10],[9,11],[2,9],[-4,6],[9,13],[6,-7]],[[30606,68237],[48,-115],[149,28],[25,-43],[79,13],[107,-81],[7,-76],[50,-28],[27,-86],[55,8],[80,-91],[57,-34],[95,30],[96,-22],[82,-55],[20,-97],[89,-130],[57,11],[113,-11],[60,43],[41,46],[13,66],[57,32],[7,91],[41,110],[-57,60],[30,95],[79,75],[-47,65],[-76,140],[-122,106],[-21,100],[-57,47],[-50,74],[48,98],[9,155],[71,152],[95,-61],[89,2],[94,83],[65,19],[23,57],[176,9],[58,-36],[119,-26],[111,-34],[32,26],[96,-45],[36,-30],[23,-97],[87,-32],[40,-66],[114,-49],[1,-51],[109,-87],[47,-118],[-29,-119],[79,-115],[14,-76],[-22,-68],[20,-64],[95,-91],[57,38],[28,-64],[159,-195],[43,-204],[35,-61],[-16,-64],[97,-84],[41,-79],[59,-49],[-4,-125],[132,-51],[-20,-76],[-39,-58],[-80,-25],[18,-125],[-20,-73],[18,-87],[39,-67],[5,-155],[-3,-102],[34,-104],[53,-77],[63,-25],[16,-57],[48,-9],[123,-127],[128,-40],[100,-85],[59,-107]],[[34613,65607],[-53,-44],[-175,9],[-82,-17],[-45,36],[-82,-26],[-28,-45],[-59,22],[-23,-77],[-40,-4],[-21,-131],[-71,-54],[-9,-121],[-66,-19],[-2,-72],[77,-76],[-41,-91],[-59,-64],[5,-87],[-28,-4],[-161,-149],[-46,15],[-134,-79],[-86,-120],[9,-92],[-44,-66],[-2,-210],[-97,0],[-41,56],[-53,25],[-68,-42],[-25,-107],[-105,-103],[-30,-92],[-61,-19],[-5,-70],[35,-63],[-32,-79],[2,-112],[36,-37],[-9,-65],[-48,-73],[-63,-21],[-7,-93],[-141,-4],[-109,55],[-50,-7],[-133,36],[-73,-53],[-8,-78],[-37,-93],[11,-100],[-123,-11],[-38,-40],[-3,-74],[48,-98],[-2,-110],[-125,-47],[-20,-246],[77,-162],[-16,-103],[18,-22],[0,-123],[46,-102],[72,-104],[16,-57],[62,-57],[27,-64],[198,-6],[43,-159],[7,-81],[46,-83],[-48,-81],[34,-104],[105,-55],[38,13],[96,-170],[37,-34],[-48,-53],[-39,-123],[-87,-172],[-93,-91],[-72,-42],[-94,63],[-64,-4],[-11,-30],[39,-114],[-1,-45],[-81,-38],[-23,-49],[9,-95],[36,-38],[82,16],[112,-108],[-14,-93],[37,-11],[88,-174],[82,-12],[50,-34],[32,-92],[-25,-184],[51,-68],[11,-57],[-57,-20],[-48,-55],[-105,22],[-107,48],[-88,-34],[-116,51],[-58,83],[-97,13],[-62,-13],[-47,43],[-76,-47],[-47,-79],[-46,-34],[29,-19],[-27,-76],[-146,-109],[-18,-86],[16,-68],[-107,-9],[-66,-46],[-75,42],[-96,-32],[-42,59],[-90,28],[-24,49],[-105,19],[-27,-62],[-155,-46],[-18,-43],[-55,-17],[-57,-129],[-45,-19],[-148,72],[-132,-72],[-16,-47],[-107,43],[-232,0],[-103,21],[-61,-45],[-48,64],[-119,-21],[-45,68],[-48,-62],[-57,-11]],[[29630,58498],[-54,32],[-123,28],[-73,78],[-160,136],[-127,64],[-28,151],[-84,8],[-38,28],[-114,12],[-43,68],[-18,127],[-41,102],[-153,-8],[41,-96],[-62,-80],[-52,-125],[-207,-7],[-93,-47],[-48,-116],[-187,-15],[-66,45],[-139,-66],[-82,57],[-43,-6],[-11,-160],[-71,-65],[-30,31],[-72,-50],[-41,29],[-68,-27],[-315,61],[5,39],[-93,95],[-44,129],[-54,32],[-66,85],[-91,89]],[[26685,59156],[20,53],[-23,81],[60,-9],[25,-42],[59,-6],[-28,104],[46,48],[-70,88],[59,42],[65,80],[60,132],[36,7],[30,70],[43,-41],[62,17],[61,51],[80,-68],[27,96],[-34,-2],[-60,87],[57,31],[14,102],[53,72],[29,-23],[62,40],[18,83],[-32,62],[80,23],[43,-127],[34,85],[-18,104],[98,-90],[63,85],[39,41],[-146,14],[-6,139],[-42,55],[42,51],[16,48],[52,36],[25,64],[89,83],[113,42],[0,32],[-150,79],[184,206],[215,222],[77,117],[73,9],[105,106],[32,65],[-66,147],[34,80],[-34,37],[0,76],[-130,11],[-53,72],[-4,89],[38,63],[130,-16],[19,67],[-101,41],[-177,100],[15,27],[285,-155],[-36,55],[-223,130],[64,121],[22,-21],[77,67],[53,-50],[111,199],[114,174],[153,163],[59,-46],[139,135],[-110,124],[-11,42],[102,32],[87,8],[103,-102],[25,52],[-28,86],[66,47],[-54,32],[-25,70],[-123,-72],[-80,-24],[-93,-8],[-144,-66],[-63,7],[-94,-41],[-125,24],[-153,-15],[-31,19],[-160,-70],[-20,-40],[-77,-15],[-194,12],[-55,-42],[-50,4],[-50,-40],[-63,30],[17,93],[-70,91],[71,72],[132,49],[179,144],[87,13],[112,79],[116,13],[29,36],[94,176],[93,70],[29,51],[167,49],[70,69],[87,43],[-32,149],[30,112],[-10,114],[-54,121],[-9,109],[75,116],[56,26],[-84,81],[7,46],[-75,47],[-29,129],[-85,26],[-25,144],[-59,72],[-55,-66],[-296,87],[-49,22],[0,161],[33,70],[-29,38],[-196,117],[-38,0],[-148,115],[-46,-43],[-68,9],[-46,40],[53,62],[-59,19],[-39,-47],[-96,115],[28,69],[-44,136],[-48,170],[-16,268],[-36,65],[-59,-4],[-34,87]],[[28585,64982],[-16,-56],[-147,0],[8,55],[155,1]],[[27777,62286],[0,-51],[32,1],[9,25],[30,-9],[-9,-25],[-91,-13],[29,72]],[[27914,62293],[0,-5],[-11,-8],[-17,-9],[-2,7],[9,11],[7,4],[14,0]],[[26723,59464],[19,-25],[-28,-26],[-14,34],[23,17]],[[26605,61427],[23,25],[-25,123],[-73,-110],[-102,-70],[-171,-30],[-62,28],[-48,8],[-29,13],[-12,0],[-95,17],[-30,89],[-105,-15],[-11,-67],[-68,-102],[2,-55],[-75,-30],[-75,29],[96,92],[-17,152],[-25,30],[-74,-4],[-55,-30],[-46,106],[3,19],[-28,13],[-48,49],[-4,53],[-37,51],[-8,91],[99,56],[281,127],[66,85],[74,6],[41,34],[71,9],[105,82],[-5,53],[141,123],[37,68],[157,41],[68,-2],[134,55],[82,-28],[-7,-62],[169,-40],[11,-119],[32,-15],[84,141],[132,85],[28,-49],[66,10],[-2,28],[75,61],[45,-57],[105,24],[-61,-172],[-121,-206],[-21,-119],[16,-51],[-45,-43],[-21,-87],[-54,-31],[-35,-28],[-31,-85],[-53,-51],[62,-48],[0,-77],[-35,-6],[-42,15],[-17,-15],[59,-62],[-65,-100],[-26,-95],[-91,-26],[-75,-91],[-24,58],[-80,6],[-44,-89],[-77,-17],[-4,95],[-35,92],[-4,10],[14,2],[-5,9],[13,2],[-8,21],[8,2],[5,-8],[7,4]],[[27461,63239],[-3,-12],[0,-13],[17,19],[2,-13],[-44,-110],[-77,-64],[62,-28],[-16,-87],[32,-50],[-110,-41],[-66,-8],[-220,49],[33,102],[57,105],[16,71],[-95,25],[-55,-10],[-39,63],[91,83],[58,81],[65,23],[-4,83],[66,-26],[139,111],[102,-143],[-75,-70],[-11,-83],[-14,-29],[30,-15],[59,-13]],[[27606,63227],[116,-172],[-93,-136],[-86,-96],[2,26],[-5,78],[-29,36],[18,53],[-30,64],[107,147]],[[27128,61395],[66,-51],[9,-119],[23,-65],[-61,-73],[-27,19],[41,88],[-96,52],[16,126],[29,23]],[[27108,62832],[82,-45],[-37,-46],[-77,55],[32,36]],[[26496,63409],[50,-30],[-19,-42],[-56,4],[25,68]],[[26983,62804],[75,-8],[-32,-75],[-48,28],[5,55]],[[26395,61219],[3,-79],[-53,-21],[1,72],[49,28]],[[26923,63222],[23,-36],[-66,-42],[-29,42],[72,36]],[[27245,62660],[22,-23],[-23,-62],[-50,25],[51,60]],[[27006,61346],[24,-12],[1,-58],[-41,7],[16,63]],[[27327,62755],[9,-40],[-21,-45],[-16,13],[28,72]],[[26937,62830],[10,-36],[-37,8],[27,28]],[[27270,62702],[23,-21],[11,-28],[-32,-4],[-16,17],[14,36]],[[26270,61153],[3,-42],[-28,-2],[25,44]],[[27472,63089],[-7,-28],[3,-8],[-12,-9],[7,-9],[-4,-10],[-14,2],[-2,9],[-7,6],[11,10],[9,18],[7,4],[3,12],[6,3]],[[27409,63335],[-5,-11],[14,-4],[11,0],[4,-11],[-15,-12],[0,-13],[-10,6],[-6,11],[2,6],[-5,7],[1,8],[0,9],[9,4]],[[26550,61331],[0,-10],[-11,-23],[-5,-3],[-15,-15],[-7,-14],[-19,-17],[-4,10],[14,17],[20,21],[2,3],[3,8],[11,13],[11,10]],[[27117,61155],[-2,-15],[-16,-19],[-12,3],[-6,8],[15,15],[21,8]],[[27186,62721],[8,2],[3,-8],[-5,-6],[7,-11],[5,-13],[-14,-4],[7,15],[-5,9],[-22,16],[15,3],[1,-3]],[[27771,63439],[127,-24],[2,-152],[-64,-51],[-77,-98],[-46,60],[50,69],[-49,24],[-103,108],[160,64]],[[27602,63290],[5,0],[0,-10],[-19,-3],[-7,11],[10,6],[11,-4]],[[24697,62796],[26,31],[74,-8],[67,6],[73,30],[191,11],[143,-21],[57,-158],[-16,-69],[41,-198],[-46,-83],[35,-80],[75,-90],[22,-63],[-29,-77],[-66,-57],[50,-46],[-9,-45],[23,-76],[27,-36],[11,-68],[55,-87],[-68,4],[16,-77],[-60,-29],[-38,-55],[29,-130],[64,38],[84,-32],[30,-65],[-52,-56],[72,-110],[-57,-40],[-93,-176],[7,-113],[-39,-21],[-29,-98],[-37,13],[-79,-98],[-105,-33],[-37,61],[0,91],[73,90],[-20,38],[-132,-149],[-55,-17],[16,-44],[-9,-19],[34,-20],[-75,-15],[-46,-61],[50,-38],[124,-4],[25,-54],[-46,-61],[-95,-66],[-49,7],[-43,52],[-34,-8],[-91,-95],[-64,-102],[-65,-138],[-115,6],[8,-72],[74,21],[-18,-168],[-91,-35],[-23,93],[-66,-24],[28,-50],[-80,-51],[69,-62],[-26,-61],[-23,12],[-11,-21],[-125,0],[-111,-93],[-35,72],[-89,2],[26,-91],[-80,-108],[-80,8],[-4,93],[-16,26],[-19,-55],[-52,-28],[-80,74],[41,34],[23,132],[78,11],[43,33],[-18,123],[-187,43],[-52,64],[-68,-60],[-37,74],[32,56],[9,42],[27,51],[23,55],[45,32],[5,45],[50,61],[87,59],[16,15],[4,11],[23,40],[9,26],[118,29],[7,-140],[73,149],[73,-42],[61,-107],[3,-80],[89,-2],[2,59],[34,38],[-3,75],[39,40],[-47,51],[-62,-23],[-32,59],[-132,34],[-11,-77],[-50,-17],[-18,56],[-85,8],[3,30],[-5,11],[-20,2],[-26,-7],[-41,-17],[-16,-25],[-93,-17],[5,23],[-7,26],[13,21],[-22,83],[-96,19],[-11,83],[13,80],[-50,134],[10,17],[7,25],[-1,11],[23,47],[9,6],[9,17],[23,28],[25,40],[50,13],[2,57],[-47,13],[11,10],[7,19],[11,4],[2,3],[0,2],[0,4],[33,28],[8,21],[-9,27],[12,2],[9,22],[-4,48],[50,69],[0,27],[-12,8],[32,134],[9,9],[-2,12],[11,13],[25,11],[50,63],[39,64],[43,96],[80,104],[-21,101],[42,126],[58,12],[-61,179],[-38,78],[-23,30],[-44,-4],[-122,89],[57,46],[15,20],[19,0],[18,16],[100,-17],[-43,-93],[13,-46],[76,-66],[184,10],[48,47],[86,28],[121,101],[170,92]],[[26639,60937],[73,-60],[62,39],[20,-68],[-84,-75],[-9,-38],[-19,-32],[-2,-17],[-125,-135],[-73,-11],[-43,-49],[-73,15],[-45,36],[43,59],[100,0],[-34,155],[63,41],[60,108],[86,32]],[[26307,61092],[45,-49],[85,-43],[82,-65],[-10,-43],[-79,6],[-68,-74],[-60,38],[18,39],[-116,23],[-20,83],[34,40],[59,-55],[30,100]],[[23971,59371],[87,-98],[-18,-19],[-10,-24],[99,-86],[-30,-81],[-103,157],[-68,-49],[-50,-76],[-21,91],[60,104],[-12,53],[66,28]],[[24887,60215],[59,-30],[20,-53],[-36,-38],[-94,-25],[-11,93],[62,53]],[[26601,61130],[34,-79],[-46,-31],[-64,57],[5,46],[71,7]],[[25662,61215],[1,-123],[-53,-15],[3,104],[49,34]],[[26213,60786],[7,-21],[-32,-36],[-40,4],[65,53]],[[24370,59477],[4,-62],[-47,2],[-23,5],[66,55]],[[23446,59335],[49,-45],[-43,-11],[-6,56]],[[24697,62881],[-18,-34],[-70,27],[64,17],[24,-10]],[[26420,61359],[16,-30],[-24,-25],[-9,40],[17,15]],[[23520,59540],[19,-19],[-19,-13],[-8,-29],[-23,-7],[11,39],[11,25],[9,4]],[[24162,59171],[5,-36],[27,-40],[-29,-2],[-11,29],[8,49]],[[26680,60977],[7,-23],[-16,-17],[-14,31],[23,9]],[[25344,62800],[9,-2],[2,-11],[-6,-21],[-7,-6],[-16,0],[-5,4],[-2,10],[9,13],[5,9],[11,4]],[[26111,60829],[4,-1],[-4,-14],[-12,-19],[-18,-15],[-11,0],[-5,14],[16,3],[7,8],[-6,17],[8,2],[7,-4],[14,9]],[[24092,59256],[7,0],[13,-13],[3,-10],[6,-5],[10,-2],[6,-10],[-6,-5],[-25,9],[-3,10],[-25,22],[14,4]],[[24083,59020],[7,7],[9,-9],[0,-8],[-16,0],[-11,-4],[-9,31],[9,9],[11,-11],[0,-15]],[[26475,60863],[-7,-5],[0,-10],[-6,-9],[-21,-10],[-21,-17],[-6,6],[22,21],[12,9],[14,6],[9,9],[4,0]],[[25633,61433],[0,-8],[20,-13],[-13,-10],[-3,-5],[-15,-2],[-9,11],[4,6],[5,15],[11,6]],[[23869,59330],[-2,-21],[-5,-11],[-14,3],[-7,21],[8,6],[6,-2],[14,4]],[[26792,62634],[-12,19],[5,28],[11,9],[0,-15],[7,-7],[-5,-6],[3,-8],[-7,-3],[-2,-17]],[[25628,61471],[12,-14],[-9,-11],[-12,11],[-6,-19],[-9,4],[-3,10],[16,13],[5,7],[6,-1]],[[23520,58967],[1,-10],[-9,-9],[0,-10],[11,-11],[4,-8],[-15,-2],[-10,16],[3,15],[6,2],[9,17]],[[24484,59646],[4,-12],[-16,-28],[-5,6],[10,22],[7,12]],[[26216,60635],[11,-6],[-5,-11],[-9,-14],[-7,16],[8,7],[2,8]],[[33434,73215],[159,2],[143,-120],[133,-32],[56,95],[108,-76],[-23,-41],[100,-63],[43,-87],[46,-26],[97,-19],[37,21],[207,19],[116,-21],[36,-74],[82,-4],[73,42],[292,-8],[97,-41],[119,11],[7,-42],[61,-11],[50,25],[-84,119],[-4,89],[314,264],[48,-54],[47,71],[11,95],[74,62],[13,70],[98,14],[-21,87],[80,19],[-66,69],[25,74],[62,34],[61,-53],[121,46],[61,56],[59,-24],[89,81],[52,8],[39,-114],[75,2],[-16,114],[105,53],[61,-51],[112,0],[-4,-80],[143,-42],[91,76],[59,-93],[43,-13],[-9,-81],[112,66],[54,-59],[55,-134],[82,-100],[73,4],[66,-254],[50,-87],[59,-3],[89,-154],[20,-7],[19,-4],[29,-66],[-7,-59],[60,-115],[6,-159],[30,-32],[-45,-80],[-55,-177],[-27,-154],[13,-90],[69,24],[-3,-282],[-93,12],[-69,-176],[-74,-123],[-32,-108],[-18,-145],[-19,-33],[-121,2],[-124,63],[2,45],[-92,51],[-58,-26],[-146,34],[-7,-74],[-62,-45],[85,-46],[6,-72],[69,-64],[-21,-164],[-80,-17],[-93,9],[-48,-25],[-156,-19],[-17,-68],[25,-34],[-16,-94],[-99,-30],[-187,51],[-77,-23],[-76,51],[-36,102],[-132,19],[-196,-68],[-20,-136],[-3,-161],[68,-191],[-9,-85],[25,-140],[10,-40],[11,-85],[30,-64],[43,-21],[52,2],[126,-78],[66,-9],[31,11],[310,-117],[89,106],[116,53],[380,110],[50,-150],[45,23],[-45,142],[112,41],[93,2],[109,-47],[239,-172],[0,-36],[102,-89],[62,-23],[0,104],[96,0],[27,-70],[75,31],[39,-33],[187,-26],[42,13],[24,12],[6,5],[7,-2],[5,2],[31,12],[17,0],[8,7],[62,12],[18,-10],[69,13],[122,66],[117,-66],[-30,95],[134,66],[160,21],[-114,-227],[-5,0],[-7,-4],[-7,0],[-11,-2],[-54,8],[-62,-117],[48,-63],[-44,-94],[-20,-8],[-4,-4],[-3,-7],[-22,-12],[-42,-81],[69,-32],[-14,-13],[-13,-6],[-10,-10],[-22,-32],[-35,10],[-70,-76],[-80,-17],[-80,-115],[-63,-121],[55,-116],[-157,-117],[6,-32],[-77,-87],[82,15],[23,-59],[16,14],[100,-12],[148,-64],[114,83],[17,44],[58,28],[75,-2],[-21,-26],[-9,-42],[45,-4],[26,-13],[81,27],[53,43],[95,-24],[30,-35],[-116,-51],[-57,-105],[-114,17],[-25,-86],[-196,-109],[126,-119],[109,15],[39,53],[70,-65],[60,-13],[43,59],[48,-53],[-26,-76],[76,17],[75,-21],[7,61],[43,76],[-23,115],[48,-6],[-2,-115],[52,-74],[-3,-24],[7,-23],[80,-23],[12,55],[100,-6],[-14,-58],[71,-29],[118,57],[-34,108],[34,55],[-2,60],[82,-4],[-19,-121],[50,-83],[34,-89],[-36,-62],[-52,21],[-66,-27],[-62,-70],[-132,15],[-63,33],[-55,-16],[-57,38],[-48,-53],[-43,48],[-84,-80],[2,-121],[-20,-68],[-148,-149],[57,-99],[-37,-73],[-48,62],[-66,-68],[69,-34],[-7,-66],[123,-70],[48,17],[70,-31],[-23,-79],[96,-28],[9,-78],[66,15],[11,44],[109,-131],[44,23],[59,-23],[80,-68],[86,59],[62,-6],[-23,-70],[107,-47],[104,74],[92,-6],[-3,123],[85,-51],[122,-17],[71,7],[28,17],[34,-37],[56,-8],[-4,-25],[5,-41],[18,-48],[-67,-1],[1,15],[-32,11],[-19,0],[1,15],[-7,6],[-12,6],[-38,-23],[-39,15],[-20,34],[-28,-28],[-48,-4],[-47,-25],[-50,31],[-17,0],[-22,-4],[-34,-12],[-66,-41],[-19,-72],[-18,7],[-13,4],[-28,-32],[5,-30],[9,-10],[-9,-36],[2,-34],[4,-3],[0,-38],[-90,38],[-44,49],[10,60],[-126,6],[41,-79],[2,-137],[37,-90],[79,45],[57,-55],[-40,-36],[0,-66],[-44,-7],[-72,-74],[-28,-74],[-59,9],[-34,-66],[-82,-96],[-62,-15],[-7,-49],[55,-67],[12,-121],[25,-5],[47,102],[96,-57],[45,61],[-95,96],[86,47],[44,-38],[48,-37],[84,-14],[0,-98],[-23,-15],[-25,-28],[-25,-8],[-9,-8],[-34,-9],[-28,-13],[-34,-23],[-80,-74],[-20,-15],[-12,-17],[-6,-24],[9,-19],[9,-12],[20,0],[-40,-75],[-67,24],[23,78],[-98,56],[-64,-37],[19,-72],[-100,-119],[-26,11],[-33,4],[-48,79],[-28,-85],[-111,74],[-30,-80],[-64,34],[44,63],[-5,70],[-91,11],[-25,-128],[75,-108],[-47,-21],[-39,38],[-32,100],[-59,-47],[25,-70],[-62,-40],[93,-121],[-49,-129],[97,-30]],[[39165,64761],[-100,-53],[-98,-4],[-120,-41],[-23,115],[46,80],[-44,204],[34,60],[7,70],[87,154],[-9,147],[-87,-34],[-112,17],[-82,100],[-147,-75],[-69,26],[-34,-28],[-50,58],[-5,55],[-150,32],[-122,-5],[-55,-32],[-94,-19],[-9,-127],[-29,-21],[-27,-180],[-78,-64],[-48,-166],[-47,-19],[-85,28],[-164,-60],[-127,7],[-102,25],[-62,-13],[-127,41],[-60,-15],[-173,21],[-56,-10],[-87,-128],[-86,-66],[-108,11],[-68,28],[-89,6],[-31,40],[-69,9],[-98,57],[-31,43],[20,155],[54,104],[-197,146],[-78,91],[-71,115],[-99,-58],[-73,-21],[-141,-4],[-46,-98],[-82,-63],[-173,15],[-178,-39],[-118,-59],[-63,15],[-62,55],[16,61],[-30,107],[-55,53],[-88,-3]],[[39744,69939],[-1,-5],[0,-8],[-4,-4],[0,-4],[0,-3],[7,-8],[-7,-11],[-27,-4],[-9,-8],[-5,6],[-2,0],[-2,-2],[0,2],[-1,-2],[-2,0],[-39,-24],[-47,56],[139,19]],[[39231,69552],[9,-6],[5,-6],[-2,-6],[4,-9],[-4,-9],[-9,-2],[-9,-4],[4,9],[-13,8],[-8,0],[-6,-2],[-3,-4],[-8,6],[4,6],[9,1],[4,4],[3,0],[2,0],[7,2],[11,6],[0,6]],[[39571,67382],[54,-49],[-88,-89],[18,-32],[81,-17],[-100,-62],[-50,-78],[-66,-9],[-52,79],[116,102],[-9,114],[50,45],[46,-4]],[[40715,67008],[10,-11],[6,-17],[25,-2],[-9,-21],[12,-19],[-19,-15],[12,-49],[-70,-82],[-32,89],[52,36],[13,91]],[[39354,65098],[119,-53],[0,-53],[-39,0],[-14,-10],[-11,10],[-12,-6],[-4,6],[-9,2],[-11,-8],[-26,23],[23,30],[-16,59]],[[39504,64576],[17,-2],[6,-21],[-9,-19],[19,-9],[-44,-70],[-36,53],[47,68]],[[39750,66947],[1,-43],[-24,0],[-9,40],[32,3]],[[39381,67373],[-17,-51],[-16,26],[33,25]],[[40477,66452],[8,-21],[19,-13],[0,-13],[5,-4],[-5,-10],[-3,0],[-16,16],[-6,-2],[4,20],[-13,12],[2,2],[-4,7],[9,6]],[[40370,66077],[4,-1],[0,-4],[4,-2],[5,2],[5,-8],[-12,-13],[-20,4],[-5,-6],[-6,19],[6,6],[12,0],[7,3]],[[40697,67040],[12,-8],[2,-11],[-23,2],[-11,9],[13,8],[7,0]],[[38961,68623],[16,-25],[-33,-20],[-17,26],[34,19]],[[38765,68960],[9,-8],[9,2],[4,-15],[-9,-10],[-15,15],[-7,2],[-2,10],[11,4]],[[40190,68309],[47,-45],[-41,-53],[-63,60],[57,38]],[[40037,68890],[-34,-48],[-43,31],[27,17],[50,0]],[[39932,68791],[12,-36],[-34,-20],[-43,0],[4,26],[46,11],[15,19]],[[39234,68252],[-3,-5],[16,-27],[2,-7],[-13,-6],[-4,-6],[-16,4],[-3,26],[9,6],[5,12],[7,3]],[[37411,74399],[97,-19],[59,-44],[-118,-66],[-43,-70],[-41,-13],[-62,41],[-98,6],[-107,-47],[98,132],[80,-4],[103,99],[32,-15]],[[39165,64761],[-70,-64],[-11,-57],[-48,12],[-67,0],[-34,-52],[3,-11],[7,-11],[13,4],[-7,-19],[16,-19],[28,-6],[-5,-43],[-118,32],[-34,-131],[65,-57],[-88,-117],[-43,70],[-50,21],[-41,66],[-80,-36],[-12,-56],[1,-99],[-41,2],[-71,-32],[-87,-112],[0,-81],[-47,-2],[-5,104],[-59,-30],[-20,-4],[4,-6],[0,-3],[4,-4],[-34,-32],[-4,-19],[0,-46],[-71,-9],[35,-114],[-37,-47],[30,-11],[59,-2],[-7,-34],[5,-30],[-69,-57],[-16,-47],[-14,-17],[0,-14],[28,-39],[-55,-65],[-38,-7],[24,-47],[-70,-25],[-29,-42],[-14,-49],[-21,-7],[-47,-8],[-17,9],[-95,-18],[-34,17],[-25,-8],[-50,-49],[-100,-155],[-44,-91],[-57,-191],[1,-78],[45,-87],[-41,-102],[13,-36],[131,-15],[-23,68],[47,38],[51,-21],[20,-54],[-4,-10],[-5,-2],[4,-4],[0,-3],[3,-15],[-7,-4],[-3,-6],[1,-4],[2,-2],[4,-2],[-7,-7],[-4,-10],[-2,-11],[22,-15],[26,9],[0,-3],[7,-4],[4,0],[4,-2],[28,6],[39,-19],[2,-25],[16,-4],[0,-34],[-28,-13],[-4,-28],[-7,-4],[-5,-6],[0,-5],[-20,-12],[-36,-5],[-1,-40],[-43,4],[-116,-121],[-23,3],[-22,-1],[-3,0],[-2,0],[2,-2],[-2,-2],[-4,-2],[-1,0],[-2,0],[-2,2],[-7,-2],[-4,-2],[-12,13],[-4,4],[-3,4],[-7,4],[-15,-6],[-7,17],[-7,6],[-4,3],[-28,15],[27,40],[-22,42],[-28,-30],[-118,30],[-25,-32],[7,-106],[-46,-25],[-13,-89],[16,-58],[34,-42],[82,-42],[75,2],[50,-90],[-41,-35],[48,-54],[9,-61],[-53,-9],[-15,-14],[-35,-3],[-79,-48],[-2,12],[-12,7],[-27,-7],[-10,7],[-17,4],[-71,-49],[-82,-204],[-21,-82],[32,-75],[-9,-4],[-22,-6],[-10,-11],[-9,0],[-32,-36],[-29,-95],[2,-3],[4,-2],[0,-8],[5,2],[14,-4],[-5,-5],[0,-2],[2,0],[3,-2],[2,0],[4,-4],[-11,-25],[28,-7],[0,-6],[4,-11],[-11,-6],[4,-7],[-4,-4],[-2,-4],[8,0],[-2,-9],[-2,-6],[4,-6],[3,-13],[-48,-2],[-150,-151],[-102,-193],[-57,-142],[-64,-200],[-2,-99],[-41,-73],[31,-44],[-22,-104],[-82,-199],[-80,-278],[-4,-94],[-74,-210],[-36,-200],[7,-46],[-43,-138],[-73,-157],[-48,-140],[-52,-178],[-37,-179],[-22,-40],[-80,-248],[-119,-421],[-79,-303],[-44,-235],[-59,-60],[75,-32],[-36,-159],[-55,-61],[-4,-64],[41,-76],[-45,-13],[-33,-123],[-9,-261],[26,-174],[81,-113],[55,-19],[-14,-51],[109,-117],[44,-2],[-98,-220],[-43,-43],[-28,-95],[28,-49],[-66,-94],[34,-55],[4,-70],[-40,-25],[-39,-87],[9,-64],[-32,-59],[103,-102],[-139,-49],[7,-115],[74,-4],[16,-157],[44,-74],[-85,11],[-43,-81],[75,-45],[-43,-85],[-34,5],[-53,-75],[-116,-61],[-72,-17],[-55,-77],[-79,-190],[-58,-32],[3,-72],[-34,-134],[-53,29],[-68,-69],[7,-81],[29,-40],[-4,-81],[-55,-123],[-36,-136],[91,-30],[-14,-85],[46,-87],[-43,-51],[-66,-12],[-103,-64],[-2,-134],[70,-87],[-7,-40],[17,-83],[-12,-82],[-9,-1],[-20,-17],[-3,-38],[-9,-4],[-5,-11],[-97,-33],[-85,-54],[-7,-12],[-9,-49],[26,-60],[-87,-8],[-11,-89],[27,-89],[120,-81],[-31,-81],[-82,-25],[-109,43],[-57,72],[-12,127],[-36,44],[-114,-46],[-66,-7],[-50,-34],[-43,5],[-48,-7],[-37,-8],[-31,-9],[-28,11],[-45,4],[-66,51],[-44,83],[-31,193],[52,38],[-4,83],[-135,47],[-54,78],[-117,77],[12,48],[-84,26],[-75,11],[-48,0],[-35,-66],[-136,117]],[[33229,52296],[32,114],[-9,100],[64,99],[8,77],[57,40],[146,53],[32,58],[5,131],[-33,76],[-15,130],[-50,47],[102,97],[30,125],[-66,147],[-84,81],[-16,65],[34,117],[-75,38],[-83,70],[-13,38],[-78,-2],[-90,-63],[-165,-41],[-45,39],[-61,2],[-112,136],[-45,16],[-51,71],[-82,65],[-56,-21],[-149,-240],[-18,66],[-38,17],[-12,102],[-75,91],[-48,9],[-56,110],[20,81],[-25,91],[41,55],[-82,76],[-45,75],[38,110],[-20,236],[-69,6],[-73,-32],[-59,49],[-100,6],[-4,70],[86,64],[27,55],[-40,87],[-55,-15],[-71,58],[-39,-28],[-304,45],[-32,78],[-64,89],[-70,-27],[-69,4],[-86,51],[-48,-9],[-36,92],[-26,8],[10,127],[29,45],[-45,104],[66,13],[40,61],[-11,89],[55,164],[64,64],[95,12],[-2,2],[-105,-2],[-25,28],[-59,146],[-102,179],[-103,116],[-34,0],[-32,40],[-139,45],[-196,-15],[-93,83],[-46,4],[12,104],[-43,55],[-10,66],[-84,55],[-47,183],[-14,180],[-127,85],[-23,79],[-91,29],[-98,115],[-262,100],[2,182],[101,83],[38,146]],[[35826,55638],[3,-4],[-10,-15],[-20,-5],[-5,5],[11,14],[21,5]],[[38614,64065],[32,-53],[116,-22],[-40,-17],[-19,-27],[-22,-62],[-121,26],[4,112],[50,43]],[[38831,64182],[11,-26],[-23,-17],[-7,28],[8,4],[11,11]],[[38920,64287],[7,-2],[6,-8],[-4,-9],[-7,-4],[-7,2],[-4,17],[9,4]],[[35277,53076],[21,-65],[27,-37],[-27,-42],[0,-17],[5,-23],[16,-13],[-44,-27],[-57,112],[59,112]],[[35296,53193],[6,-30],[-6,0],[-5,-10],[-4,21],[9,19]],[[35391,52680],[3,6],[2,-4],[-2,-2],[-1,-5],[-4,0],[2,5]],[[35014,52244],[-7,-76],[-16,9],[-19,6],[3,42],[39,19]],[[35109,52469],[18,-14],[-2,-13],[-4,2],[4,-11],[0,-6],[-5,-8],[7,-1],[-4,-10],[-37,38],[23,23]],[[35091,52245],[-2,-9],[-5,-11],[-5,-27],[-8,0],[-5,6],[5,24],[8,12],[12,5]],[[33712,51990],[-3,-19],[-14,-5],[-4,7],[7,11],[14,6]],[[37395,62085],[8,-24],[-4,-14],[5,-11],[-37,9],[28,40]],[[37906,62045],[5,-15],[0,-7],[-11,-6],[-7,0],[-2,4],[-3,4],[0,17],[18,3]],[[33229,52296],[-52,35],[-7,18],[-14,-5],[-30,13],[-90,-9],[-53,32],[-43,5],[-28,33],[-115,-4],[-17,-57],[-88,-110],[-59,46],[-30,-53],[-48,21],[-145,-118],[-103,-119],[-125,-183],[-98,-195],[-37,-146],[3,-204],[57,-43],[202,-57],[30,-30],[86,-40],[69,-13],[43,5],[55,-39],[136,-42],[52,11],[-2,-102],[16,-70],[-86,-83],[-48,-19],[-19,-45],[-18,-32],[-106,-55],[22,-114],[61,-49],[65,40],[129,-30],[107,62],[11,43],[69,-18],[13,-46],[-16,-30],[-8,-2],[-8,-11],[-6,0],[-7,-8],[-34,-36],[-14,4],[-16,-4],[-20,-30],[-25,-4],[-16,-17],[-23,-62],[-23,-4],[-16,-10],[-2,2],[-7,-3],[-5,1],[-17,-5],[-30,-34],[-78,-42],[-52,-47],[-25,-61],[-18,-19],[-19,-28],[-34,-34],[-15,-21],[-30,-11],[-86,-8],[-83,23],[-52,-23],[-21,2],[-8,8],[-23,5],[-2,2],[-9,0],[-90,4],[-86,-130],[27,-38],[-11,-27],[11,-30],[-45,-64],[-16,-48],[7,-35],[-89,-50],[-61,-60],[20,-53],[-121,-64],[-7,-61],[57,-30],[3,-51],[-37,-51],[-97,-80],[-124,-55],[-65,-51],[-34,-17],[-23,-5],[-23,0],[-9,-17],[-59,17],[-46,-114],[-121,-4],[-195,-138],[-28,-37],[-64,3],[-86,-36],[-87,-19],[-118,40],[-72,-62],[-73,17],[-50,-80],[-71,29],[-46,-95],[-73,-26],[-45,-51],[-41,9],[-46,-11],[-72,-85],[-50,41],[-57,-15],[-23,-47],[-132,-89],[-77,-4],[-10,-30],[23,-87],[-34,-42],[-32,19],[-29,2],[-60,-28],[-22,-49],[-109,17],[40,-103],[-47,-104],[-80,55],[-39,-9],[-14,-110],[-18,10],[-16,0],[-4,-4],[-43,89],[66,47],[-12,34],[110,182],[-17,102],[19,77],[-28,40],[37,49],[-71,66],[-93,29],[4,43],[76,91],[122,36],[21,60],[136,69],[99,122],[138,19],[85,131],[24,11],[26,78],[11,13],[4,13],[21,51],[4,21],[12,15],[20,59],[21,102],[66,127],[-37,123],[-75,96],[12,32],[-2,38],[-5,15],[61,47],[53,82],[9,49],[34,81],[125,97],[9,174],[46,179],[-16,104],[-21,93],[34,96],[44,67],[25,143],[-77,120],[-30,111],[-41,21],[-48,100],[-20,115],[-46,78],[-43,142],[-44,62],[-42,116],[-89,111],[-60,49],[-63,93],[-189,61],[-57,34],[-28,155],[-36,5],[-2,106],[43,51],[12,61],[-23,89],[20,58],[11,93],[64,64],[2,89],[-72,140],[-80,-40],[-54,-68],[-58,63],[-77,22],[-84,-18],[-84,-46],[-46,-15],[-95,115],[-59,42],[-66,9],[4,48],[-46,72],[-40,-12],[-83,74],[-9,78],[125,81],[41,108],[121,115],[134,4],[89,41],[130,23],[48,-23],[38,38],[37,-72],[64,31],[61,-34],[5,-44],[109,-157],[-16,-43],[50,-36],[4,-46],[-65,-72],[48,-53],[-41,-75],[82,-32],[-115,-63],[149,2],[88,15],[134,-5],[119,49],[13,41],[73,50],[82,126],[7,83],[-13,89],[77,89],[-2,53],[43,133],[71,90],[72,38],[37,142],[-46,144],[-50,89],[-70,49],[-21,62],[-64,76],[-88,-6],[-126,47],[-104,-7],[-34,23],[-155,11],[-18,77],[-69,25],[-27,47],[-87,0],[-98,70],[-65,23],[-112,-66],[-98,4],[-112,-78],[-108,-91],[-48,25],[-64,-80],[-46,-87],[9,-43],[-48,-117],[16,-68],[55,-163],[-55,-8],[-65,-100],[-9,-127],[-73,-66],[-142,-96],[-29,-116],[-78,-60],[5,-59],[48,-115],[-5,-87],[-80,-231],[-83,-26],[-24,-61],[-43,-22],[-18,-127],[-43,-146],[-96,21],[-11,-47],[112,-32],[-19,-165],[-48,8],[-40,72],[-58,-16],[8,-79],[38,-108],[111,-15],[-6,-74],[-135,17],[-16,-53],[41,-94],[-8,-17],[6,-89],[52,-129],[-8,-62],[31,-108],[94,-159],[89,55],[68,-102],[-84,-61],[-16,-51],[152,-505],[87,-124],[73,-51],[49,-27],[74,-89],[65,10],[116,-163],[116,-47],[190,-8],[65,-41],[-79,-101],[-57,-115],[2,-106],[62,-129],[-26,-32],[-113,-2],[-93,-60],[134,-80],[-44,-117],[-118,-92],[-102,22],[-100,-9],[-98,-83],[-12,-48],[39,-56],[-57,-23],[-180,149],[-82,23],[-111,-110],[-82,-36],[-34,14],[-14,-2],[-50,13],[-78,89],[-4,179],[61,48],[-57,145],[-49,76],[-135,155],[-96,78],[-122,58],[-126,13],[-107,-58],[-43,28],[-102,-9],[-85,49],[-125,-27],[-45,19],[-112,-7],[-147,-10],[0,14],[-28,-2],[-7,21],[-9,-2],[-13,7],[-21,8],[-148,-6],[-57,21],[-73,93],[-70,-31],[-118,36],[-14,-126],[-59,-52],[-107,69],[-19,3],[0,14],[-13,1],[-12,-13],[-29,0],[-75,-34],[-18,19],[-10,34],[-2,4],[-9,4],[-132,-53],[-27,-25],[-23,-17],[-9,25],[-9,5],[-1,6],[7,10],[-11,1],[0,4],[-4,0],[-7,-2],[-7,23],[14,8],[4,32],[50,21],[2,98],[69,53],[-23,41],[-77,-1],[-25,68],[-58,-74],[-63,89],[34,43],[153,46],[38,49],[-95,147],[-62,10],[-27,-42],[-118,-9],[-8,49],[-72,24],[-14,51],[109,25],[14,-15],[23,-10],[86,72],[23,110],[-41,40],[-30,9],[-45,46],[-37,85],[-129,-4],[-11,9],[2,16],[-7,20],[0,12],[-7,13],[-18,13],[-39,-6],[-39,70],[-38,27],[-48,51],[-11,34],[-23,44],[-7,5],[-9,42],[-30,38],[-16,13],[-114,81],[-56,2],[-87,-32],[25,85],[105,17],[100,-64],[61,39],[28,63],[70,36],[32,81],[75,-43],[30,-140],[55,13],[48,-36],[27,-76],[123,-22],[22,-21],[171,-34],[71,72],[154,83],[25,-2],[128,83],[166,257],[127,244],[46,121],[55,137],[55,202],[33,155],[26,204],[11,165],[-5,193],[-18,153],[-38,185],[-28,93],[-70,142],[-25,0],[-3,17],[-2,5],[-7,-2],[0,6],[-22,8],[-44,7],[-27,-11],[-3,79],[-90,188],[-103,155],[-55,24],[-25,-5],[-9,3],[-9,-2],[-2,2],[-5,0],[-6,-5],[11,79],[-27,64],[-64,6],[-32,87],[-73,23],[-73,62],[-36,63],[-123,94],[-102,-17],[-57,-76],[-46,25],[23,78],[-28,130],[-43,80],[-68,58],[-43,99],[54,58],[0,136],[57,32],[60,176],[63,72],[28,95],[-21,38],[20,62],[37,47],[54,27],[24,49],[40,108],[-11,53],[41,24],[25,146],[-39,62],[9,89],[-4,23],[-3,41],[-31,76],[6,80],[-6,39],[-25,97],[-34,92],[-69,53],[11,65],[-49,47],[-57,2],[-80,111],[16,67],[-12,75],[57,-4],[44,27],[18,62],[-23,51],[28,59],[72,25],[18,85],[-15,62],[32,47],[-25,108],[-44,74],[-136,19],[11,-78],[-102,70],[-1,97],[30,28],[7,144],[45,45],[69,4],[14,47],[163,91],[41,-6],[85,42],[54,-6],[143,0],[57,-22],[48,-67],[36,95],[44,-25],[-16,-92],[125,-72],[185,-11],[52,85],[175,77],[125,106],[16,89],[71,64],[-37,102],[19,63]],[[28285,52998],[-50,21],[9,23],[52,-16],[-11,-28]],[[29666,53823],[-11,-25],[-22,-9],[9,43],[24,-9]],[[28376,53613],[0,-32],[-28,0],[-2,17],[5,7],[25,8]],[[28777,53112],[-3,-16],[3,-13],[-12,-13],[-5,6],[-2,11],[14,26],[5,-1]],[[25080,57800],[43,-68],[-27,2],[-16,66]],[[25057,57877],[5,2],[6,-32],[-11,-11],[-9,2],[5,13],[-3,23],[7,3]],[[25902,58982],[24,-15],[-22,-15],[-21,9],[19,21]],[[29277,50536],[35,-30],[-37,-48],[-41,25],[43,53]],[[29434,52968],[-2,-13],[-9,-12],[-11,8],[4,17],[11,6],[7,-6]],[[21973,55491],[25,-46],[70,-38],[-29,-54],[27,-89],[-59,-97],[2,-26],[-4,-34],[4,-6],[-61,-34],[-32,-36],[14,-74],[-51,-106],[-40,-119],[-87,-26],[-11,66],[-69,4],[-72,-112],[-12,-24],[12,-10],[-3,-41],[41,-16],[-9,-68],[-39,-26],[-25,-61],[-81,-90],[13,-101],[89,-58],[-94,-65],[17,-47],[-66,-30],[-19,-55],[-52,-11],[4,-15],[19,-14],[6,-11],[3,0],[4,-6],[0,-3],[3,0],[2,-4],[-52,-15],[2,81],[-76,19],[-34,-40],[-4,-94],[-94,0],[-4,64],[-152,111],[-46,108],[-4,12],[0,11],[0,8],[-1,5],[-7,6],[-8,21],[6,13],[64,26],[34,-24],[94,24],[-3,82],[18,92],[76,116],[-19,91],[89,45],[2,36],[-9,26],[39,95],[91,47],[61,0],[124,47],[79,53],[7,-26],[61,32],[48,-8],[21,57],[66,-30],[41,66],[7,70],[77,140],[-61,49],[34,118],[-7,49]],[[22521,56383],[89,-55],[87,-90],[66,-104],[122,-48],[16,-49],[101,-41],[63,62],[-75,62],[3,93],[132,11],[-16,-49],[59,-108],[-71,-26],[-14,-81],[69,-8],[7,-138],[-91,-72],[-21,42],[-70,7],[-71,-79],[-2,0],[-3,-2],[-2,-4],[-6,4],[-16,-2],[-42,-15],[-4,-6],[-130,-19],[-23,34],[19,72],[-71,-7],[-34,64],[14,95],[-41,15],[-80,-46],[9,97],[-45,62],[77,29],[-84,77],[-69,-60],[-18,-148],[-84,95],[-36,130],[50,17],[38,44],[59,132],[139,13]],[[22419,55763],[27,-43],[-55,-89],[62,-46],[-66,-32],[-61,-66],[-18,-51],[31,-97],[-55,-2],[-58,50],[-19,168],[41,40],[16,106],[155,62]],[[22458,55869],[-26,-78],[-45,38],[52,12],[19,28]],[[23395,56232],[16,-4],[19,-9],[0,-8],[-19,-4],[-22,6],[-7,8],[13,11]],[[23336,56092],[2,-7],[5,-10],[-7,-9],[-9,0],[-13,-6],[-9,6],[-3,7],[18,10],[3,9],[9,4],[4,-4]],[[29635,54723],[18,-13],[-39,-19],[7,28],[14,4]],[[29564,54626],[12,-5],[9,2],[6,-6],[-7,-13],[-15,-4],[-9,6],[-3,7],[7,13]],[[25209,55007],[1,-10],[-1,-6],[-20,-13],[-4,12],[2,7],[16,13],[6,-3]],[[19205,49753],[57,-25],[-50,-68],[-9,-41],[13,-19],[-7,-61],[-20,17],[-28,6],[-13,64],[38,10],[19,117]],[[25118,51347],[-25,-38],[5,-53],[-59,8],[23,40],[56,43]],[[19414,49866],[30,-62],[-25,-36],[-32,21],[36,36],[-9,41]],[[19102,46347],[10,-23],[-23,-11],[-27,-32],[-1,38],[34,13],[7,15]],[[19362,46483],[14,-38],[-21,4],[-20,-4],[27,38]],[[19029,46175],[8,-19],[-8,-8],[-15,10],[13,13],[2,4]],[[19041,46254],[18,-11],[-4,-10],[-14,2],[2,8],[-11,4],[9,7]],[[32867,52026],[20,-49],[-38,9],[18,40]],[[32796,52255],[-164,-218],[48,67],[37,49],[79,104],[0,-2]],[[25838,60495],[2,-68],[61,-65],[33,-100],[-76,-11],[-16,-59],[-84,-40],[-4,-32],[-96,-62],[-73,6],[-105,-93],[-32,24],[37,82],[-4,161],[77,124],[52,-41],[32,109],[118,16],[78,49]],[[25159,59746],[12,-80],[52,-28],[25,-85],[71,-100],[46,-38],[-89,-81],[-35,-74],[23,-125],[80,15],[79,-53],[23,-85],[-34,-47],[-100,-13],[-112,-103],[-24,-208],[-78,-177],[5,-46],[-85,-30],[-70,43],[18,57],[-7,25],[-34,39],[-62,-11],[-79,97],[-77,28],[-14,51],[-36,21],[29,127],[-21,24],[25,91],[-38,76],[-20,24],[-10,95],[-75,39],[-25,103],[41,73],[139,80],[-107,28],[2,95],[51,28],[72,-40],[87,40],[146,-83],[-7,85],[65,91],[67,-38],[81,70]],[[25260,60130],[25,-74],[-48,-83],[-39,-13],[-29,-38],[9,-87],[-46,-84],[-73,29],[46,164],[75,42],[93,100],[-13,44]],[[25324,59893],[58,-47],[-4,-93],[55,-41],[29,-57],[-9,-96],[-64,49],[-36,-51],[-39,79],[-2,64],[36,57],[-38,104],[14,32]],[[25556,59992],[56,-40],[-22,-42],[-34,82]],[[25253,59891],[9,-3],[-2,-12],[-9,-9],[-7,0],[-19,-15],[-9,0],[0,9],[10,19],[9,0],[7,10],[11,1]],[[25225,59736],[-2,-15],[-7,-7],[5,-10],[-23,-2],[-2,2],[-4,17],[9,2],[2,6],[14,2],[8,5]],[[25501,59693],[0,11],[9,12],[7,13],[14,2],[6,-8],[-7,-4],[-8,-11],[-21,-15]],[[25217,60094],[2,-27],[-9,-11],[-12,2],[12,15],[-9,21],[8,5],[8,-5]],[[32123,51338],[-39,11],[16,121],[82,8],[23,-95],[-82,-45]],[[29243,47796],[3,-19],[-5,-8],[-9,4],[-11,7],[9,12],[13,4]],[[4744,1643],[9,-3],[9,3],[5,-9],[20,-6],[-12,127],[58,-6],[131,174],[105,15],[39,-17],[70,91],[64,13],[134,112],[25,144],[-38,9],[-25,108],[-52,8],[-28,79],[27,113],[-38,76],[-25,112],[-3,22],[-16,23],[-38,80],[-11,52],[-33,46],[-77,164],[-25,93],[0,57],[14,128],[-5,103],[52,-14],[33,4],[56,-98],[1,-14],[6,-11],[5,-23],[25,-24],[45,-2],[121,89],[125,127],[82,-84],[34,-9],[107,24],[35,55],[-12,89],[62,44],[25,64],[100,38],[52,40],[34,73],[77,15],[5,61],[-43,77],[32,70],[54,34],[41,-51],[28,36],[25,12],[36,41],[66,-9],[75,-57],[50,21],[9,62],[64,17],[59,50],[87,-19],[23,17],[16,54],[-1,48],[66,30],[42,70],[59,-26],[56,32],[33,53],[47,19],[50,-50],[28,101],[68,70],[61,153],[-4,98],[-105,61],[-43,-4],[-103,57],[-72,60],[-80,11],[-39,40],[-68,11],[-73,-79],[-95,44],[-42,9],[-4,79],[-62,103],[-2,43],[-54,64],[-10,172],[96,95],[-13,83],[-42,63],[-15,9],[-16,10],[-2,3],[-1,2],[0,2],[-2,2],[-23,17],[-20,11],[-2,63],[50,121],[77,5],[59,-24],[27,2],[21,-13],[9,-14],[119,29],[125,9],[155,51],[65,-15],[190,-127],[109,-20],[72,-36],[21,-46],[-98,-60],[-29,-65],[4,-64],[-38,-79],[0,-85],[84,-34],[63,-121],[48,11],[100,-44],[123,89],[77,-21],[83,33],[104,64],[69,15],[63,45],[75,114],[48,19],[164,-40],[-14,76],[-136,49],[-48,77],[114,144],[27,59],[139,28],[96,49],[81,78],[42,55],[4,62],[-39,100],[133,67],[97,24],[46,108],[280,276],[22,79],[108,227],[38,46],[75,168],[0,80],[-75,75],[19,89],[81,70],[59,-8],[14,-18],[-25,-17],[-2,-40],[54,-59],[78,-43],[50,-76],[46,-17],[24,-47],[23,9],[0,6],[-4,7],[23,25],[70,-28],[-14,-125],[73,-89],[28,-61],[23,-34],[-7,-5],[-7,-14],[-3,-35],[26,-106],[-30,-10],[75,-123],[-5,-4],[-2,-7],[0,-2],[2,-4],[0,-4],[3,-11],[-7,-7],[-4,-14],[-1,-13],[-15,-15],[-7,-23],[18,-55],[-25,-83],[45,-40],[-73,-88],[9,-84],[-102,-47],[-27,-81],[-62,-19],[-16,-23],[35,-15],[11,-38],[-68,-36],[4,-81],[-45,-32],[-19,-27],[-31,-19],[-9,-56],[6,-66],[-45,-80],[-77,-30],[4,-40],[-116,-125],[9,-47],[-45,-28],[-10,-25],[-15,-11],[8,-17],[-27,-6],[-16,-36],[-38,-26],[-50,7],[-94,-21],[-34,-28],[-64,-9],[-193,-12],[-18,12],[-37,13],[-13,11],[-112,30],[-93,-15],[-21,-68],[80,-138],[-34,-77],[-46,-19],[-47,30],[-19,-17],[-109,25],[38,-91],[69,-66],[39,-95],[52,-74],[-82,-19],[11,-111],[-107,2],[-129,-42],[-160,-142],[-82,46],[-13,30],[-19,21],[-36,24],[-34,2],[-11,13],[-55,12],[-45,-12],[-17,-24],[-141,9],[71,-119],[16,-76],[55,-77],[-114,0],[-55,-19],[-2,-53],[-55,-28],[-123,41],[-68,-83],[-37,34],[-50,-53],[89,-144],[-13,-64],[-5,-2],[-4,-5],[-10,-8],[-34,-11],[-27,-50],[-14,0],[-9,-7],[-18,-2],[-48,-26],[-120,-33],[-30,51],[-69,4],[-56,-85],[22,-89],[-50,-53],[-4,-85],[-41,0],[-27,-11],[-85,-12],[-63,76],[-160,34],[-48,49],[-116,-11],[-45,30],[-143,-60],[-89,-136],[-10,-19],[17,-36],[-28,-46],[-75,50],[-36,-89],[143,-163],[29,-38],[16,6],[58,-40],[81,-93],[37,-9],[82,-113],[-48,-21],[-20,-119],[123,-207],[74,-64],[71,-34],[80,-85],[66,-193],[-18,-70],[-182,95],[-46,49],[-30,23],[-41,70],[-109,117],[-21,45],[-52,83],[-50,-17],[-114,-79],[-64,-83],[105,-114],[-150,-11],[-4,-87],[-101,9],[-41,-64],[25,-83],[14,-123],[-55,-21],[-93,-94],[-70,-165],[-16,-161],[-142,-238],[3,-142],[45,-40],[14,-157],[105,-13],[2,32],[5,4],[-5,13],[-2,21],[4,25],[32,45],[107,40],[107,19],[2,-91],[66,-34],[3,-130],[-43,-2],[-51,-76],[-15,-4],[-12,-4],[-25,-11],[-155,-199],[-66,-22],[-30,22],[-49,0],[-107,-87],[-53,-60],[-46,2],[-9,-4],[-8,-6],[-7,-7],[-128,-193],[-48,-72],[-100,-32],[-38,25],[-16,0],[-165,-84],[-52,-64],[-107,38],[-88,55],[20,176],[45,117],[1,91],[-37,124],[-54,-15],[-46,97],[175,66],[-27,51],[-14,15],[-20,11],[-12,19],[-9,-5],[-34,7],[-91,148],[-2,109],[-71,114],[9,-216],[-7,-7],[0,-15],[-27,-2],[-7,30],[-6,267],[38,-25],[55,38],[59,89],[71,-32],[61,79],[48,-6],[82,53],[-12,133],[-59,-15],[-31,73],[4,44],[48,-2],[0,-42],[14,-5],[8,3],[9,0],[0,-9],[10,-8]],[[7528,5880],[23,-118],[70,-90],[34,-84],[-61,-1],[-112,68],[-41,-33],[-46,17],[-9,8],[-15,-8],[-14,4],[-14,-2],[-25,97],[48,83],[68,6],[14,39],[48,-7],[32,11],[0,10]],[[7630,5511],[23,-15],[-5,-38],[-31,13],[13,40]],[[8158,4457],[12,-1],[13,-12],[0,-11],[-13,2],[-1,5],[-4,0],[-2,4],[-5,2],[-2,2],[-2,0],[4,9]],[[6182,2440],[-130,13],[28,66],[152,91],[55,-76],[12,-58],[-30,-25],[-64,60],[-23,-71]],[[4539,834],[11,-8],[32,8],[37,-25],[25,-43],[-66,-21],[-80,13],[41,76]],[[7266,3011],[34,-100],[21,-97],[-5,-17],[13,-15],[-16,2],[-6,-6],[0,-6],[-2,-3],[0,-4],[-42,2],[-40,-19],[-16,-25],[-84,-2],[-8,120],[21,34],[12,53],[4,0],[5,1],[4,8],[21,15],[4,4],[21,-6],[11,4],[12,8],[6,11],[0,7],[23,18],[7,13]],[[7082,2816],[31,-32],[5,-64],[36,-48],[-122,-115],[-87,17],[-46,49],[25,53],[-25,49],[100,8],[99,58],[-16,25]],[[6977,2468],[120,-62],[-7,-38],[-113,-42],[0,142]],[[6909,1819],[31,-41],[-13,-97],[-51,-62],[-56,57],[25,28],[9,9],[5,16],[-7,90],[57,0]],[[7362,3164],[29,-28],[-43,-154],[-43,12],[-25,96],[82,74]],[[6747,2411],[43,-75],[-89,26],[46,49]],[[7305,2224],[20,-19],[-20,-32],[-37,30],[37,21]],[[6824,2496],[-34,-9],[-41,4],[-61,0],[2,3],[41,2],[61,-2],[32,2]],[[7193,2109],[5,0],[0,-12],[13,-7],[2,-27],[-13,6],[-9,36],[2,4]],[[6624,940],[-2,-23],[-178,-151],[11,83],[132,57],[37,34]],[[5525,554],[-14,-51],[-36,17],[9,13],[6,15],[35,6]],[[10082,6532],[4,-4],[18,0],[0,-22],[-34,20],[2,6],[10,0]],[[8194,5778],[17,-14],[2,-39],[-39,30],[20,23]],[[7500,6209],[85,-42],[2,-70],[-44,-83],[-63,23],[-48,107],[68,65]],[[6271,5621],[66,-48],[-30,-81],[-95,-19],[-36,93],[95,55]],[[5852,5594],[44,-38],[-26,-32],[-38,44],[20,26]],[[6043,4079],[5,-4],[-4,-17],[-7,-5],[-12,5],[7,6],[11,15]],[[5791,6449],[89,-63],[81,-81],[23,-70],[-29,-70],[-146,-40],[-146,36],[-250,-11],[-68,34],[-35,106],[44,119],[48,25],[134,-36],[125,-4],[130,55]],[[2103,1471],[76,-41],[47,-66],[14,-129],[-37,-121],[-73,-63],[-6,-79],[29,-178],[-152,-24],[2,55],[27,70],[-54,39],[-19,108],[69,36],[-25,42],[5,111],[24,87],[53,57],[-16,87],[36,9]],[[2886,1452],[19,-62],[-10,-6],[-2,-9],[-13,-17],[-5,-17],[-9,0],[-7,-8],[-14,-34],[-7,-55],[-54,8],[39,87],[16,55],[47,58]],[[2199,1572],[11,-33],[12,-20],[11,-12],[-39,-19],[-18,34],[23,50]],[[3715,1851],[-2,-17],[-69,16],[-23,-16],[-11,25],[43,6],[62,-14]],[[2479,1764],[34,-73],[-25,-2],[-25,64],[16,11]],[[2003,694],[5,-36],[-39,-9],[16,37],[18,8]],[[3911,1789],[-23,-6],[-5,25],[19,15],[9,-34]],[[2875,1547],[5,-70],[-21,26],[-4,29],[20,15]],[[2923,1625],[4,-4],[3,2],[6,-8],[-2,-4],[3,-5],[-3,-14],[-27,-13],[0,15],[-2,6],[6,17],[12,8]],[[2256,1212],[18,0],[18,-7],[0,-10],[-6,-5],[-12,-8],[-14,6],[-4,24]],[[3968,1827],[-5,-10],[-16,-7],[-20,-6],[-7,13],[2,4],[14,6],[25,6],[7,-6]],[[1967,868],[-7,-9],[0,-21],[-14,-15],[-7,11],[3,26],[9,6],[16,2]],[[1718,1719],[8,-43],[25,-21],[27,11],[55,-21],[18,0],[50,-41],[-89,-82],[-12,80],[-75,-25],[26,-96],[-89,-76],[-96,72],[-71,4],[-4,60],[36,-5],[32,3],[44,84],[22,-10],[14,-28],[14,-4],[40,26],[-8,61],[33,51]],[[1479,1326],[101,-167],[-50,-9],[-66,-42],[-23,59],[-69,15],[21,95],[86,49]],[[1118,1048],[43,-91],[-9,-106],[-41,19],[-25,112],[32,66]],[[1222,1437],[2,-70],[-54,-72],[-18,17],[-9,8],[-2,4],[-3,0],[14,96],[70,17]],[[1546,1093],[45,-83],[-68,-28],[-5,18],[-27,50],[55,43]],[[1578,972],[31,-77],[-75,-4],[44,81]],[[1712,1367],[14,-68],[49,-39],[-61,-42],[-9,100],[7,49]],[[1509,1411],[32,-13],[-13,-25],[-16,8],[-14,22],[11,8]],[[1598,1341],[-7,-2],[-5,4],[1,34],[13,13],[2,-9],[0,-34],[-4,-6]],[[1919,1481],[7,-12],[-5,-11],[-16,10],[-6,7],[20,6]],[[1072,5118],[73,-21],[66,-133],[-55,-87],[-56,25],[-217,-38],[27,95],[42,68],[120,91]],[[382,2980],[35,-20],[-39,-80],[27,-83],[85,-42],[-110,-66],[-79,135],[81,156]],[[30,3037],[2,-43],[-25,-14],[-7,55],[30,2]],[[7534,9898],[-161,-193],[-36,-105],[17,-23],[-61,-167],[-64,-39],[-89,0],[-65,-51],[-10,-48],[26,-45],[-176,-61],[-27,-35],[-11,-101],[-66,87],[6,76],[103,112],[45,113],[71,49],[82,125],[143,113],[68,139],[105,11],[100,43]],[[6744,8989],[25,-19],[-54,-95],[-66,59],[95,55]],[[6854,8550],[145,-96],[14,-104],[-57,-108],[14,-101],[-105,-17],[-73,19],[-72,51],[6,118],[-82,55],[62,107],[127,48],[21,28]],[[6728,8034],[69,-104],[-71,22],[2,82]],[[6936,8767],[59,-22],[-53,-23],[-6,45]]],"transform":{"scale":[0.00012218875718656463,0.0001030098081331819],"translate":[127.10020944191241,26.074926666732434]},"objects":{"ja_municipality_area_simplified_1741":{"type":"GeometryCollection","geometries":[{"arcs":[[[0]],[[1]],[[2]],[[3]],[[4]],[[5]],[[6]],[[7]],[[8]],[[9]],[[10]],[[11]],[[12]],[[13]],[[14]],[[15]],[[16]],[[17]],[[18]],[[19]],[[20]],[[21]],[[22]],[[23]],[[24]],[[25]],[[26]],[[27]],[[28]],[[29]],[[30]],[[31]],[[32]],[[33]],[[34]],[[35]],[[36]],[[37]],[[38]],[[39]],[[40]],[[41]],[[42]],[[43]],[[44]],[[45]],[[46]],[[47]],[[48]],[[49]],[[50]],[[51]],[[52]],[[53]],[[54]],[[55]],[[56]],[[57]],[[58]]],"type":"MultiPolygon","properties":{"prefecture_code":"01","prefecture_name":"北海道"},"id":"01"},{"arcs":[[[59,60,61,62]],[[63]],[[64]],[[65]],[[66]],[[67]],[[68]]],"type":"MultiPolygon","properties":{"prefecture_code":"02","prefecture_name":"青森県"},"id":"02"},{"arcs":[[[-61,69,70,71]],[[72]],[[73]],[[74]],[[75]],[[76]]],"type":"MultiPolygon","properties":{"prefecture_code":"03","prefecture_name":"岩手県"},"id":"03"},{"arcs":[[[-71,77,78,79,80]],[[81]],[[82]],[[83]],[[84]],[[85]],[[86]],[[87]],[[88]],[[89]],[[90]],[[91]],[[92]],[[93]],[[94]],[[95]],[[96]],[[97]],[[98]],[[99]],[[100]],[[101]],[[102]],[[103]],[[104]],[[105]],[[106]],[[107]],[[108]],[[109]],[[110]],[[111]],[[112]],[[113]]],"type":"MultiPolygon","properties":{"prefecture_code":"04","prefecture_name":"宮城県"},"id":"04"},{"arcs":[[[-62,-72,-81,114,115]],[[116]],[[117]],[[118]]],"type":"MultiPolygon","properties":{"prefecture_code":"05","prefecture_name":"秋田県"},"id":"05"},{"arcs":[[[-80,119,120,121,122,123,124,-115]],[[125]],[[126]],[[127]],[[128]]],"type":"MultiPolygon","properties":{"prefecture_code":"06","prefecture_name":"山形県"},"id":"06"},{"arcs":[[[-79,129,130,131,132,133,-120]],[[-122,134]],[[-123,135]],[[136]],[[137]]],"type":"MultiPolygon","properties":{"prefecture_code":"07","prefecture_name":"福島県"},"id":"07"},{"arcs":[[[-131,138,139,140,141]],[[142]]],"type":"MultiPolygon","properties":{"prefecture_code":"08","prefecture_name":"茨城県"},"id":"08"},{"arcs":[[-132,-142,143,144]],"type":"Polygon","properties":{"prefecture_code":"09","prefecture_name":"栃木県"},"id":"09"},{"arcs":[[-133,-145,145,146,147],[148]],"type":"Polygon","properties":{"prefecture_code":"10","prefecture_name":"群馬県"},"id":"10"},{"arcs":[[[-141,149,150,151,152,-146,-144]],[[-149]]],"type":"MultiPolygon","properties":{"prefecture_code":"11","prefecture_name":"埼玉県"},"id":"11"},{"arcs":[[[-140,153,154,-150]],[[155]],[[156]],[[157]],[[158]],[[159]],[[160]]],"type":"MultiPolygon","properties":{"prefecture_code":"12","prefecture_name":"千葉県"},"id":"12"},{"arcs":[[[-151,-155,161,162,163],[178]],[[164]],[[165]],[[166]],[[167]],[[168]],[[169]],[[170]],[[171]],[[172]],[[173]],[[174]],[[175]],[[176]],[[177]]],"type":"MultiPolygon","properties":{"prefecture_code":"13","prefecture_name":"東京都"},"id":"13"},{"arcs":[[[-163,179,180,181],[-178]],[[182]],[[183]],[[184]],[[185]],[[186]],[[187]],[[188]],[[189]],[[-179]],[[190]],[[191]],[[192]],[[193]],[[194]]],"type":"MultiPolygon","properties":{"prefecture_code":"14","prefecture_name":"神奈川県"},"id":"14"},{"arcs":[[[-134,-148,195,196,197,-124,-136,-135,-121]],[[198]],[[199]],[[200]],[[201]],[[202]],[[203]]],"type":"MultiPolygon","properties":{"prefecture_code":"15","prefecture_name":"新潟県"},"id":"15"},{"arcs":[[[-197,204,205,206,207,208]],[[209]]],"type":"MultiPolygon","properties":{"prefecture_code":"16","prefecture_name":"富山県"},"id":"16"},{"arcs":[[[-207,210,211,212]],[[213]],[[214]],[[215]],[[216]],[[217]],[[218]]],"type":"MultiPolygon","properties":{"prefecture_code":"17","prefecture_name":"石川県"},"id":"17"},{"arcs":[[[-212,219,220,221,222]],[[223]],[[224,225]],[[226]],[[227]]],"type":"MultiPolygon","properties":{"prefecture_code":"18","prefecture_name":"福井県"},"id":"18"},{"arcs":[[-152,-164,-182,228,229]],"type":"Polygon","properties":{"prefecture_code":"19","prefecture_name":"山梨県"},"id":"19"},{"arcs":[[-147,-153,-230,230,231,232,-205,-196]],"type":"Polygon","properties":{"prefecture_code":"20","prefecture_name":"長野県"},"id":"20"},{"arcs":[[-206,-233,233,234,235,-220,-211]],"type":"Polygon","properties":{"prefecture_code":"21","prefecture_name":"岐阜県"},"id":"21"},{"arcs":[[[-181,236,237,-231,-229]],[[238]],[[239]],[[240]],[[241]],[[242]],[[243]],[[244]],[[245]]],"type":"MultiPolygon","properties":{"prefecture_code":"22","prefecture_name":"静岡県"},"id":"22"},{"arcs":[[[-232,-238,246,247,-234]],[[248]],[[249]],[[250]],[[251]],[[252]],[[253]],[[254]],[[255]],[[256]],[[257]],[[258]],[[259]],[[260]],[[261]],[[262]],[[263]],[[264]],[[265]],[[266]],[[267]]],"type":"MultiPolygon","properties":{"prefecture_code":"23","prefecture_name":"愛知県"},"id":"23"},{"arcs":[[[-235,-248,268,269,270,271,272,273,274,275,276]],[[277]],[[278]],[[279]],[[280]],[[281]],[[282]],[[283]],[[284]],[[285]],[[286]],[[287]],[[288]],[[289]],[[290]],[[291]],[[292]],[[293]],[[294]],[[295]],[[296]],[[297]],[[298]],[[299]],[[300]],[[301]],[[302]],[[303]],[[304]],[[305]],[[306]],[[307]],[[308]],[[309]],[[310]],[[311]],[[312]],[[313]],[[314]],[[315]]],"type":"MultiPolygon","properties":{"prefecture_code":"24","prefecture_name":"三重県"},"id":"24"},{"arcs":[[-221,-236,-277,316]],"type":"Polygon","properties":{"prefecture_code":"25","prefecture_name":"滋賀県"},"id":"25"},{"arcs":[[[-222,-317,-276,317,318,319,320]],[[321]],[[322]],[[323]],[[324]],[[325]],[[326]],[[327]],[[-225,328]],[[329]]],"type":"MultiPolygon","properties":{"prefecture_code":"26","prefecture_name":"京都府"},"id":"26"},{"arcs":[[[-319,330,331,332,333]],[[334]],[[335]],[[336]],[[337]],[[338]],[[339]],[[340]],[[341]],[[342]],[[343]]],"type":"MultiPolygon","properties":{"prefecture_code":"27","prefecture_name":"大阪府"},"id":"27"},{"arcs":[[[-320,-334,344,345,346,347]],[[348]],[[349]],[[350]],[[351]],[[352]],[[353]],[[354]],[[355]],[[356]],[[357]],[[358]],[[359]],[[360]],[[361]],[[362]],[[363]],[[364]],[[365]],[[366]],[[367]],[[368]],[[369]],[[370]],[[371]],[[372]],[[373,374]],[[375]],[[376]],[[377]],[[378]],[[379]],[[380]],[[381,382]],[[383]],[[384]],[[385]],[[386]],[[387]]],"type":"MultiPolygon","properties":{"prefecture_code":"28","prefecture_name":"兵庫県"},"id":"28"},{"arcs":[[-271,388,-331,-318,-275,389,-273,390]],"type":"Polygon","properties":{"prefecture_code":"29","prefecture_name":"奈良県"},"id":"29"},{"arcs":[[[-270,391,-332,-389]],[[392]],[[393]],[[394]],[[395]],[[396]],[[397]],[[398]],[[399]],[[400]],[[-272,-391]],[[401]],[[402]],[[403]],[[404]],[[405]],[[406]],[[407]],[[408]],[[409]],[[410]],[[-274,-390]],[[411]],[[412]]],"type":"MultiPolygon","properties":{"prefecture_code":"30","prefecture_name":"和歌山県"},"id":"30"},{"arcs":[[[-347,413,414,415,416]],[[417]]],"type":"MultiPolygon","properties":{"prefecture_code":"31","prefecture_name":"鳥取県"},"id":"31"},{"arcs":[[[-416,418,419,420]],[[421]],[[422]],[[423]],[[424]],[[425]],[[426]],[[427]],[[428]]],"type":"MultiPolygon","properties":{"prefecture_code":"32","prefecture_name":"島根県"},"id":"32"},{"arcs":[[[-346,429,430,-414]],[[431]],[[432]],[[433]],[[434]],[[435]],[[436]],[[437]],[[438]],[[439]],[[440]],[[441]],[[442]],[[443,444]],[[445,446]],[[447]],[[448]],[[449]],[[450]],[[451]],[[452]],[[453]],[[454]],[[455]],[[456]],[[457]],[[458]],[[459]],[[460]],[[461]],[[462]],[[463]],[[464]],[[465]],[[466]],[[-382,467]],[[468]],[[469]],[[470]],[[471]],[[472]],[[473]],[[474]]],"type":"MultiPolygon","properties":{"prefecture_code":"33","prefecture_name":"岡山県"},"id":"33"},{"arcs":[[[-415,-431,475,476,-419]],[[477]],[[478]],[[479]],[[480]],[[481]],[[482]],[[483]],[[484]],[[485]],[[486]],[[487]],[[488]],[[489]],[[490]],[[491]],[[492]],[[493]],[[494]],[[495]],[[496]],[[497]],[[498]],[[499]],[[500]],[[501]],[[502]],[[503]],[[504]],[[505]],[[506]],[[507]],[[508]],[[509]],[[510]],[[511]],[[512]],[[513]],[[514]],[[515]],[[516]],[[517]],[[518]],[[519]],[[520]],[[521,522]],[[523]],[[524]],[[525]],[[526]],[[527]],[[528]],[[529]],[[530]],[[531,532]],[[533]],[[534]],[[535]],[[536]],[[537]],[[538]],[[539]],[[540]],[[541]],[[542]],[[543]],[[544]],[[545]],[[546]],[[547]],[[548]],[[549]],[[550]],[[551]],[[552]],[[553]],[[554]],[[555]],[[556]],[[557]]],"type":"MultiPolygon","properties":{"prefecture_code":"34","prefecture_name":"広島県"},"id":"34"},{"arcs":[[[-420,-477,558]],[[559]],[[560]],[[561]],[[562]],[[563]],[[564]],[[565]],[[566]],[[567]],[[568]],[[569]],[[570]],[[571]],[[572]],[[573]],[[574]],[[575]],[[576]],[[577]],[[578]],[[579]],[[580]],[[581]],[[582]],[[583]],[[584]],[[585]],[[586]],[[587]],[[588]],[[589]],[[-532,590]],[[591]],[[592]],[[593]],[[594]],[[595]],[[596]],[[597]],[[598]],[[599]],[[600]],[[601]],[[602]],[[603]],[[604]],[[605]],[[606]],[[607]],[[608]],[[609]],[[610]],[[611]],[[612]],[[613]],[[614]],[[615]],[[616]],[[617]],[[618]],[[619]],[[620]],[[621]],[[622]],[[623]],[[624]],[[625]],[[626]],[[627]],[[628]],[[629]],[[630]],[[631]],[[632]],[[633]],[[634]],[[635]],[[636]],[[637]],[[638]],[[639]],[[640]],[[641]],[[642]],[[643]]],"type":"MultiPolygon","properties":{"prefecture_code":"35","prefecture_name":"山口県"},"id":"35"},{"arcs":[[[644,645,646,647,648]],[[649]],[[650]],[[651]],[[652]],[[653]],[[654]],[[655]],[[656]],[[657]],[[658]],[[659]],[[660]],[[661]],[[662]],[[663]],[[664]],[[665,666]]],"type":"MultiPolygon","properties":{"prefecture_code":"36","prefecture_name":"徳島県"},"id":"36"},{"arcs":[[[-648,667,668]],[[669]],[[670]],[[671]],[[672]],[[673]],[[674]],[[675]],[[-446,676]],[[677]],[[678]],[[679]],[[680]],[[681]],[[682]],[[683]],[[684]],[[685]],[[686]],[[687]],[[688]],[[689]],[[690]],[[691]],[[692]],[[693]],[[694]],[[695]],[[696]],[[697]],[[698]],[[699]],[[700]],[[701]],[[702]],[[703]],[[704]],[[705]],[[706]],[[707]],[[708]],[[709]],[[710]],[[-444,711]],[[712]],[[713]],[[714]],[[715]],[[716]],[[717]],[[718]],[[719]],[[720]],[[721]],[[722]],[[723]],[[724]],[[725]],[[726]]],"type":"MultiPolygon","properties":{"prefecture_code":"37","prefecture_name":"香川県"},"id":"37"},{"arcs":[[[-647,727,728,729,-668]],[[730]],[[731]],[[732]],[[733]],[[734]],[[735]],[[736]],[[737]],[[738]],[[739]],[[740]],[[741]],[[742]],[[743]],[[744]],[[745]],[[746]],[[747]],[[748]],[[749]],[[750]],[[751]],[[752]],[[753]],[[754]],[[755]],[[756]],[[757]],[[758]],[[759]],[[760]],[[761]],[[762]],[[763]],[[764]],[[765]],[[766]],[[767]],[[768]],[[769]],[[770]],[[771]],[[772]],[[773]],[[774]],[[-522,775]],[[776]],[[777]],[[778]],[[779]],[[780]],[[781]],[[782]],[[783]],[[784]],[[785]],[[786]],[[787]],[[788]],[[789]],[[790]],[[791]],[[792]],[[793]],[[794]],[[795]],[[796]],[[797]],[[798]],[[799]],[[800]],[[801]],[[802]],[[803]],[[804]],[[805]],[[806]],[[807]],[[808]],[[809]],[[810]],[[811]],[[812]],[[813]],[[814]],[[815]],[[816]],[[817]]],"type":"MultiPolygon","properties":{"prefecture_code":"38","prefecture_name":"愛媛県"},"id":"38"},{"arcs":[[[-646,818,-728]],[[819]],[[820]],[[821]],[[822]],[[823]],[[824]],[[825]],[[826]],[[827]],[[828]],[[829]],[[830]],[[831]],[[-666,832]],[[833]],[[834]],[[835]]],"type":"MultiPolygon","properties":{"prefecture_code":"39","prefecture_name":"高知県"},"id":"39"},{"arcs":[[[836,837,838,839,840,841]],[[842]],[[843]],[[844]],[[845]],[[846]],[[847]],[[848]],[[849]],[[850]],[[851]],[[852]],[[853]],[[854]],[[855]],[[856]],[[857]],[[858]],[[859]],[[860]]],"type":"MultiPolygon","properties":{"prefecture_code":"40","prefecture_name":"福岡県"},"id":"40"},{"arcs":[[[-841,861,862,863]],[[864]],[[865]],[[866]],[[867]],[[868]],[[869]],[[870]],[[871]],[[872]],[[873]],[[874]],[[875]],[[876]]],"type":"MultiPolygon","properties":{"prefecture_code":"41","prefecture_name":"佐賀県"},"id":"41"},{"arcs":[[[-863,877]],[[878]],[[879]],[[880]],[[881]],[[882]],[[883]],[[884]],[[885]],[[886]],[[887]],[[888]],[[889]],[[890]],[[891]],[[892]],[[893]],[[894]],[[895]],[[896]],[[897]],[[898]],[[899]],[[900]],[[901]],[[902]],[[903]],[[904]],[[905]],[[906]],[[907]],[[908]],[[909]],[[910]],[[911]],[[912]],[[913]],[[914]],[[915]],[[916]],[[917]],[[918]],[[919]],[[920]],[[921]],[[922]],[[923]],[[924]],[[925]],[[926]],[[927]],[[928]],[[929]],[[930]],[[931]],[[932]],[[933]],[[934]],[[935]],[[936]],[[937]],[[938]],[[939]],[[940]],[[941]],[[942]],[[943]],[[944]],[[945]],[[946]],[[947]],[[948]],[[949]],[[950]],[[951]],[[952]],[[953]],[[954]],[[955]],[[956]],[[957]],[[958]],[[959]],[[960]],[[961]],[[962]],[[963]],[[964]],[[965]],[[966]],[[967]],[[968]],[[969]],[[970,971]],[[972]],[[973]],[[974]],[[975]],[[976]],[[977]],[[978,979]],[[980]],[[981]],[[982]],[[983]],[[984]],[[985]],[[986]]],"type":"MultiPolygon","properties":{"prefecture_code":"42","prefecture_name":"長崎県"},"id":"42"},{"arcs":[[[-839,987,988,989,990]],[[991]],[[992]],[[993]],[[994]],[[995]],[[996]],[[997]],[[998]],[[999]],[[1000]],[[1001]],[[1002]],[[1003]],[[1004]],[[1005]],[[1006]],[[1007]],[[1008]],[[1009]],[[1010]],[[1011]],[[1012]],[[1013]],[[1014]],[[1015]],[[1016]],[[1017]],[[1018]],[[1019]],[[1020]],[[1021]],[[1022]],[[1023]],[[1024]],[[1025]],[[1026]],[[1027]],[[1028]],[[1029]],[[1030]],[[1031]],[[1032]],[[1033]],[[1034]],[[1035]],[[1036]],[[1037]],[[1038]],[[1039]],[[1040]],[[1041]],[[1042]],[[1043]]],"type":"MultiPolygon","properties":{"prefecture_code":"43","prefecture_name":"熊本県"},"id":"43"},{"arcs":[[[-838,1044,1045,-988]],[[1046]],[[1047]],[[1048]],[[1049]],[[1050]],[[1051]],[[1052]],[[1053]],[[1054]],[[1055]],[[1056]],[[1057]],[[1058]],[[1059]],[[1060]],[[1061]],[[1062]],[[1063]]],"type":"MultiPolygon","properties":{"prefecture_code":"44","prefecture_name":"大分県"},"id":"44"},{"arcs":[[[-989,-1046,1064,1065]],[[1066]],[[1067]],[[1068]],[[1069]],[[1070]],[[1071]],[[1072]],[[1073]],[[1074]],[[1075]],[[1076]],[[1077]],[[1078]]],"type":"MultiPolygon","properties":{"prefecture_code":"45","prefecture_name":"宮崎県"},"id":"45"},{"arcs":[[[-990,-1066,1079]],[[1080]],[[1081]],[[1082]],[[1083]],[[1084]],[[1085]],[[1086]],[[1087]],[[1088]],[[1089]],[[1090]],[[1091]],[[1092]],[[1093]],[[1094]],[[1095]],[[1096]],[[1097]],[[1098]],[[1099]],[[1100]],[[1101]],[[1102]],[[1103]],[[1104]],[[1105]],[[1106]],[[1107]],[[1108]],[[1109]],[[1110]],[[1111]],[[1112]],[[1113]],[[1114]],[[1115]],[[1116]],[[1117]]],"type":"MultiPolygon","properties":{"prefecture_code":"46","prefecture_name":"鹿児島県"},"id":"46"},{"arcs":[[[1118]],[[1119]],[[1120]],[[1121]],[[1122]],[[1123]],[[1124]],[[1125]],[[1126]],[[1127]],[[1128]],[[1129]],[[1130]],[[1131]],[[1132]],[[1133]],[[1134]],[[1135]],[[1136]],[[1137]],[[1138]],[[1139]],[[1140]],[[1141]],[[1142]],[[1143]],[[1144]],[[1145]],[[1146]],[[1147]],[[1148]],[[1149]],[[1150]],[[1151]],[[1152]],[[1153]],[[1154]],[[1155]],[[1156]],[[1157]],[[1158]],[[1159]],[[1160]],[[1161]],[[1162]],[[1163]],[[1164]],[[1165]],[[1166]],[[1167]],[[1168]],[[1169]],[[1170]],[[1171]]],"type":"MultiPolygon","properties":{"prefecture_code":"47","prefecture_name":"沖縄県"},"id":"47"}]}}}